ISO-10303-21;
HEADER;
/* Generated by software containing ST-Developer
 * from STEP Tools, Inc. (www.steptools.com) 
 */

FILE_DESCRIPTION(
/* description */ (''),
/* implementation_level */ '2;1');

FILE_NAME(
/* name */ '2S1P.step',
/* time_stamp */ '2026-04-05T22:10:09-04:00',
/* author */ (''),
/* organization */ (''),
/* preprocessor_version */ 'ST-DEVELOPER v20.1',
/* originating_system */ 'Autodesk Translation Framework v14.24.0.0',
/* authorisation */ '');

FILE_SCHEMA (('AUTOMOTIVE_DESIGN { 1 0 10303 214 3 1 1 }'));
ENDSEC;

DATA;
#10=MECHANICAL_DESIGN_GEOMETRIC_PRESENTATION_REPRESENTATION('',(#13),#7790);
#11=SHAPE_REPRESENTATION_RELATIONSHIP('SRR','None',#7797,#12);
#12=ADVANCED_BREP_SHAPE_REPRESENTATION('',(#14),#7789);
#13=STYLED_ITEM('',(#7806),#14);
#14=MANIFOLD_SOLID_BREP('18650 battery holder 2S1P',#4192);
#15=FACE_BOUND('',#581,.T.);
#16=FACE_BOUND('',#584,.T.);
#17=FACE_BOUND('',#627,.T.);
#18=FACE_BOUND('',#628,.T.);
#19=FACE_BOUND('',#633,.T.);
#20=FACE_BOUND('',#634,.T.);
#21=B_SPLINE_SURFACE_WITH_KNOTS('',3,3,((#6365,#6366,#6367,#6368),(#6369,
#6370,#6371,#6372),(#6373,#6374,#6375,#6376),(#6377,#6378,#6379,#6380),
(#6381,#6382,#6383,#6384)),.UNSPECIFIED.,.F.,.F.,.F.,(4,1,4),(4,4),(0.,
0.5,1.),(-3.33500134082287,-1.61499883414081),.UNSPECIFIED.);
#22=B_SPLINE_SURFACE_WITH_KNOTS('',3,3,((#6402,#6403,#6404,#6405),(#6406,
#6407,#6408,#6409),(#6410,#6411,#6412,#6413),(#6414,#6415,#6416,#6417),
(#6418,#6419,#6420,#6421)),.UNSPECIFIED.,.F.,.F.,.F.,(4,1,4),(4,4),(0.,
0.5,1.),(-3.35000118086825,-1.60000096193665),.UNSPECIFIED.);
#23=B_SPLINE_SURFACE_WITH_KNOTS('',3,1,((#6682,#6683),(#6684,#6685),(#6686,
#6687),(#6688,#6689),(#6690,#6691),(#6692,#6693),(#6694,#6695),(#6696,#6697)),
 .UNSPECIFIED.,.F.,.F.,.F.,(4,2,2,4),(2,2),(-0.110828867652362,-0.0749466574956565,
-0.0390644473389285,0.),(0.,0.149999968751953),.UNSPECIFIED.);
#24=B_SPLINE_SURFACE_WITH_KNOTS('',3,1,((#6724,#6725),(#6726,#6727),(#6728,
#6729),(#6730,#6731),(#6732,#6733),(#6734,#6735),(#6736,#6737),(#6738,#6739)),
 .UNSPECIFIED.,.F.,.F.,.F.,(4,2,2,4),(2,2),(-0.11076842830563,-0.0749164378157861,
-0.03906444732595,0.),(0.,0.149999968751953),.UNSPECIFIED.);
#25=B_SPLINE_SURFACE_WITH_KNOTS('',3,3,((#6752,#6753,#6754,#6755),(#6756,
#6757,#6758,#6759),(#6760,#6761,#6762,#6763),(#6764,#6765,#6766,#6767),
(#6768,#6769,#6770,#6771)),.UNSPECIFIED.,.F.,.F.,.F.,(4,1,4),(4,4),(0.,
0.5,1.),(1.61499872594975,3.33499872595492),.UNSPECIFIED.);
#26=B_SPLINE_SURFACE_WITH_KNOTS('',3,3,((#7033,#7034,#7035,#7036),(#7037,
#7038,#7039,#7040),(#7041,#7042,#7043,#7044),(#7045,#7046,#7047,#7048),
(#7049,#7050,#7051,#7052)),.UNSPECIFIED.,.F.,.F.,.F.,(4,1,4),(4,4),(0.,
0.5,1.),(1.59999880977136,3.35000131645351),.UNSPECIFIED.);
#27=B_SPLINE_SURFACE_WITH_KNOTS('',3,1,((#7067,#7068),(#7069,#7070),(#7071,
#7072),(#7073,#7074),(#7075,#7076),(#7077,#7078),(#7079,#7080),(#7081,#7082)),
 .UNSPECIFIED.,.F.,.F.,.F.,(4,2,2,4),(2,2),(-0.110769268220554,-0.0749168577733966,
-0.0390644473262161,0.),(0.,0.150000127684254),.UNSPECIFIED.);
#28=B_SPLINE_SURFACE_WITH_KNOTS('',3,1,((#7109,#7110),(#7111,#7112),(#7113,
#7114),(#7115,#7116),(#7117,#7118),(#7119,#7120),(#7121,#7122),(#7123,#7124)),
 .UNSPECIFIED.,.F.,.F.,.F.,(4,2,2,4),(2,2),(-0.110828027976234,-0.0749462376574435,
-0.0390644473386624,0.),(0.,0.150000127684254),.UNSPECIFIED.);
#29=B_SPLINE_SURFACE_WITH_KNOTS('',3,3,((#7147,#7148,#7149,#7150),(#7151,
#7152,#7153,#7154),(#7155,#7156,#7157,#7158),(#7159,#7160,#7161,#7162),
(#7163,#7164,#7165,#7166)),.UNSPECIFIED.,.F.,.F.,.F.,(4,1,4),(4,4),(0.,
0.5,1.),(-1.600001180863,-1.01179495382842),.UNSPECIFIED.);
#30=B_SPLINE_SURFACE_WITH_KNOTS('',3,3,((#7173,#7174,#7175,#7176),(#7177,
#7178,#7179,#7180),(#7181,#7182,#7183,#7184),(#7185,#7186,#7187,#7188),
(#7189,#7190,#7191,#7192)),.UNSPECIFIED.,.F.,.F.,.F.,(4,1,4),(4,4),(0.,
0.5,1.),(1.02679271784151,1.6149989448761),.UNSPECIFIED.);
#31=B_SPLINE_SURFACE_WITH_KNOTS('',3,3,((#7204,#7205,#7206,#7207,#7208),
(#7209,#7210,#7211,#7212,#7213),(#7214,#7215,#7216,#7217,#7218),(#7219,
#7220,#7221,#7222,#7223),(#7224,#7225,#7226,#7227,#7228)),.UNSPECIFIED.,
 .F.,.F.,.F.,(4,1,4),(4,1,4),(0.,0.5,1.),(1.25119624673745E-15,0.164157180887683,
0.287275066553444),.UNSPECIFIED.);
#32=B_SPLINE_SURFACE_WITH_KNOTS('',3,3,((#7242,#7243,#7244,#7245,#7246,
#7247,#7248,#7249,#7250,#7251,#7252,#7253,#7254,#7255,#7256,#7257,#7258,
#7259,#7260,#7261,#7262,#7263,#7264,#7265),(#7266,#7267,#7268,#7269,#7270,
#7271,#7272,#7273,#7274,#7275,#7276,#7277,#7278,#7279,#7280,#7281,#7282,
#7283,#7284,#7285,#7286,#7287,#7288,#7289),(#7290,#7291,#7292,#7293,#7294,
#7295,#7296,#7297,#7298,#7299,#7300,#7301,#7302,#7303,#7304,#7305,#7306,
#7307,#7308,#7309,#7310,#7311,#7312,#7313),(#7314,#7315,#7316,#7317,#7318,
#7319,#7320,#7321,#7322,#7323,#7324,#7325,#7326,#7327,#7328,#7329,#7330,
#7331,#7332,#7333,#7334,#7335,#7336,#7337),(#7338,#7339,#7340,#7341,#7342,
#7343,#7344,#7345,#7346,#7347,#7348,#7349,#7350,#7351,#7352,#7353,#7354,
#7355,#7356,#7357,#7358,#7359,#7360,#7361)),.UNSPECIFIED.,.F.,.F.,.F.,(4,
1,4),(4,1,1,1,1,1,1,1,1,1,1,1,1,1,1,1,1,1,1,1,1,4),(0.,0.5,1.),(0.,0.732173948149666,
0.915217435187083,0.960978306946437,1.00673917870579,1.0982609222245,1.18978266574321,
1.23554353750256,1.25842397338224,1.26986419132208,1.28130440926192,1.32706528102127,
1.37282615278062,1.46434789629933,1.51010876805869,1.55586963981804,1.64739138333675,
1.73891312685546,1.83043487037416,2.196521844449,2.37956533148641,2.56260881852383),
 .UNSPECIFIED.);
#33=B_SPLINE_SURFACE_WITH_KNOTS('',3,3,((#7413,#7414,#7415,#7416,#7417),
(#7418,#7419,#7420,#7421,#7422),(#7423,#7424,#7425,#7426,#7427),(#7428,
#7429,#7430,#7431,#7432),(#7433,#7434,#7435,#7436,#7437)),.UNSPECIFIED.,
 .F.,.F.,.F.,(4,1,4),(4,1,4),(0.,0.5,1.),(0.,0.164156614102619,0.287274074679583),
 .UNSPECIFIED.);
#34=B_SPLINE_SURFACE_WITH_KNOTS('',3,3,((#7451,#7452,#7453,#7454),(#7455,
#7456,#7457,#7458),(#7459,#7460,#7461,#7462),(#7463,#7464,#7465,#7466),
(#7467,#7468,#7469,#7470)),.UNSPECIFIED.,.F.,.F.,.F.,(4,1,4),(4,4),(0.,
0.5,1.),(-1.61499905306835,-1.02740891200568),.UNSPECIFIED.);
#35=B_SPLINE_SURFACE_WITH_KNOTS('',3,3,((#7481,#7482,#7483,#7484,#7485),
(#7486,#7487,#7488,#7489,#7490),(#7491,#7492,#7493,#7494,#7495),(#7496,
#7497,#7498,#7499,#7500),(#7501,#7502,#7503,#7504,#7505)),.UNSPECIFIED.,
 .F.,.F.,.F.,(4,1,4),(4,1,4),(0.,0.5,1.),(2.25299639617704E-16,0.123131401592841,
0.287306603716628),.UNSPECIFIED.);
#36=B_SPLINE_SURFACE_WITH_KNOTS('',3,3,((#7519,#7520,#7521,#7522,#7523,
#7524,#7525,#7526,#7527,#7528,#7529,#7530,#7531,#7532,#7533,#7534,#7535,
#7536,#7537,#7538,#7539,#7540,#7541),(#7542,#7543,#7544,#7545,#7546,#7547,
#7548,#7549,#7550,#7551,#7552,#7553,#7554,#7555,#7556,#7557,#7558,#7559,
#7560,#7561,#7562,#7563,#7564),(#7565,#7566,#7567,#7568,#7569,#7570,#7571,
#7572,#7573,#7574,#7575,#7576,#7577,#7578,#7579,#7580,#7581,#7582,#7583,
#7584,#7585,#7586,#7587),(#7588,#7589,#7590,#7591,#7592,#7593,#7594,#7595,
#7596,#7597,#7598,#7599,#7600,#7601,#7602,#7603,#7604,#7605,#7606,#7607,
#7608,#7609,#7610),(#7611,#7612,#7613,#7614,#7615,#7616,#7617,#7618,#7619,
#7620,#7621,#7622,#7623,#7624,#7625,#7626,#7627,#7628,#7629,#7630,#7631,
#7632,#7633)),.UNSPECIFIED.,.F.,.F.,.F.,(4,1,4),(4,1,1,1,1,1,1,1,1,1,1,
1,1,1,1,1,1,1,1,1,4),(0.,0.5,1.),(0.,0.368228239014654,0.736456478029308,
0.920570597536635,1.10468471704396,1.19674177679763,1.24277030667446,1.26578457161287,
1.28879883655129,1.33482736642812,1.38085589630495,1.47291295605862,1.51894148593545,
1.56497001581228,1.61099854568911,1.65702707556594,1.74908413531961,1.79511266519644,
1.84114119507327,2.0252553145806,2.57759767310258),.UNSPECIFIED.);
#37=B_SPLINE_SURFACE_WITH_KNOTS('',3,3,((#7683,#7684,#7685,#7686,#7687),
(#7688,#7689,#7690,#7691,#7692),(#7693,#7694,#7695,#7696,#7697),(#7698,
#7699,#7700,#7701,#7702),(#7703,#7704,#7705,#7706,#7707)),.UNSPECIFIED.,
 .F.,.F.,.F.,(4,1,4),(4,1,4),(0.,0.5,1.),(0.,0.123130978288369,0.287305616006193),
 .UNSPECIFIED.);
#38=B_SPLINE_SURFACE_WITH_KNOTS('',3,3,((#7767,#7768,#7769,#7770),(#7771,
#7772,#7773,#7774),(#7775,#7776,#7777,#7778),(#7779,#7780,#7781,#7782),
(#7783,#7784,#7785,#7786)),.UNSPECIFIED.,.F.,.F.,.F.,(4,1,4),(4,4),(0.,
0.5,1.),(1.01240888763622,1.59999902869867),.UNSPECIFIED.);
#39=(
BOUNDED_CURVE()
B_SPLINE_CURVE(2,(#6071,#6072,#6073),.UNSPECIFIED.,.F.,.F.)
B_SPLINE_CURVE_WITH_KNOTS((3,3),(0.146940053699795,0.600000922992413),
 .UNSPECIFIED.)
CURVE()
GEOMETRIC_REPRESENTATION_ITEM()
RATIONAL_B_SPLINE_CURVE((0.999999975061449,0.999999949084156,1.))
REPRESENTATION_ITEM('')
);
#40=PLANE('',#4224);
#41=PLANE('',#4233);
#42=PLANE('',#4239);
#43=PLANE('',#4244);
#44=PLANE('',#4263);
#45=PLANE('',#4268);
#46=PLANE('',#4276);
#47=PLANE('',#4282);
#48=PLANE('',#4286);
#49=PLANE('',#4288);
#50=PLANE('',#4289);
#51=PLANE('',#4295);
#52=PLANE('',#4296);
#53=PLANE('',#4314);
#54=PLANE('',#4334);
#55=PLANE('',#4349);
#56=PLANE('',#4356);
#57=PLANE('',#4361);
#58=PLANE('',#4364);
#59=PLANE('',#4372);
#60=PLANE('',#4375);
#61=PLANE('',#4376);
#62=PLANE('',#4379);
#63=PLANE('',#4380);
#64=PLANE('',#4383);
#65=PLANE('',#4386);
#66=PLANE('',#4389);
#67=PLANE('',#4390);
#68=PLANE('',#4391);
#69=PLANE('',#4393);
#70=PLANE('',#4394);
#71=PLANE('',#4395);
#72=PLANE('',#4397);
#73=PLANE('',#4398);
#74=PLANE('',#4399);
#75=PLANE('',#4400);
#76=PLANE('',#4401);
#77=PLANE('',#4402);
#78=PLANE('',#4403);
#79=PLANE('',#4404);
#80=PLANE('',#4406);
#81=PLANE('',#4407);
#82=PLANE('',#4409);
#83=PLANE('',#4410);
#84=PLANE('',#4411);
#85=PLANE('',#4412);
#86=PLANE('',#4413);
#87=PLANE('',#4414);
#88=PLANE('',#4415);
#89=PLANE('',#4416);
#90=PLANE('',#4417);
#91=PLANE('',#4418);
#92=PLANE('',#4420);
#93=PLANE('',#4421);
#94=PLANE('',#4423);
#95=PLANE('',#4424);
#96=PLANE('',#4425);
#97=PLANE('',#4427);
#98=PLANE('',#4428);
#99=PLANE('',#4430);
#100=PLANE('',#4431);
#101=PLANE('',#4433);
#102=PLANE('',#4434);
#103=PLANE('',#4435);
#104=PLANE('',#4440);
#105=PLANE('',#4441);
#106=PLANE('',#4444);
#107=PLANE('',#4446);
#108=PLANE('',#4447);
#109=PLANE('',#4449);
#110=PLANE('',#4450);
#111=PLANE('',#4451);
#112=PLANE('',#4452);
#113=PLANE('',#4453);
#114=PLANE('',#4454);
#115=PLANE('',#4455);
#116=PLANE('',#4456);
#117=PLANE('',#4457);
#118=PLANE('',#4458);
#119=PLANE('',#4459);
#120=PLANE('',#4460);
#121=PLANE('',#4461);
#122=PLANE('',#4462);
#123=PLANE('',#4463);
#124=PLANE('',#4464);
#125=PLANE('',#4465);
#126=PLANE('',#4467);
#127=PLANE('',#4468);
#128=PLANE('',#4470);
#129=PLANE('',#4471);
#130=PLANE('',#4472);
#131=PLANE('',#4474);
#132=PLANE('',#4475);
#133=PLANE('',#4477);
#134=PLANE('',#4478);
#135=PLANE('',#4480);
#136=PLANE('',#4481);
#137=PLANE('',#4482);
#138=PLANE('',#4483);
#139=PLANE('',#4484);
#140=PLANE('',#4485);
#141=PLANE('',#4486);
#142=PLANE('',#4489);
#143=PLANE('',#4490);
#144=PLANE('',#4493);
#145=PLANE('',#4495);
#146=PLANE('',#4497);
#147=PLANE('',#4500);
#148=PLANE('',#4504);
#149=PLANE('',#4511);
#150=PLANE('',#4514);
#151=PLANE('',#4515);
#152=PLANE('',#4519);
#153=PLANE('',#4524);
#154=PLANE('',#4525);
#155=PLANE('',#4530);
#156=PLANE('',#4543);
#157=PLANE('',#4561);
#158=PLANE('',#4562);
#159=PLANE('',#4565);
#160=B_SPLINE_CURVE_WITH_KNOTS('',3,(#5772,#5773,#5774,#5775,#5776,#5777,
#5778,#5779,#5780,#5781,#5782,#5783,#5784,#5785,#5786,#5787,#5788,#5789,
#5790,#5791),.UNSPECIFIED.,.F.,.F.,(4,2,2,2,2,2,2,2,2,4),(0.382482708141382,
0.402582593028881,0.430815058534192,0.473422940439278,0.516786165030973,
0.53033306558811,0.533221615256329,0.534222909226003,0.534887090892249,
0.534932483829182),.UNSPECIFIED.);
#161=B_SPLINE_CURVE_WITH_KNOTS('',3,(#5906,#5907,#5908,#5909,#5910,#5911,
#5912,#5913,#5914,#5915,#5916,#5917,#5918,#5919,#5920,#5921,#5922,#5923,
#5924,#5925),.UNSPECIFIED.,.F.,.F.,(4,2,2,2,2,2,2,2,2,4),(0.220799992041367,
0.221347454303101,0.222230637580334,0.224624551319344,0.22740988406569,
0.233139703386637,0.248217574873511,0.262320598670987,0.272854860933517,
0.278693988462809),.UNSPECIFIED.);
#162=B_SPLINE_CURVE_WITH_KNOTS('',3,(#6134,#6135,#6136,#6137,#6138,#6139,
#6140),.UNSPECIFIED.,.F.,.F.,(4,3,4),(0.,0.055383998012512,0.110767996025024),
 .UNSPECIFIED.);
#163=B_SPLINE_CURVE_WITH_KNOTS('',3,(#6279,#6280,#6281,#6282,#6283,#6284,
#6285),.UNSPECIFIED.,.F.,.F.,(4,3,4),(0.,0.0553848502796874,0.110769700559375),
 .UNSPECIFIED.);
#164=B_SPLINE_CURVE_WITH_KNOTS('',3,(#6359,#6360,#6361,#6362),
 .UNSPECIFIED.,.F.,.F.,(4,4),(-3.33500134082287,-1.61499905306812),
 .UNSPECIFIED.);
#165=B_SPLINE_CURVE_WITH_KNOTS('',3,(#6386,#6387,#6388,#6389,#6390,#6391,
#6392),.UNSPECIFIED.,.F.,.F.,(4,3,4),(-0.110828867652362,-0.0554144338261809,
0.),.UNSPECIFIED.);
#166=B_SPLINE_CURVE_WITH_KNOTS('',3,(#6394,#6395,#6396,#6397),
 .UNSPECIFIED.,.F.,.F.,(4,4),(1.61499883414081,3.33500112189452),
 .UNSPECIFIED.);
#167=B_SPLINE_CURVE_WITH_KNOTS('',3,(#6424,#6425,#6426,#6427,#6428,#6429,
#6430),.UNSPECIFIED.,.F.,.F.,(4,3,4),(-0.11076842830563,-0.0553842141528152,
0.),.UNSPECIFIED.);
#168=B_SPLINE_CURVE_WITH_KNOTS('',3,(#6432,#6433,#6434,#6435),
 .UNSPECIFIED.,.F.,.F.,(4,4),(-3.35000118086825,-1.60000118086204),
 .UNSPECIFIED.);
#169=B_SPLINE_CURVE_WITH_KNOTS('',3,(#6700,#6701,#6702,#6703,#6704,#6705,
#6706,#6707),.UNSPECIFIED.,.F.,.F.,(4,2,2,4),(-0.110828867652362,-0.0749466574956565,
-0.0390644473389285,0.),.UNSPECIFIED.);
#170=B_SPLINE_CURVE_WITH_KNOTS('',3,(#6741,#6742,#6743,#6744,#6745,#6746,
#6747,#6748),.UNSPECIFIED.,.F.,.F.,(4,2,2,4),(-0.11076842830563,-0.0749164378157861,
-0.03906444732595,0.),.UNSPECIFIED.);
#171=B_SPLINE_CURVE_WITH_KNOTS('',3,(#6774,#6775,#6776,#6777,#6778,#6779,
#6780),.UNSPECIFIED.,.F.,.F.,(4,3,4),(-0.110828027976234,-0.0554140139881169,
0.),.UNSPECIFIED.);
#172=B_SPLINE_CURVE_WITH_KNOTS('',3,(#6782,#6783,#6784,#6785),
 .UNSPECIFIED.,.F.,.F.,(4,4),(1.61499872594975,3.33499872595492),
 .UNSPECIFIED.);
#173=B_SPLINE_CURVE_WITH_KNOTS('',3,(#6788,#6789,#6790,#6791),
 .UNSPECIFIED.,.F.,.F.,(4,4),(-3.33499872595492,-1.61499894487513),
 .UNSPECIFIED.);
#174=B_SPLINE_CURVE_WITH_KNOTS('',3,(#7054,#7055,#7056,#7057,#7058,#7059,
#7060),.UNSPECIFIED.,.F.,.F.,(4,3,4),(-0.110769268220554,-0.055384634110277,
0.),.UNSPECIFIED.);
#175=B_SPLINE_CURVE_WITH_KNOTS('',3,(#7061,#7062,#7063,#7064),
 .UNSPECIFIED.,.F.,.F.,(4,4),(1.59999880977136,3.35000109752515),
 .UNSPECIFIED.);
#176=B_SPLINE_CURVE_WITH_KNOTS('',3,(#7085,#7086,#7087,#7088,#7089,#7090,
#7091,#7092),.UNSPECIFIED.,.F.,.F.,(4,2,2,4),(-0.110769268220554,-0.0749168577733966,
-0.0390644473262161,0.),.UNSPECIFIED.);
#177=B_SPLINE_CURVE_WITH_KNOTS('',3,(#7126,#7127,#7128,#7129,#7130,#7131,
#7132,#7133),.UNSPECIFIED.,.F.,.F.,(4,2,2,4),(-0.110828027976234,-0.0749462376574435,
-0.0390644473386624,0.),.UNSPECIFIED.);
#178=B_SPLINE_CURVE_WITH_KNOTS('',3,(#7168,#7169,#7170,#7171),
 .UNSPECIFIED.,.F.,.F.,(4,4),(-1.600001180863,-1.01179495382842),
 .UNSPECIFIED.);
#179=B_SPLINE_CURVE_WITH_KNOTS('',3,(#7194,#7195,#7196,#7197),
 .UNSPECIFIED.,.F.,.F.,(4,4),(-1.6149989448761,-1.02679271784151),
 .UNSPECIFIED.);
#180=B_SPLINE_CURVE_WITH_KNOTS('',3,(#7200,#7201,#7202,#7203),
 .UNSPECIFIED.,.F.,.F.,(4,4),(1.02679271784151,1.61499872594976),
 .UNSPECIFIED.);
#181=B_SPLINE_CURVE_WITH_KNOTS('',3,(#7232,#7233,#7234,#7235,#7236),
 .UNSPECIFIED.,.F.,.F.,(4,1,4),(-0.287275066553444,-0.164157180887683,-1.25119624673745E-15),
 .UNSPECIFIED.);
#182=B_SPLINE_CURVE_WITH_KNOTS('',3,(#7237,#7238,#7239,#7240,#7241),
 .UNSPECIFIED.,.F.,.F.,(4,1,4),(1.25119624673745E-15,0.164157180887683,
0.287275066553444),.UNSPECIFIED.);
#183=B_SPLINE_CURVE_WITH_KNOTS('',3,(#7363,#7364,#7365,#7366,#7367,#7368,
#7369,#7370,#7371,#7372,#7373,#7374,#7375,#7376,#7377,#7378,#7379,#7380,
#7381,#7382,#7383,#7384,#7385,#7386),.UNSPECIFIED.,.F.,.F.,(4,1,1,1,1,1,
1,1,1,1,1,1,1,1,1,1,1,1,1,1,1,4),(-2.56260881852383,-2.37956533148641,-2.196521844449,
-1.83043487037416,-1.73891312685546,-1.64739138333675,-1.55586963981804,
-1.51010876805869,-1.46434789629933,-1.37282615278062,-1.32706528102127,
-1.28130440926192,-1.26986419132208,-1.25842397338224,-1.23554353750256,
-1.18978266574321,-1.0982609222245,-1.00673917870579,-0.960978306946437,
-0.915217435187083,-0.732173948149666,0.),.UNSPECIFIED.);
#184=B_SPLINE_CURVE_WITH_KNOTS('',3,(#7389,#7390,#7391,#7392,#7393,#7394,
#7395,#7396,#7397,#7398,#7399,#7400,#7401,#7402,#7403,#7404,#7405,#7406,
#7407,#7408,#7409,#7410,#7411,#7412),.UNSPECIFIED.,.F.,.F.,(4,1,1,1,1,1,
1,1,1,1,1,1,1,1,1,1,1,1,1,1,1,4),(0.,0.732173948149666,0.915217435187083,
0.960978306946437,1.00673917870579,1.0982609222245,1.18978266574321,1.23554353750256,
1.25842397338224,1.26986419132208,1.28130440926192,1.32706528102127,1.37282615278062,
1.46434789629933,1.51010876805869,1.55586963981804,1.64739138333675,1.73891312685546,
1.83043487037416,2.196521844449,2.37956533148641,2.56260881852383),
 .UNSPECIFIED.);
#185=B_SPLINE_CURVE_WITH_KNOTS('',3,(#7441,#7442,#7443,#7444,#7445),
 .UNSPECIFIED.,.F.,.F.,(4,1,4),(-0.287274074679583,-0.164156614102619,0.),
 .UNSPECIFIED.);
#186=B_SPLINE_CURVE_WITH_KNOTS('',3,(#7446,#7447,#7448,#7449,#7450),
 .UNSPECIFIED.,.F.,.F.,(4,1,4),(0.,0.164156614102619,0.287274074679583),
 .UNSPECIFIED.);
#187=B_SPLINE_CURVE_WITH_KNOTS('',3,(#7471,#7472,#7473,#7474),
 .UNSPECIFIED.,.F.,.F.,(4,4),(-1.61499905306835,-1.02740891200568),
 .UNSPECIFIED.);
#188=B_SPLINE_CURVE_WITH_KNOTS('',3,(#7475,#7476,#7477,#7478),
 .UNSPECIFIED.,.F.,.F.,(4,4),(1.02740891200568,1.61499883414081),
 .UNSPECIFIED.);
#189=B_SPLINE_CURVE_WITH_KNOTS('',3,(#7509,#7510,#7511,#7512,#7513),
 .UNSPECIFIED.,.F.,.F.,(4,1,4),(-0.287306603716628,-0.123131401592841,-2.25299639617704E-16),
 .UNSPECIFIED.);
#190=B_SPLINE_CURVE_WITH_KNOTS('',3,(#7514,#7515,#7516,#7517,#7518),
 .UNSPECIFIED.,.F.,.F.,(4,1,4),(2.25299639617704E-16,0.123131401592841,
0.287306603716628),.UNSPECIFIED.);
#191=B_SPLINE_CURVE_WITH_KNOTS('',3,(#7637,#7638,#7639,#7640,#7641,#7642,
#7643,#7644,#7645,#7646,#7647,#7648,#7649,#7650,#7651,#7652,#7653,#7654,
#7655,#7656,#7657,#7658,#7659),.UNSPECIFIED.,.F.,.F.,(4,1,1,1,1,1,1,1,1,
1,1,1,1,1,1,1,1,1,1,1,4),(-2.57759767310258,-2.0252553145806,-1.84114119507327,
-1.79511266519644,-1.74908413531961,-1.65702707556594,-1.61099854568911,
-1.56497001581228,-1.51894148593545,-1.47291295605862,-1.38085589630495,
-1.33482736642812,-1.28879883655129,-1.26578457161287,-1.24277030667446,
-1.19674177679763,-1.10468471704396,-0.920570597536635,-0.736456478029308,
-0.368228239014654,0.),.UNSPECIFIED.);
#192=B_SPLINE_CURVE_WITH_KNOTS('',3,(#7660,#7661,#7662,#7663,#7664,#7665,
#7666,#7667,#7668,#7669,#7670,#7671,#7672,#7673,#7674,#7675,#7676,#7677,
#7678,#7679,#7680,#7681,#7682),.UNSPECIFIED.,.F.,.F.,(4,1,1,1,1,1,1,1,1,
1,1,1,1,1,1,1,1,1,1,1,4),(0.,0.368228239014654,0.736456478029308,0.920570597536635,
1.10468471704396,1.19674177679763,1.24277030667446,1.26578457161287,1.28879883655129,
1.33482736642812,1.38085589630495,1.47291295605862,1.51894148593545,1.56497001581228,
1.61099854568911,1.65702707556594,1.74908413531961,1.79511266519644,1.84114119507327,
2.0252553145806,2.57759767310258),.UNSPECIFIED.);
#193=B_SPLINE_CURVE_WITH_KNOTS('',3,(#7711,#7712,#7713,#7714,#7715),
 .UNSPECIFIED.,.F.,.F.,(4,1,4),(-0.287305616006193,-0.123130978288369,0.),
 .UNSPECIFIED.);
#194=B_SPLINE_CURVE_WITH_KNOTS('',3,(#7716,#7717,#7718,#7719,#7720),
 .UNSPECIFIED.,.F.,.F.,(4,1,4),(0.,0.123130978288369,0.287305616006193),
 .UNSPECIFIED.);
#195=B_SPLINE_CURVE_WITH_KNOTS('',3,(#7722,#7723,#7724,#7725),
 .UNSPECIFIED.,.F.,.F.,(4,4),(1.01240888763622,1.59999880977136),
 .UNSPECIFIED.);
#196=(
BOUNDED_SURFACE()
B_SPLINE_SURFACE(2,2,((#5729,#5730,#5731),(#5732,#5733,#5734),(#5735,#5736,
#5737)),.UNSPECIFIED.,.F.,.F.,.F.)
B_SPLINE_SURFACE_WITH_KNOTS((3,3),(3,3),(-1.99102307308311E-15,1.57079632679491),
(1.5707963267949,3.14159265358979),.UNSPECIFIED.)
GEOMETRIC_REPRESENTATION_ITEM()
RATIONAL_B_SPLINE_SURFACE(((1.,0.707106781186547,1.),(0.707106781186534,
0.49999999999999,0.707106781186534),(1.,0.707106781186547,1.)))
REPRESENTATION_ITEM('')
SURFACE()
);
#197=(
BOUNDED_SURFACE()
B_SPLINE_SURFACE(2,2,((#5749,#5750,#5751),(#5752,#5753,#5754),(#5755,#5756,
#5757),(#5758,#5759,#5760),(#5761,#5762,#5763)),.UNSPECIFIED.,.F.,.F.,.F.)
B_SPLINE_SURFACE_WITH_KNOTS((3,2,3),(3,3),(-1.99102310198559E-15,0.78539822374606,
1.57079644749212),(-3.14159265358979,-1.5707963267949),.UNSPECIFIED.)
GEOMETRIC_REPRESENTATION_ITEM()
RATIONAL_B_SPLINE_SURFACE(((1.,0.707106781186547,1.),(0.923879520964161,
0.653281474273138,0.923879520964161),(1.,0.707106781186547,1.),(0.923879520964106,
0.653281474273098,0.923879520964106),(1.,0.707106781186547,1.)))
REPRESENTATION_ITEM('')
SURFACE()
);
#198=(
BOUNDED_SURFACE()
B_SPLINE_SURFACE(2,2,((#5929,#5930,#5931),(#5932,#5933,#5934),(#5935,#5936,
#5937)),.UNSPECIFIED.,.F.,.F.,.F.)
B_SPLINE_SURFACE_WITH_KNOTS((3,3),(3,3),(-1.82645739952856E-15,1.57079632679492),
(-1.5707963267949,0.),.UNSPECIFIED.)
GEOMETRIC_REPRESENTATION_ITEM()
RATIONAL_B_SPLINE_SURFACE(((1.,0.707106781186547,1.),(0.707106781186528,
0.499999999999986,0.707106781186528),(1.,0.707106781186547,1.)))
REPRESENTATION_ITEM('')
SURFACE()
);
#199=(
BOUNDED_SURFACE()
B_SPLINE_SURFACE(2,2,((#5949,#5950,#5951),(#5952,#5953,#5954),(#5955,#5956,
#5957),(#5958,#5959,#5960),(#5961,#5962,#5963)),.UNSPECIFIED.,.F.,.F.,.F.)
B_SPLINE_SURFACE_WITH_KNOTS((3,2,3),(3,3),(-1.27050999152683E-7,0.785398099871953,
1.5707963267949),(0.,1.5707963267949),.UNSPECIFIED.)
GEOMETRIC_REPRESENTATION_ITEM()
RATIONAL_B_SPLINE_SURFACE(((1.,0.707106781186547,1.),(0.923879520356175,
0.653281473843226,0.923879520356175),(1.,0.707106781186547,1.),(0.923879520356112,
0.653281473843182,0.923879520356112),(1.,0.707106781186547,1.)))
REPRESENTATION_ITEM('')
SURFACE()
);
#200=TOROIDAL_SURFACE('',#4209,3.50000000000001,0.5);
#201=TOROIDAL_SURFACE('',#4257,3.50000000000001,0.5);
#202=TOROIDAL_SURFACE('',#4323,3.,1.);
#203=TOROIDAL_SURFACE('',#4327,3.,1.);
#204=TOROIDAL_SURFACE('',#4365,2.99999342554971,1.);
#205=TOROIDAL_SURFACE('',#4370,3.00000651062576,1.);
#206=TOROIDAL_SURFACE('',#4509,2.99999747311773,1.);
#207=TOROIDAL_SURFACE('',#4510,2.9999813627218,1.);
#208=TOROIDAL_SURFACE('',#4541,10.993500405435,1.);
#209=TOROIDAL_SURFACE('',#4547,3.,1.);
#210=TOROIDAL_SURFACE('',#4550,10.993500405435,1.);
#211=TOROIDAL_SURFACE('',#4553,3.,1.);
#212=FACE_OUTER_BOUND('',#430,.T.);
#213=FACE_OUTER_BOUND('',#431,.T.);
#214=FACE_OUTER_BOUND('',#432,.T.);
#215=FACE_OUTER_BOUND('',#433,.T.);
#216=FACE_OUTER_BOUND('',#434,.T.);
#217=FACE_OUTER_BOUND('',#435,.T.);
#218=FACE_OUTER_BOUND('',#436,.T.);
#219=FACE_OUTER_BOUND('',#437,.T.);
#220=FACE_OUTER_BOUND('',#438,.T.);
#221=FACE_OUTER_BOUND('',#439,.T.);
#222=FACE_OUTER_BOUND('',#440,.T.);
#223=FACE_OUTER_BOUND('',#441,.T.);
#224=FACE_OUTER_BOUND('',#442,.T.);
#225=FACE_OUTER_BOUND('',#443,.T.);
#226=FACE_OUTER_BOUND('',#444,.T.);
#227=FACE_OUTER_BOUND('',#445,.T.);
#228=FACE_OUTER_BOUND('',#446,.T.);
#229=FACE_OUTER_BOUND('',#447,.T.);
#230=FACE_OUTER_BOUND('',#448,.T.);
#231=FACE_OUTER_BOUND('',#449,.T.);
#232=FACE_OUTER_BOUND('',#450,.T.);
#233=FACE_OUTER_BOUND('',#451,.T.);
#234=FACE_OUTER_BOUND('',#452,.T.);
#235=FACE_OUTER_BOUND('',#453,.T.);
#236=FACE_OUTER_BOUND('',#454,.T.);
#237=FACE_OUTER_BOUND('',#455,.T.);
#238=FACE_OUTER_BOUND('',#456,.T.);
#239=FACE_OUTER_BOUND('',#457,.T.);
#240=FACE_OUTER_BOUND('',#458,.T.);
#241=FACE_OUTER_BOUND('',#459,.T.);
#242=FACE_OUTER_BOUND('',#460,.T.);
#243=FACE_OUTER_BOUND('',#461,.T.);
#244=FACE_OUTER_BOUND('',#462,.T.);
#245=FACE_OUTER_BOUND('',#463,.T.);
#246=FACE_OUTER_BOUND('',#464,.T.);
#247=FACE_OUTER_BOUND('',#465,.T.);
#248=FACE_OUTER_BOUND('',#466,.T.);
#249=FACE_OUTER_BOUND('',#467,.T.);
#250=FACE_OUTER_BOUND('',#468,.T.);
#251=FACE_OUTER_BOUND('',#469,.T.);
#252=FACE_OUTER_BOUND('',#470,.T.);
#253=FACE_OUTER_BOUND('',#471,.T.);
#254=FACE_OUTER_BOUND('',#472,.T.);
#255=FACE_OUTER_BOUND('',#473,.T.);
#256=FACE_OUTER_BOUND('',#474,.T.);
#257=FACE_OUTER_BOUND('',#475,.T.);
#258=FACE_OUTER_BOUND('',#476,.T.);
#259=FACE_OUTER_BOUND('',#477,.T.);
#260=FACE_OUTER_BOUND('',#478,.T.);
#261=FACE_OUTER_BOUND('',#479,.T.);
#262=FACE_OUTER_BOUND('',#480,.T.);
#263=FACE_OUTER_BOUND('',#481,.T.);
#264=FACE_OUTER_BOUND('',#482,.T.);
#265=FACE_OUTER_BOUND('',#483,.T.);
#266=FACE_OUTER_BOUND('',#484,.T.);
#267=FACE_OUTER_BOUND('',#485,.T.);
#268=FACE_OUTER_BOUND('',#486,.T.);
#269=FACE_OUTER_BOUND('',#487,.T.);
#270=FACE_OUTER_BOUND('',#488,.T.);
#271=FACE_OUTER_BOUND('',#489,.T.);
#272=FACE_OUTER_BOUND('',#490,.T.);
#273=FACE_OUTER_BOUND('',#491,.T.);
#274=FACE_OUTER_BOUND('',#492,.T.);
#275=FACE_OUTER_BOUND('',#493,.T.);
#276=FACE_OUTER_BOUND('',#494,.T.);
#277=FACE_OUTER_BOUND('',#495,.T.);
#278=FACE_OUTER_BOUND('',#496,.T.);
#279=FACE_OUTER_BOUND('',#497,.T.);
#280=FACE_OUTER_BOUND('',#498,.T.);
#281=FACE_OUTER_BOUND('',#499,.T.);
#282=FACE_OUTER_BOUND('',#500,.T.);
#283=FACE_OUTER_BOUND('',#501,.T.);
#284=FACE_OUTER_BOUND('',#502,.T.);
#285=FACE_OUTER_BOUND('',#503,.T.);
#286=FACE_OUTER_BOUND('',#504,.T.);
#287=FACE_OUTER_BOUND('',#505,.T.);
#288=FACE_OUTER_BOUND('',#506,.T.);
#289=FACE_OUTER_BOUND('',#507,.T.);
#290=FACE_OUTER_BOUND('',#508,.T.);
#291=FACE_OUTER_BOUND('',#509,.T.);
#292=FACE_OUTER_BOUND('',#510,.T.);
#293=FACE_OUTER_BOUND('',#511,.T.);
#294=FACE_OUTER_BOUND('',#512,.T.);
#295=FACE_OUTER_BOUND('',#513,.T.);
#296=FACE_OUTER_BOUND('',#514,.T.);
#297=FACE_OUTER_BOUND('',#515,.T.);
#298=FACE_OUTER_BOUND('',#516,.T.);
#299=FACE_OUTER_BOUND('',#517,.T.);
#300=FACE_OUTER_BOUND('',#518,.T.);
#301=FACE_OUTER_BOUND('',#519,.T.);
#302=FACE_OUTER_BOUND('',#520,.T.);
#303=FACE_OUTER_BOUND('',#521,.T.);
#304=FACE_OUTER_BOUND('',#522,.T.);
#305=FACE_OUTER_BOUND('',#523,.T.);
#306=FACE_OUTER_BOUND('',#524,.T.);
#307=FACE_OUTER_BOUND('',#525,.T.);
#308=FACE_OUTER_BOUND('',#526,.T.);
#309=FACE_OUTER_BOUND('',#527,.T.);
#310=FACE_OUTER_BOUND('',#528,.T.);
#311=FACE_OUTER_BOUND('',#529,.T.);
#312=FACE_OUTER_BOUND('',#530,.T.);
#313=FACE_OUTER_BOUND('',#531,.T.);
#314=FACE_OUTER_BOUND('',#532,.T.);
#315=FACE_OUTER_BOUND('',#533,.T.);
#316=FACE_OUTER_BOUND('',#534,.T.);
#317=FACE_OUTER_BOUND('',#535,.T.);
#318=FACE_OUTER_BOUND('',#536,.T.);
#319=FACE_OUTER_BOUND('',#537,.T.);
#320=FACE_OUTER_BOUND('',#538,.T.);
#321=FACE_OUTER_BOUND('',#539,.T.);
#322=FACE_OUTER_BOUND('',#540,.T.);
#323=FACE_OUTER_BOUND('',#541,.T.);
#324=FACE_OUTER_BOUND('',#542,.T.);
#325=FACE_OUTER_BOUND('',#543,.T.);
#326=FACE_OUTER_BOUND('',#544,.T.);
#327=FACE_OUTER_BOUND('',#545,.T.);
#328=FACE_OUTER_BOUND('',#546,.T.);
#329=FACE_OUTER_BOUND('',#547,.T.);
#330=FACE_OUTER_BOUND('',#548,.T.);
#331=FACE_OUTER_BOUND('',#549,.T.);
#332=FACE_OUTER_BOUND('',#550,.T.);
#333=FACE_OUTER_BOUND('',#551,.T.);
#334=FACE_OUTER_BOUND('',#552,.T.);
#335=FACE_OUTER_BOUND('',#553,.T.);
#336=FACE_OUTER_BOUND('',#554,.T.);
#337=FACE_OUTER_BOUND('',#555,.T.);
#338=FACE_OUTER_BOUND('',#556,.T.);
#339=FACE_OUTER_BOUND('',#557,.T.);
#340=FACE_OUTER_BOUND('',#558,.T.);
#341=FACE_OUTER_BOUND('',#559,.T.);
#342=FACE_OUTER_BOUND('',#560,.T.);
#343=FACE_OUTER_BOUND('',#561,.T.);
#344=FACE_OUTER_BOUND('',#562,.T.);
#345=FACE_OUTER_BOUND('',#563,.T.);
#346=FACE_OUTER_BOUND('',#564,.T.);
#347=FACE_OUTER_BOUND('',#565,.T.);
#348=FACE_OUTER_BOUND('',#566,.T.);
#349=FACE_OUTER_BOUND('',#567,.T.);
#350=FACE_OUTER_BOUND('',#568,.T.);
#351=FACE_OUTER_BOUND('',#569,.T.);
#352=FACE_OUTER_BOUND('',#570,.T.);
#353=FACE_OUTER_BOUND('',#571,.T.);
#354=FACE_OUTER_BOUND('',#572,.T.);
#355=FACE_OUTER_BOUND('',#573,.T.);
#356=FACE_OUTER_BOUND('',#574,.T.);
#357=FACE_OUTER_BOUND('',#575,.T.);
#358=FACE_OUTER_BOUND('',#576,.T.);
#359=FACE_OUTER_BOUND('',#577,.T.);
#360=FACE_OUTER_BOUND('',#578,.T.);
#361=FACE_OUTER_BOUND('',#579,.T.);
#362=FACE_OUTER_BOUND('',#580,.T.);
#363=FACE_OUTER_BOUND('',#582,.T.);
#364=FACE_OUTER_BOUND('',#583,.T.);
#365=FACE_OUTER_BOUND('',#585,.T.);
#366=FACE_OUTER_BOUND('',#586,.T.);
#367=FACE_OUTER_BOUND('',#587,.T.);
#368=FACE_OUTER_BOUND('',#588,.T.);
#369=FACE_OUTER_BOUND('',#589,.T.);
#370=FACE_OUTER_BOUND('',#590,.T.);
#371=FACE_OUTER_BOUND('',#591,.T.);
#372=FACE_OUTER_BOUND('',#592,.T.);
#373=FACE_OUTER_BOUND('',#593,.T.);
#374=FACE_OUTER_BOUND('',#594,.T.);
#375=FACE_OUTER_BOUND('',#595,.T.);
#376=FACE_OUTER_BOUND('',#596,.T.);
#377=FACE_OUTER_BOUND('',#597,.T.);
#378=FACE_OUTER_BOUND('',#598,.T.);
#379=FACE_OUTER_BOUND('',#599,.T.);
#380=FACE_OUTER_BOUND('',#600,.T.);
#381=FACE_OUTER_BOUND('',#601,.T.);
#382=FACE_OUTER_BOUND('',#602,.T.);
#383=FACE_OUTER_BOUND('',#603,.T.);
#384=FACE_OUTER_BOUND('',#604,.T.);
#385=FACE_OUTER_BOUND('',#605,.T.);
#386=FACE_OUTER_BOUND('',#606,.T.);
#387=FACE_OUTER_BOUND('',#607,.T.);
#388=FACE_OUTER_BOUND('',#608,.T.);
#389=FACE_OUTER_BOUND('',#609,.T.);
#390=FACE_OUTER_BOUND('',#610,.T.);
#391=FACE_OUTER_BOUND('',#611,.T.);
#392=FACE_OUTER_BOUND('',#612,.T.);
#393=FACE_OUTER_BOUND('',#613,.T.);
#394=FACE_OUTER_BOUND('',#614,.T.);
#395=FACE_OUTER_BOUND('',#615,.T.);
#396=FACE_OUTER_BOUND('',#616,.T.);
#397=FACE_OUTER_BOUND('',#617,.T.);
#398=FACE_OUTER_BOUND('',#618,.T.);
#399=FACE_OUTER_BOUND('',#619,.T.);
#400=FACE_OUTER_BOUND('',#620,.T.);
#401=FACE_OUTER_BOUND('',#621,.T.);
#402=FACE_OUTER_BOUND('',#622,.T.);
#403=FACE_OUTER_BOUND('',#623,.T.);
#404=FACE_OUTER_BOUND('',#624,.T.);
#405=FACE_OUTER_BOUND('',#625,.T.);
#406=FACE_OUTER_BOUND('',#626,.T.);
#407=FACE_OUTER_BOUND('',#629,.T.);
#408=FACE_OUTER_BOUND('',#630,.T.);
#409=FACE_OUTER_BOUND('',#631,.T.);
#410=FACE_OUTER_BOUND('',#632,.T.);
#411=FACE_OUTER_BOUND('',#635,.T.);
#412=FACE_OUTER_BOUND('',#636,.T.);
#413=FACE_OUTER_BOUND('',#637,.T.);
#414=FACE_OUTER_BOUND('',#638,.T.);
#415=FACE_OUTER_BOUND('',#639,.T.);
#416=FACE_OUTER_BOUND('',#640,.T.);
#417=FACE_OUTER_BOUND('',#641,.T.);
#418=FACE_OUTER_BOUND('',#642,.T.);
#419=FACE_OUTER_BOUND('',#643,.T.);
#420=FACE_OUTER_BOUND('',#644,.T.);
#421=FACE_OUTER_BOUND('',#645,.T.);
#422=FACE_OUTER_BOUND('',#646,.T.);
#423=FACE_OUTER_BOUND('',#647,.T.);
#424=FACE_OUTER_BOUND('',#648,.T.);
#425=FACE_OUTER_BOUND('',#649,.T.);
#426=FACE_OUTER_BOUND('',#650,.T.);
#427=FACE_OUTER_BOUND('',#651,.T.);
#428=FACE_OUTER_BOUND('',#652,.T.);
#429=FACE_OUTER_BOUND('',#653,.T.);
#430=EDGE_LOOP('',(#2670,#2671,#2672,#2673));
#431=EDGE_LOOP('',(#2674,#2675,#2676,#2677));
#432=EDGE_LOOP('',(#2678,#2679,#2680,#2681));
#433=EDGE_LOOP('',(#2682,#2683,#2684,#2685));
#434=EDGE_LOOP('',(#2686,#2687,#2688,#2689));
#435=EDGE_LOOP('',(#2690,#2691,#2692,#2693));
#436=EDGE_LOOP('',(#2694,#2695,#2696,#2697));
#437=EDGE_LOOP('',(#2698,#2699,#2700,#2701,#2702,#2703,#2704,#2705,#2706,
#2707,#2708,#2709,#2710,#2711));
#438=EDGE_LOOP('',(#2712,#2713,#2714,#2715));
#439=EDGE_LOOP('',(#2716,#2717,#2718,#2719,#2720,#2721,#2722,#2723,#2724,
#2725,#2726,#2727,#2728,#2729,#2730,#2731,#2732,#2733,#2734,#2735,#2736,
#2737));
#440=EDGE_LOOP('',(#2738,#2739,#2740,#2741));
#441=EDGE_LOOP('',(#2742,#2743,#2744,#2745,#2746,#2747,#2748,#2749,#2750,
#2751,#2752,#2753,#2754,#2755));
#442=EDGE_LOOP('',(#2756,#2757,#2758,#2759));
#443=EDGE_LOOP('',(#2760,#2761,#2762,#2763,#2764,#2765));
#444=EDGE_LOOP('',(#2766,#2767,#2768,#2769));
#445=EDGE_LOOP('',(#2770,#2771,#2772,#2773));
#446=EDGE_LOOP('',(#2774,#2775,#2776,#2777));
#447=EDGE_LOOP('',(#2778,#2779,#2780,#2781));
#448=EDGE_LOOP('',(#2782,#2783,#2784,#2785));
#449=EDGE_LOOP('',(#2786,#2787,#2788,#2789));
#450=EDGE_LOOP('',(#2790,#2791,#2792,#2793));
#451=EDGE_LOOP('',(#2794,#2795,#2796,#2797,#2798));
#452=EDGE_LOOP('',(#2799,#2800,#2801,#2802));
#453=EDGE_LOOP('',(#2803,#2804,#2805,#2806));
#454=EDGE_LOOP('',(#2807,#2808,#2809,#2810,#2811,#2812,#2813,#2814,#2815,
#2816,#2817,#2818,#2819,#2820,#2821,#2822,#2823,#2824,#2825,#2826));
#455=EDGE_LOOP('',(#2827,#2828,#2829,#2830));
#456=EDGE_LOOP('',(#2831,#2832,#2833,#2834,#2835));
#457=EDGE_LOOP('',(#2836,#2837,#2838,#2839,#2840,#2841,#2842,#2843,#2844,
#2845));
#458=EDGE_LOOP('',(#2846,#2847,#2848,#2849,#2850,#2851,#2852,#2853,#2854,
#2855,#2856,#2857,#2858,#2859,#2860,#2861,#2862,#2863,#2864,#2865,#2866,
#2867,#2868,#2869));
#459=EDGE_LOOP('',(#2870,#2871,#2872,#2873,#2874));
#460=EDGE_LOOP('',(#2875,#2876,#2877,#2878,#2879));
#461=EDGE_LOOP('',(#2880,#2881,#2882,#2883,#2884,#2885));
#462=EDGE_LOOP('',(#2886,#2887,#2888,#2889,#2890));
#463=EDGE_LOOP('',(#2891,#2892,#2893,#2894));
#464=EDGE_LOOP('',(#2895,#2896,#2897,#2898));
#465=EDGE_LOOP('',(#2899,#2900,#2901,#2902,#2903));
#466=EDGE_LOOP('',(#2904,#2905,#2906,#2907,#2908,#2909,#2910,#2911,#2912,
#2913,#2914,#2915,#2916,#2917,#2918,#2919,#2920,#2921,#2922,#2923,#2924,
#2925,#2926,#2927,#2928,#2929,#2930,#2931,#2932,#2933,#2934,#2935,#2936,
#2937));
#467=EDGE_LOOP('',(#2938,#2939,#2940,#2941,#2942,#2943,#2944,#2945,#2946,
#2947,#2948,#2949,#2950,#2951,#2952,#2953,#2954,#2955,#2956,#2957,#2958,
#2959,#2960,#2961,#2962,#2963));
#468=EDGE_LOOP('',(#2964,#2965,#2966,#2967));
#469=EDGE_LOOP('',(#2968,#2969,#2970,#2971));
#470=EDGE_LOOP('',(#2972,#2973,#2974,#2975));
#471=EDGE_LOOP('',(#2976,#2977,#2978,#2979));
#472=EDGE_LOOP('',(#2980,#2981,#2982,#2983));
#473=EDGE_LOOP('',(#2984,#2985,#2986,#2987,#2988,#2989,#2990,#2991,#2992,
#2993,#2994,#2995,#2996,#2997,#2998,#2999,#3000,#3001,#3002,#3003,#3004,
#3005,#3006,#3007,#3008,#3009,#3010,#3011,#3012,#3013,#3014,#3015,#3016,
#3017,#3018,#3019));
#474=EDGE_LOOP('',(#3020,#3021,#3022,#3023,#3024,#3025,#3026,#3027,#3028,
#3029,#3030,#3031,#3032,#3033,#3034,#3035,#3036,#3037,#3038,#3039,#3040,
#3041,#3042,#3043,#3044,#3045));
#475=EDGE_LOOP('',(#3046,#3047,#3048,#3049));
#476=EDGE_LOOP('',(#3050,#3051,#3052,#3053));
#477=EDGE_LOOP('',(#3054,#3055,#3056,#3057));
#478=EDGE_LOOP('',(#3058,#3059,#3060,#3061));
#479=EDGE_LOOP('',(#3062,#3063,#3064,#3065));
#480=EDGE_LOOP('',(#3066,#3067,#3068,#3069));
#481=EDGE_LOOP('',(#3070,#3071,#3072,#3073));
#482=EDGE_LOOP('',(#3074,#3075,#3076,#3077));
#483=EDGE_LOOP('',(#3078,#3079,#3080,#3081));
#484=EDGE_LOOP('',(#3082,#3083,#3084,#3085));
#485=EDGE_LOOP('',(#3086,#3087,#3088,#3089));
#486=EDGE_LOOP('',(#3090,#3091,#3092,#3093));
#487=EDGE_LOOP('',(#3094,#3095,#3096,#3097));
#488=EDGE_LOOP('',(#3098,#3099,#3100,#3101));
#489=EDGE_LOOP('',(#3102,#3103,#3104,#3105));
#490=EDGE_LOOP('',(#3106,#3107,#3108,#3109));
#491=EDGE_LOOP('',(#3110,#3111,#3112,#3113,#3114,#3115,#3116));
#492=EDGE_LOOP('',(#3117,#3118,#3119,#3120,#3121,#3122));
#493=EDGE_LOOP('',(#3123,#3124,#3125,#3126));
#494=EDGE_LOOP('',(#3127,#3128,#3129,#3130));
#495=EDGE_LOOP('',(#3131,#3132,#3133,#3134,#3135));
#496=EDGE_LOOP('',(#3136,#3137,#3138,#3139));
#497=EDGE_LOOP('',(#3140,#3141,#3142,#3143,#3144,#3145,#3146,#3147,#3148));
#498=EDGE_LOOP('',(#3149,#3150,#3151,#3152));
#499=EDGE_LOOP('',(#3153,#3154,#3155,#3156,#3157));
#500=EDGE_LOOP('',(#3158,#3159,#3160,#3161));
#501=EDGE_LOOP('',(#3162,#3163,#3164,#3165,#3166));
#502=EDGE_LOOP('',(#3167,#3168,#3169,#3170));
#503=EDGE_LOOP('',(#3171,#3172,#3173,#3174,#3175,#3176,#3177,#3178,#3179,
#3180,#3181,#3182,#3183,#3184,#3185,#3186));
#504=EDGE_LOOP('',(#3187,#3188,#3189,#3190,#3191,#3192,#3193,#3194));
#505=EDGE_LOOP('',(#3195,#3196,#3197,#3198,#3199,#3200,#3201,#3202,#3203,
#3204,#3205,#3206));
#506=EDGE_LOOP('',(#3207,#3208,#3209,#3210));
#507=EDGE_LOOP('',(#3211,#3212,#3213,#3214));
#508=EDGE_LOOP('',(#3215,#3216,#3217,#3218,#3219,#3220,#3221,#3222));
#509=EDGE_LOOP('',(#3223,#3224,#3225,#3226));
#510=EDGE_LOOP('',(#3227,#3228,#3229,#3230));
#511=EDGE_LOOP('',(#3231,#3232,#3233,#3234));
#512=EDGE_LOOP('',(#3235,#3236,#3237,#3238));
#513=EDGE_LOOP('',(#3239,#3240,#3241,#3242));
#514=EDGE_LOOP('',(#3243,#3244,#3245,#3246,#3247));
#515=EDGE_LOOP('',(#3248,#3249,#3250,#3251));
#516=EDGE_LOOP('',(#3252,#3253,#3254,#3255));
#517=EDGE_LOOP('',(#3256,#3257,#3258,#3259));
#518=EDGE_LOOP('',(#3260,#3261,#3262,#3263));
#519=EDGE_LOOP('',(#3264,#3265,#3266,#3267));
#520=EDGE_LOOP('',(#3268,#3269,#3270,#3271));
#521=EDGE_LOOP('',(#3272,#3273,#3274,#3275));
#522=EDGE_LOOP('',(#3276,#3277,#3278,#3279));
#523=EDGE_LOOP('',(#3280,#3281,#3282,#3283));
#524=EDGE_LOOP('',(#3284,#3285,#3286,#3287));
#525=EDGE_LOOP('',(#3288,#3289,#3290,#3291));
#526=EDGE_LOOP('',(#3292,#3293,#3294,#3295,#3296,#3297,#3298,#3299,#3300,
#3301,#3302,#3303));
#527=EDGE_LOOP('',(#3304,#3305,#3306,#3307));
#528=EDGE_LOOP('',(#3308,#3309,#3310,#3311));
#529=EDGE_LOOP('',(#3312,#3313,#3314,#3315));
#530=EDGE_LOOP('',(#3316,#3317,#3318,#3319));
#531=EDGE_LOOP('',(#3320,#3321,#3322,#3323));
#532=EDGE_LOOP('',(#3324,#3325,#3326,#3327));
#533=EDGE_LOOP('',(#3328,#3329,#3330,#3331));
#534=EDGE_LOOP('',(#3332,#3333,#3334,#3335));
#535=EDGE_LOOP('',(#3336,#3337,#3338,#3339));
#536=EDGE_LOOP('',(#3340,#3341,#3342,#3343));
#537=EDGE_LOOP('',(#3344,#3345,#3346,#3347));
#538=EDGE_LOOP('',(#3348,#3349,#3350,#3351));
#539=EDGE_LOOP('',(#3352,#3353,#3354,#3355,#3356,#3357,#3358,#3359,#3360,
#3361,#3362,#3363));
#540=EDGE_LOOP('',(#3364,#3365,#3366,#3367));
#541=EDGE_LOOP('',(#3368,#3369,#3370,#3371));
#542=EDGE_LOOP('',(#3372,#3373,#3374,#3375));
#543=EDGE_LOOP('',(#3376,#3377,#3378,#3379));
#544=EDGE_LOOP('',(#3380,#3381,#3382,#3383));
#545=EDGE_LOOP('',(#3384,#3385,#3386,#3387));
#546=EDGE_LOOP('',(#3388,#3389,#3390,#3391));
#547=EDGE_LOOP('',(#3392,#3393,#3394,#3395));
#548=EDGE_LOOP('',(#3396,#3397,#3398,#3399));
#549=EDGE_LOOP('',(#3400,#3401,#3402,#3403));
#550=EDGE_LOOP('',(#3404,#3405,#3406,#3407));
#551=EDGE_LOOP('',(#3408,#3409,#3410,#3411));
#552=EDGE_LOOP('',(#3412,#3413,#3414,#3415,#3416,#3417,#3418,#3419,#3420));
#553=EDGE_LOOP('',(#3421,#3422,#3423,#3424,#3425,#3426,#3427,#3428,#3429,
#3430,#3431,#3432));
#554=EDGE_LOOP('',(#3433,#3434,#3435,#3436));
#555=EDGE_LOOP('',(#3437,#3438,#3439,#3440));
#556=EDGE_LOOP('',(#3441,#3442,#3443,#3444));
#557=EDGE_LOOP('',(#3445,#3446,#3447,#3448));
#558=EDGE_LOOP('',(#3449,#3450,#3451,#3452));
#559=EDGE_LOOP('',(#3453,#3454,#3455,#3456));
#560=EDGE_LOOP('',(#3457,#3458,#3459,#3460));
#561=EDGE_LOOP('',(#3461,#3462,#3463,#3464,#3465,#3466,#3467,#3468,#3469,
#3470,#3471,#3472));
#562=EDGE_LOOP('',(#3473,#3474,#3475,#3476));
#563=EDGE_LOOP('',(#3477,#3478,#3479,#3480));
#564=EDGE_LOOP('',(#3481,#3482,#3483,#3484));
#565=EDGE_LOOP('',(#3485,#3486,#3487,#3488));
#566=EDGE_LOOP('',(#3489,#3490,#3491,#3492));
#567=EDGE_LOOP('',(#3493,#3494,#3495,#3496));
#568=EDGE_LOOP('',(#3497,#3498,#3499,#3500));
#569=EDGE_LOOP('',(#3501,#3502,#3503,#3504));
#570=EDGE_LOOP('',(#3505,#3506,#3507,#3508));
#571=EDGE_LOOP('',(#3509,#3510,#3511,#3512));
#572=EDGE_LOOP('',(#3513,#3514,#3515,#3516));
#573=EDGE_LOOP('',(#3517,#3518,#3519,#3520));
#574=EDGE_LOOP('',(#3521,#3522,#3523,#3524));
#575=EDGE_LOOP('',(#3525,#3526,#3527,#3528));
#576=EDGE_LOOP('',(#3529,#3530,#3531,#3532));
#577=EDGE_LOOP('',(#3533,#3534,#3535,#3536));
#578=EDGE_LOOP('',(#3537,#3538,#3539,#3540));
#579=EDGE_LOOP('',(#3541,#3542,#3543,#3544,#3545,#3546,#3547,#3548,#3549,
#3550,#3551,#3552));
#580=EDGE_LOOP('',(#3553,#3554,#3555,#3556,#3557,#3558));
#581=EDGE_LOOP('',(#3559,#3560,#3561,#3562));
#582=EDGE_LOOP('',(#3563,#3564,#3565,#3566));
#583=EDGE_LOOP('',(#3567,#3568,#3569,#3570,#3571,#3572));
#584=EDGE_LOOP('',(#3573,#3574,#3575,#3576));
#585=EDGE_LOOP('',(#3577,#3578,#3579,#3580,#3581));
#586=EDGE_LOOP('',(#3582,#3583,#3584,#3585));
#587=EDGE_LOOP('',(#3586,#3587,#3588,#3589));
#588=EDGE_LOOP('',(#3590,#3591,#3592,#3593,#3594));
#589=EDGE_LOOP('',(#3595,#3596,#3597,#3598));
#590=EDGE_LOOP('',(#3599,#3600,#3601,#3602,#3603));
#591=EDGE_LOOP('',(#3604,#3605,#3606,#3607));
#592=EDGE_LOOP('',(#3608,#3609,#3610,#3611));
#593=EDGE_LOOP('',(#3612,#3613,#3614,#3615,#3616));
#594=EDGE_LOOP('',(#3617,#3618,#3619,#3620));
#595=EDGE_LOOP('',(#3621,#3622,#3623,#3624,#3625,#3626));
#596=EDGE_LOOP('',(#3627,#3628,#3629,#3630));
#597=EDGE_LOOP('',(#3631,#3632,#3633,#3634));
#598=EDGE_LOOP('',(#3635,#3636,#3637,#3638,#3639,#3640,#3641));
#599=EDGE_LOOP('',(#3642,#3643,#3644,#3645));
#600=EDGE_LOOP('',(#3646,#3647,#3648,#3649));
#601=EDGE_LOOP('',(#3650,#3651,#3652,#3653));
#602=EDGE_LOOP('',(#3654,#3655,#3656,#3657));
#603=EDGE_LOOP('',(#3658,#3659,#3660,#3661));
#604=EDGE_LOOP('',(#3662,#3663,#3664,#3665));
#605=EDGE_LOOP('',(#3666,#3667,#3668,#3669));
#606=EDGE_LOOP('',(#3670,#3671,#3672,#3673));
#607=EDGE_LOOP('',(#3674,#3675,#3676,#3677));
#608=EDGE_LOOP('',(#3678,#3679,#3680,#3681));
#609=EDGE_LOOP('',(#3682,#3683,#3684,#3685));
#610=EDGE_LOOP('',(#3686,#3687,#3688,#3689));
#611=EDGE_LOOP('',(#3690,#3691,#3692,#3693));
#612=EDGE_LOOP('',(#3694,#3695,#3696,#3697));
#613=EDGE_LOOP('',(#3698,#3699,#3700,#3701));
#614=EDGE_LOOP('',(#3702,#3703,#3704,#3705));
#615=EDGE_LOOP('',(#3706,#3707,#3708,#3709));
#616=EDGE_LOOP('',(#3710,#3711,#3712,#3713));
#617=EDGE_LOOP('',(#3714,#3715,#3716,#3717));
#618=EDGE_LOOP('',(#3718,#3719,#3720,#3721));
#619=EDGE_LOOP('',(#3722,#3723,#3724,#3725));
#620=EDGE_LOOP('',(#3726,#3727,#3728,#3729));
#621=EDGE_LOOP('',(#3730,#3731,#3732,#3733));
#622=EDGE_LOOP('',(#3734,#3735,#3736,#3737));
#623=EDGE_LOOP('',(#3738,#3739,#3740,#3741));
#624=EDGE_LOOP('',(#3742,#3743,#3744,#3745));
#625=EDGE_LOOP('',(#3746,#3747,#3748,#3749));
#626=EDGE_LOOP('',(#3750,#3751,#3752,#3753,#3754,#3755,#3756,#3757,#3758,
#3759,#3760,#3761,#3762,#3763,#3764,#3765,#3766,#3767,#3768,#3769,#3770,
#3771));
#627=EDGE_LOOP('',(#3772,#3773,#3774,#3775));
#628=EDGE_LOOP('',(#3776,#3777,#3778,#3779,#3780,#3781,#3782,#3783,#3784,
#3785,#3786,#3787));
#629=EDGE_LOOP('',(#3788,#3789,#3790,#3791));
#630=EDGE_LOOP('',(#3792,#3793,#3794,#3795));
#631=EDGE_LOOP('',(#3796,#3797,#3798,#3799));
#632=EDGE_LOOP('',(#3800,#3801,#3802,#3803,#3804,#3805,#3806,#3807,#3808,
#3809,#3810,#3811,#3812,#3813,#3814,#3815,#3816,#3817));
#633=EDGE_LOOP('',(#3818,#3819,#3820,#3821,#3822,#3823,#3824,#3825,#3826,
#3827,#3828,#3829));
#634=EDGE_LOOP('',(#3830,#3831,#3832,#3833));
#635=EDGE_LOOP('',(#3834,#3835,#3836,#3837));
#636=EDGE_LOOP('',(#3838,#3839,#3840,#3841));
#637=EDGE_LOOP('',(#3842,#3843,#3844,#3845));
#638=EDGE_LOOP('',(#3846,#3847,#3848,#3849));
#639=EDGE_LOOP('',(#3850,#3851,#3852,#3853));
#640=EDGE_LOOP('',(#3854,#3855,#3856,#3857));
#641=EDGE_LOOP('',(#3858,#3859,#3860,#3861));
#642=EDGE_LOOP('',(#3862,#3863,#3864,#3865));
#643=EDGE_LOOP('',(#3866,#3867,#3868,#3869));
#644=EDGE_LOOP('',(#3870,#3871,#3872,#3873));
#645=EDGE_LOOP('',(#3874,#3875,#3876,#3877));
#646=EDGE_LOOP('',(#3878,#3879,#3880,#3881));
#647=EDGE_LOOP('',(#3882,#3883,#3884,#3885));
#648=EDGE_LOOP('',(#3886,#3887,#3888,#3889));
#649=EDGE_LOOP('',(#3890,#3891,#3892,#3893));
#650=EDGE_LOOP('',(#3894,#3895,#3896,#3897));
#651=EDGE_LOOP('',(#3898,#3899,#3900,#3901));
#652=EDGE_LOOP('',(#3902,#3903,#3904,#3905));
#653=EDGE_LOOP('',(#3906,#3907,#3908,#3909));
#654=LINE('',#5713,#1073);
#655=LINE('',#5716,#1074);
#656=LINE('',#5727,#1075);
#657=LINE('',#5728,#1076);
#658=LINE('',#5747,#1077);
#659=LINE('',#5748,#1078);
#660=LINE('',#5792,#1079);
#661=LINE('',#5793,#1080);
#662=LINE('',#5796,#1081);
#663=LINE('',#5800,#1082);
#664=LINE('',#5804,#1083);
#665=LINE('',#5806,#1084);
#666=LINE('',#5810,#1085);
#667=LINE('',#5814,#1086);
#668=LINE('',#5818,#1087);
#669=LINE('',#5822,#1088);
#670=LINE('',#5826,#1089);
#671=LINE('',#5828,#1090);
#672=LINE('',#5830,#1091);
#673=LINE('',#5832,#1092);
#674=LINE('',#5834,#1093);
#675=LINE('',#5836,#1094);
#676=LINE('',#5838,#1095);
#677=LINE('',#5840,#1096);
#678=LINE('',#5842,#1097);
#679=LINE('',#5850,#1098);
#680=LINE('',#5852,#1099);
#681=LINE('',#5854,#1100);
#682=LINE('',#5856,#1101);
#683=LINE('',#5858,#1102);
#684=LINE('',#5860,#1103);
#685=LINE('',#5862,#1104);
#686=LINE('',#5863,#1105);
#687=LINE('',#5866,#1106);
#688=LINE('',#5870,#1107);
#689=LINE('',#5872,#1108);
#690=LINE('',#5874,#1109);
#691=LINE('',#5876,#1110);
#692=LINE('',#5878,#1111);
#693=LINE('',#5880,#1112);
#694=LINE('',#5882,#1113);
#695=LINE('',#5884,#1114);
#696=LINE('',#5886,#1115);
#697=LINE('',#5890,#1116);
#698=LINE('',#5894,#1117);
#699=LINE('',#5898,#1118);
#700=LINE('',#5900,#1119);
#701=LINE('',#5902,#1120);
#702=LINE('',#5903,#1121);
#703=LINE('',#5928,#1122);
#704=LINE('',#5947,#1123);
#705=LINE('',#5948,#1124);
#706=LINE('',#5971,#1125);
#707=LINE('',#5982,#1126);
#708=LINE('',#5983,#1127);
#709=LINE('',#5986,#1128);
#710=LINE('',#5988,#1129);
#711=LINE('',#5990,#1130);
#712=LINE('',#5991,#1131);
#713=LINE('',#5996,#1132);
#714=LINE('',#6000,#1133);
#715=LINE('',#6002,#1134);
#716=LINE('',#6004,#1135);
#717=LINE('',#6006,#1136);
#718=LINE('',#6008,#1137);
#719=LINE('',#6010,#1138);
#720=LINE('',#6012,#1139);
#721=LINE('',#6014,#1140);
#722=LINE('',#6022,#1141);
#723=LINE('',#6024,#1142);
#724=LINE('',#6026,#1143);
#725=LINE('',#6028,#1144);
#726=LINE('',#6030,#1145);
#727=LINE('',#6032,#1146);
#728=LINE('',#6033,#1147);
#729=LINE('',#6038,#1148);
#730=LINE('',#6041,#1149);
#731=LINE('',#6044,#1150);
#732=LINE('',#6048,#1151);
#733=LINE('',#6054,#1152);
#734=LINE('',#6059,#1153);
#735=LINE('',#6062,#1154);
#736=LINE('',#6064,#1155);
#737=LINE('',#6069,#1156);
#738=LINE('',#6070,#1157);
#739=LINE('',#6075,#1158);
#740=LINE('',#6078,#1159);
#741=LINE('',#6082,#1160);
#742=LINE('',#6084,#1161);
#743=LINE('',#6086,#1162);
#744=LINE('',#6087,#1163);
#745=LINE('',#6090,#1164);
#746=LINE('',#6096,#1165);
#747=LINE('',#6100,#1166);
#748=LINE('',#6101,#1167);
#749=LINE('',#6108,#1168);
#750=LINE('',#6116,#1169);
#751=LINE('',#6122,#1170);
#752=LINE('',#6128,#1171);
#753=LINE('',#6142,#1172);
#754=LINE('',#6147,#1173);
#755=LINE('',#6151,#1174);
#756=LINE('',#6153,#1175);
#757=LINE('',#6155,#1176);
#758=LINE('',#6159,#1177);
#759=LINE('',#6163,#1178);
#760=LINE('',#6165,#1179);
#761=LINE('',#6167,#1180);
#762=LINE('',#6170,#1181);
#763=LINE('',#6175,#1182);
#764=LINE('',#6177,#1183);
#765=LINE('',#6179,#1184);
#766=LINE('',#6181,#1185);
#767=LINE('',#6183,#1186);
#768=LINE('',#6185,#1187);
#769=LINE('',#6187,#1188);
#770=LINE('',#6189,#1189);
#771=LINE('',#6191,#1190);
#772=LINE('',#6193,#1191);
#773=LINE('',#6195,#1192);
#774=LINE('',#6197,#1193);
#775=LINE('',#6199,#1194);
#776=LINE('',#6201,#1195);
#777=LINE('',#6203,#1196);
#778=LINE('',#6205,#1197);
#779=LINE('',#6207,#1198);
#780=LINE('',#6209,#1199);
#781=LINE('',#6211,#1200);
#782=LINE('',#6216,#1201);
#783=LINE('',#6220,#1202);
#784=LINE('',#6225,#1203);
#785=LINE('',#6242,#1204);
#786=LINE('',#6248,#1205);
#787=LINE('',#6252,#1206);
#788=LINE('',#6254,#1207);
#789=LINE('',#6256,#1208);
#790=LINE('',#6260,#1209);
#791=LINE('',#6264,#1210);
#792=LINE('',#6266,#1211);
#793=LINE('',#6268,#1212);
#794=LINE('',#6272,#1213);
#795=LINE('',#6277,#1214);
#796=LINE('',#6287,#1215);
#797=LINE('',#6293,#1216);
#798=LINE('',#6297,#1217);
#799=LINE('',#6302,#1218);
#800=LINE('',#6309,#1219);
#801=LINE('',#6314,#1220);
#802=LINE('',#6316,#1221);
#803=LINE('',#6318,#1222);
#804=LINE('',#6320,#1223);
#805=LINE('',#6322,#1224);
#806=LINE('',#6324,#1225);
#807=LINE('',#6326,#1226);
#808=LINE('',#6328,#1227);
#809=LINE('',#6330,#1228);
#810=LINE('',#6332,#1229);
#811=LINE('',#6334,#1230);
#812=LINE('',#6336,#1231);
#813=LINE('',#6338,#1232);
#814=LINE('',#6340,#1233);
#815=LINE('',#6342,#1234);
#816=LINE('',#6344,#1235);
#817=LINE('',#6346,#1236);
#818=LINE('',#6348,#1237);
#819=LINE('',#6349,#1238);
#820=LINE('',#6353,#1239);
#821=LINE('',#6357,#1240);
#822=LINE('',#6363,#1241);
#823=LINE('',#6364,#1242);
#824=LINE('',#6400,#1243);
#825=LINE('',#6401,#1244);
#826=LINE('',#6431,#1245);
#827=LINE('',#6442,#1246);
#828=LINE('',#6444,#1247);
#829=LINE('',#6451,#1248);
#830=LINE('',#6454,#1249);
#831=LINE('',#6457,#1250);
#832=LINE('',#6459,#1251);
#833=LINE('',#6462,#1252);
#834=LINE('',#6464,#1253);
#835=LINE('',#6465,#1254);
#836=LINE('',#6468,#1255);
#837=LINE('',#6470,#1256);
#838=LINE('',#6471,#1257);
#839=LINE('',#6475,#1258);
#840=LINE('',#6478,#1259);
#841=LINE('',#6479,#1260);
#842=LINE('',#6482,#1261);
#843=LINE('',#6483,#1262);
#844=LINE('',#6488,#1263);
#845=LINE('',#6489,#1264);
#846=LINE('',#6492,#1265);
#847=LINE('',#6493,#1266);
#848=LINE('',#6495,#1267);
#849=LINE('',#6497,#1268);
#850=LINE('',#6498,#1269);
#851=LINE('',#6502,#1270);
#852=LINE('',#6505,#1271);
#853=LINE('',#6507,#1272);
#854=LINE('',#6508,#1273);
#855=LINE('',#6511,#1274);
#856=LINE('',#6515,#1275);
#857=LINE('',#6517,#1276);
#858=LINE('',#6518,#1277);
#859=LINE('',#6520,#1278);
#860=LINE('',#6522,#1279);
#861=LINE('',#6524,#1280);
#862=LINE('',#6526,#1281);
#863=LINE('',#6527,#1282);
#864=LINE('',#6528,#1283);
#865=LINE('',#6529,#1284);
#866=LINE('',#6531,#1285);
#867=LINE('',#6533,#1286);
#868=LINE('',#6534,#1287);
#869=LINE('',#6535,#1288);
#870=LINE('',#6537,#1289);
#871=LINE('',#6538,#1290);
#872=LINE('',#6539,#1291);
#873=LINE('',#6541,#1292);
#874=LINE('',#6542,#1293);
#875=LINE('',#6544,#1294);
#876=LINE('',#6546,#1295);
#877=LINE('',#6547,#1296);
#878=LINE('',#6548,#1297);
#879=LINE('',#6552,#1298);
#880=LINE('',#6553,#1299);
#881=LINE('',#6554,#1300);
#882=LINE('',#6557,#1301);
#883=LINE('',#6559,#1302);
#884=LINE('',#6562,#1303);
#885=LINE('',#6563,#1304);
#886=LINE('',#6566,#1305);
#887=LINE('',#6567,#1306);
#888=LINE('',#6570,#1307);
#889=LINE('',#6571,#1308);
#890=LINE('',#6573,#1309);
#891=LINE('',#6579,#1310);
#892=LINE('',#6581,#1311);
#893=LINE('',#6582,#1312);
#894=LINE('',#6585,#1313);
#895=LINE('',#6587,#1314);
#896=LINE('',#6588,#1315);
#897=LINE('',#6593,#1316);
#898=LINE('',#6594,#1317);
#899=LINE('',#6596,#1318);
#900=LINE('',#6597,#1319);
#901=LINE('',#6604,#1320);
#902=LINE('',#6605,#1321);
#903=LINE('',#6607,#1322);
#904=LINE('',#6611,#1323);
#905=LINE('',#6613,#1324);
#906=LINE('',#6615,#1325);
#907=LINE('',#6617,#1326);
#908=LINE('',#6619,#1327);
#909=LINE('',#6621,#1328);
#910=LINE('',#6623,#1329);
#911=LINE('',#6625,#1330);
#912=LINE('',#6627,#1331);
#913=LINE('',#6629,#1332);
#914=LINE('',#6631,#1333);
#915=LINE('',#6632,#1334);
#916=LINE('',#6634,#1335);
#917=LINE('',#6639,#1336);
#918=LINE('',#6640,#1337);
#919=LINE('',#6643,#1338);
#920=LINE('',#6644,#1339);
#921=LINE('',#6648,#1340);
#922=LINE('',#6651,#1341);
#923=LINE('',#6652,#1342);
#924=LINE('',#6656,#1343);
#925=LINE('',#6657,#1344);
#926=LINE('',#6658,#1345);
#927=LINE('',#6662,#1346);
#928=LINE('',#6665,#1347);
#929=LINE('',#6666,#1348);
#930=LINE('',#6670,#1349);
#931=LINE('',#6673,#1350);
#932=LINE('',#6674,#1351);
#933=LINE('',#6678,#1352);
#934=LINE('',#6680,#1353);
#935=LINE('',#6708,#1354);
#936=LINE('',#6709,#1355);
#937=LINE('',#6712,#1356);
#938=LINE('',#6713,#1357);
#939=LINE('',#6719,#1358);
#940=LINE('',#6722,#1359);
#941=LINE('',#6723,#1360);
#942=LINE('',#6749,#1361);
#943=LINE('',#6797,#1362);
#944=LINE('',#6799,#1363);
#945=LINE('',#6800,#1364);
#946=LINE('',#6803,#1365);
#947=LINE('',#6805,#1366);
#948=LINE('',#6806,#1367);
#949=LINE('',#6811,#1368);
#950=LINE('',#6812,#1369);
#951=LINE('',#6814,#1370);
#952=LINE('',#6815,#1371);
#953=LINE('',#6818,#1372);
#954=LINE('',#6820,#1373);
#955=LINE('',#6822,#1374);
#956=LINE('',#6823,#1375);
#957=LINE('',#6825,#1376);
#958=LINE('',#6826,#1377);
#959=LINE('',#6829,#1378);
#960=LINE('',#6831,#1379);
#961=LINE('',#6832,#1380);
#962=LINE('',#6834,#1381);
#963=LINE('',#6836,#1382);
#964=LINE('',#6837,#1383);
#965=LINE('',#6839,#1384);
#966=LINE('',#6841,#1385);
#967=LINE('',#6842,#1386);
#968=LINE('',#6845,#1387);
#969=LINE('',#6846,#1388);
#970=LINE('',#6849,#1389);
#971=LINE('',#6852,#1390);
#972=LINE('',#6853,#1391);
#973=LINE('',#6856,#1392);
#974=LINE('',#6857,#1393);
#975=LINE('',#6860,#1394);
#976=LINE('',#6861,#1395);
#977=LINE('',#6863,#1396);
#978=LINE('',#6867,#1397);
#979=LINE('',#6869,#1398);
#980=LINE('',#6871,#1399);
#981=LINE('',#6873,#1400);
#982=LINE('',#6875,#1401);
#983=LINE('',#6877,#1402);
#984=LINE('',#6879,#1403);
#985=LINE('',#6881,#1404);
#986=LINE('',#6883,#1405);
#987=LINE('',#6885,#1406);
#988=LINE('',#6887,#1407);
#989=LINE('',#6888,#1408);
#990=LINE('',#6891,#1409);
#991=LINE('',#6893,#1410);
#992=LINE('',#6894,#1411);
#993=LINE('',#6897,#1412);
#994=LINE('',#6899,#1413);
#995=LINE('',#6900,#1414);
#996=LINE('',#6902,#1415);
#997=LINE('',#6903,#1416);
#998=LINE('',#6906,#1417);
#999=LINE('',#6908,#1418);
#1000=LINE('',#6909,#1419);
#1001=LINE('',#6912,#1420);
#1002=LINE('',#6913,#1421);
#1003=LINE('',#6918,#1422);
#1004=LINE('',#6919,#1423);
#1005=LINE('',#6922,#1424);
#1006=LINE('',#6923,#1425);
#1007=LINE('',#6927,#1426);
#1008=LINE('',#6930,#1427);
#1009=LINE('',#6931,#1428);
#1010=LINE('',#6935,#1429);
#1011=LINE('',#6936,#1430);
#1012=LINE('',#6937,#1431);
#1013=LINE('',#6941,#1432);
#1014=LINE('',#6944,#1433);
#1015=LINE('',#6945,#1434);
#1016=LINE('',#6949,#1435);
#1017=LINE('',#6952,#1436);
#1018=LINE('',#6953,#1437);
#1019=LINE('',#6957,#1438);
#1020=LINE('',#6959,#1439);
#1021=LINE('',#6962,#1440);
#1022=LINE('',#6964,#1441);
#1023=LINE('',#6965,#1442);
#1024=LINE('',#6967,#1443);
#1025=LINE('',#6969,#1444);
#1026=LINE('',#6970,#1445);
#1027=LINE('',#6974,#1446);
#1028=LINE('',#6975,#1447);
#1029=LINE('',#6980,#1448);
#1030=LINE('',#6982,#1449);
#1031=LINE('',#6985,#1450);
#1032=LINE('',#6986,#1451);
#1033=LINE('',#6993,#1452);
#1034=LINE('',#6995,#1453);
#1035=LINE('',#7000,#1454);
#1036=LINE('',#7002,#1455);
#1037=LINE('',#7004,#1456);
#1038=LINE('',#7009,#1457);
#1039=LINE('',#7019,#1458);
#1040=LINE('',#7020,#1459);
#1041=LINE('',#7021,#1460);
#1042=LINE('',#7025,#1461);
#1043=LINE('',#7026,#1462);
#1044=LINE('',#7029,#1463);
#1045=LINE('',#7030,#1464);
#1046=LINE('',#7066,#1465);
#1047=LINE('',#7093,#1466);
#1048=LINE('',#7094,#1467);
#1049=LINE('',#7097,#1468);
#1050=LINE('',#7098,#1469);
#1051=LINE('',#7103,#1470);
#1052=LINE('',#7107,#1471);
#1053=LINE('',#7108,#1472);
#1054=LINE('',#7134,#1473);
#1055=LINE('',#7138,#1474);
#1056=LINE('',#7141,#1475);
#1057=LINE('',#7145,#1476);
#1058=LINE('',#7146,#1477);
#1059=LINE('',#7480,#1478);
#1060=LINE('',#7726,#1479);
#1061=LINE('',#7730,#1480);
#1062=LINE('',#7732,#1481);
#1063=LINE('',#7734,#1482);
#1064=LINE('',#7736,#1483);
#1065=LINE('',#7750,#1484);
#1066=LINE('',#7751,#1485);
#1067=LINE('',#7753,#1486);
#1068=LINE('',#7756,#1487);
#1069=LINE('',#7758,#1488);
#1070=LINE('',#7761,#1489);
#1071=LINE('',#7764,#1490);
#1072=LINE('',#7766,#1491);
#1073=VECTOR('',#4572,10.);
#1074=VECTOR('',#4575,10.);
#1075=VECTOR('',#4588,10.);
#1076=VECTOR('',#4589,10.);
#1077=VECTOR('',#4600,10.);
#1078=VECTOR('',#4601,10.);
#1079=VECTOR('',#4610,10.);
#1080=VECTOR('',#4611,10.);
#1081=VECTOR('',#4614,10.);
#1082=VECTOR('',#4617,10.);
#1083=VECTOR('',#4620,10.);
#1084=VECTOR('',#4621,10.);
#1085=VECTOR('',#4624,10.);
#1086=VECTOR('',#4627,10.);
#1087=VECTOR('',#4630,10.);
#1088=VECTOR('',#4635,10.);
#1089=VECTOR('',#4640,10.);
#1090=VECTOR('',#4641,10.);
#1091=VECTOR('',#4642,10.);
#1092=VECTOR('',#4643,10.);
#1093=VECTOR('',#4644,10.);
#1094=VECTOR('',#4645,10.);
#1095=VECTOR('',#4646,10.);
#1096=VECTOR('',#4647,10.);
#1097=VECTOR('',#4648,10.);
#1098=VECTOR('',#4655,10.);
#1099=VECTOR('',#4656,10.);
#1100=VECTOR('',#4657,10.);
#1101=VECTOR('',#4658,10.);
#1102=VECTOR('',#4659,10.);
#1103=VECTOR('',#4660,10.);
#1104=VECTOR('',#4661,10.);
#1105=VECTOR('',#4662,10.);
#1106=VECTOR('',#4665,10.);
#1107=VECTOR('',#4670,10.);
#1108=VECTOR('',#4671,10.);
#1109=VECTOR('',#4672,4.);
#1110=VECTOR('',#4673,10.);
#1111=VECTOR('',#4674,10.);
#1112=VECTOR('',#4675,10.);
#1113=VECTOR('',#4676,4.);
#1114=VECTOR('',#4677,10.);
#1115=VECTOR('',#4678,10.);
#1116=VECTOR('',#4681,10.);
#1117=VECTOR('',#4686,10.);
#1118=VECTOR('',#4691,10.);
#1119=VECTOR('',#4692,10.);
#1120=VECTOR('',#4693,10.);
#1121=VECTOR('',#4694,10.);
#1122=VECTOR('',#4699,10.);
#1123=VECTOR('',#4710,10.);
#1124=VECTOR('',#4711,10.);
#1125=VECTOR('',#4722,10.);
#1126=VECTOR('',#4735,10.);
#1127=VECTOR('',#4736,10.);
#1128=VECTOR('',#4739,10.);
#1129=VECTOR('',#4740,10.);
#1130=VECTOR('',#4741,10.);
#1131=VECTOR('',#4742,10.);
#1132=VECTOR('',#4749,10.);
#1133=VECTOR('',#4754,10.);
#1134=VECTOR('',#4755,10.);
#1135=VECTOR('',#4756,10.);
#1136=VECTOR('',#4757,10.);
#1137=VECTOR('',#4758,10.);
#1138=VECTOR('',#4759,10.);
#1139=VECTOR('',#4760,10.);
#1140=VECTOR('',#4761,10.);
#1141=VECTOR('',#4768,10.);
#1142=VECTOR('',#4769,10.);
#1143=VECTOR('',#4770,10.);
#1144=VECTOR('',#4771,10.);
#1145=VECTOR('',#4772,10.);
#1146=VECTOR('',#4773,10.);
#1147=VECTOR('',#4774,10.);
#1148=VECTOR('',#4781,10.);
#1149=VECTOR('',#4784,10.);
#1150=VECTOR('',#4787,10.);
#1151=VECTOR('',#4790,10.);
#1152=VECTOR('',#4795,10.);
#1153=VECTOR('',#4800,10.);
#1154=VECTOR('',#4803,10.);
#1155=VECTOR('',#4804,10.);
#1156=VECTOR('',#4809,10.);
#1157=VECTOR('',#4810,10.);
#1158=VECTOR('',#4813,10.);
#1159=VECTOR('',#4816,10.);
#1160=VECTOR('',#4821,10.);
#1161=VECTOR('',#4822,10.);
#1162=VECTOR('',#4823,10.);
#1163=VECTOR('',#4824,10.);
#1164=VECTOR('',#4827,10.);
#1165=VECTOR('',#4836,10.);
#1166=VECTOR('',#4841,10.);
#1167=VECTOR('',#4842,10.);
#1168=VECTOR('',#4849,10.);
#1169=VECTOR('',#4856,10.);
#1170=VECTOR('',#4861,10.);
#1171=VECTOR('',#4866,10.);
#1172=VECTOR('',#4871,10.);
#1173=VECTOR('',#4876,10.);
#1174=VECTOR('',#4879,10.);
#1175=VECTOR('',#4880,10.);
#1176=VECTOR('',#4881,10.);
#1177=VECTOR('',#4884,10.);
#1178=VECTOR('',#4887,10.);
#1179=VECTOR('',#4888,10.);
#1180=VECTOR('',#4889,10.);
#1181=VECTOR('',#4892,10.);
#1182=VECTOR('',#4897,10.);
#1183=VECTOR('',#4898,10.);
#1184=VECTOR('',#4899,10.);
#1185=VECTOR('',#4900,10.);
#1186=VECTOR('',#4901,10.);
#1187=VECTOR('',#4902,10.);
#1188=VECTOR('',#4903,10.);
#1189=VECTOR('',#4904,10.);
#1190=VECTOR('',#4905,10.);
#1191=VECTOR('',#4906,10.);
#1192=VECTOR('',#4907,10.);
#1193=VECTOR('',#4908,10.);
#1194=VECTOR('',#4909,10.);
#1195=VECTOR('',#4910,10.);
#1196=VECTOR('',#4911,10.);
#1197=VECTOR('',#4912,10.);
#1198=VECTOR('',#4913,10.);
#1199=VECTOR('',#4914,10.);
#1200=VECTOR('',#4915,10.);
#1201=VECTOR('',#4920,10.);
#1202=VECTOR('',#4925,10.);
#1203=VECTOR('',#4932,10.);
#1204=VECTOR('',#4953,10.);
#1205=VECTOR('',#4960,10.);
#1206=VECTOR('',#4963,10.);
#1207=VECTOR('',#4964,10.);
#1208=VECTOR('',#4965,10.);
#1209=VECTOR('',#4968,10.);
#1210=VECTOR('',#4971,10.);
#1211=VECTOR('',#4972,10.);
#1212=VECTOR('',#4973,10.);
#1213=VECTOR('',#4976,10.);
#1214=VECTOR('',#4981,10.);
#1215=VECTOR('',#4984,10.);
#1216=VECTOR('',#4989,10.);
#1217=VECTOR('',#4994,10.);
#1218=VECTOR('',#4999,10.);
#1219=VECTOR('',#5006,10.);
#1220=VECTOR('',#5011,10.);
#1221=VECTOR('',#5012,10.);
#1222=VECTOR('',#5013,10.);
#1223=VECTOR('',#5014,10.);
#1224=VECTOR('',#5015,10.);
#1225=VECTOR('',#5016,10.);
#1226=VECTOR('',#5017,10.);
#1227=VECTOR('',#5018,10.);
#1228=VECTOR('',#5019,10.);
#1229=VECTOR('',#5020,10.);
#1230=VECTOR('',#5021,10.);
#1231=VECTOR('',#5022,10.);
#1232=VECTOR('',#5023,10.);
#1233=VECTOR('',#5024,10.);
#1234=VECTOR('',#5025,10.);
#1235=VECTOR('',#5026,10.);
#1236=VECTOR('',#5027,10.);
#1237=VECTOR('',#5028,10.);
#1238=VECTOR('',#5029,10.);
#1239=VECTOR('',#5034,10.);
#1240=VECTOR('',#5037,10.);
#1241=VECTOR('',#5038,10.);
#1242=VECTOR('',#5039,10.);
#1243=VECTOR('',#5044,10.);
#1244=VECTOR('',#5045,10.);
#1245=VECTOR('',#5046,10.);
#1246=VECTOR('',#5057,10.);
#1247=VECTOR('',#5060,10.);
#1248=VECTOR('',#5071,10.);
#1249=VECTOR('',#5076,10.);
#1250=VECTOR('',#5081,10.);
#1251=VECTOR('',#5084,10.);
#1252=VECTOR('',#5087,10.);
#1253=VECTOR('',#5088,10.);
#1254=VECTOR('',#5089,10.);
#1255=VECTOR('',#5092,10.);
#1256=VECTOR('',#5093,10.);
#1257=VECTOR('',#5094,10.);
#1258=VECTOR('',#5099,10.);
#1259=VECTOR('',#5102,10.);
#1260=VECTOR('',#5103,10.);
#1261=VECTOR('',#5106,10.);
#1262=VECTOR('',#5107,10.);
#1263=VECTOR('',#5112,10.);
#1264=VECTOR('',#5113,10.);
#1265=VECTOR('',#5116,10.);
#1266=VECTOR('',#5117,10.);
#1267=VECTOR('',#5118,10.);
#1268=VECTOR('',#5119,10.);
#1269=VECTOR('',#5120,10.);
#1270=VECTOR('',#5125,10.);
#1271=VECTOR('',#5128,10.);
#1272=VECTOR('',#5129,10.);
#1273=VECTOR('',#5130,10.);
#1274=VECTOR('',#5133,10.);
#1275=VECTOR('',#5138,10.);
#1276=VECTOR('',#5139,10.);
#1277=VECTOR('',#5140,10.);
#1278=VECTOR('',#5143,10.);
#1279=VECTOR('',#5146,10.);
#1280=VECTOR('',#5147,10.);
#1281=VECTOR('',#5148,10.);
#1282=VECTOR('',#5149,10.);
#1283=VECTOR('',#5150,10.);
#1284=VECTOR('',#5151,10.);
#1285=VECTOR('',#5152,10.);
#1286=VECTOR('',#5153,10.);
#1287=VECTOR('',#5154,10.);
#1288=VECTOR('',#5155,10.);
#1289=VECTOR('',#5158,10.);
#1290=VECTOR('',#5159,10.);
#1291=VECTOR('',#5160,10.);
#1292=VECTOR('',#5163,10.);
#1293=VECTOR('',#5164,10.);
#1294=VECTOR('',#5165,10.);
#1295=VECTOR('',#5166,10.);
#1296=VECTOR('',#5167,10.);
#1297=VECTOR('',#5168,10.);
#1298=VECTOR('',#5175,10.);
#1299=VECTOR('',#5176,10.);
#1300=VECTOR('',#5177,10.);
#1301=VECTOR('',#5182,10.);
#1302=VECTOR('',#5185,10.);
#1303=VECTOR('',#5188,10.);
#1304=VECTOR('',#5189,10.);
#1305=VECTOR('',#5192,10.);
#1306=VECTOR('',#5193,10.);
#1307=VECTOR('',#5196,10.);
#1308=VECTOR('',#5197,10.);
#1309=VECTOR('',#5200,10.);
#1310=VECTOR('',#5205,10.);
#1311=VECTOR('',#5206,10.);
#1312=VECTOR('',#5207,10.);
#1313=VECTOR('',#5210,10.);
#1314=VECTOR('',#5211,10.);
#1315=VECTOR('',#5212,10.);
#1316=VECTOR('',#5217,10.);
#1317=VECTOR('',#5218,10.);
#1318=VECTOR('',#5221,10.);
#1319=VECTOR('',#5222,10.);
#1320=VECTOR('',#5233,10.);
#1321=VECTOR('',#5234,10.);
#1322=VECTOR('',#5237,10.);
#1323=VECTOR('',#5240,10.);
#1324=VECTOR('',#5241,10.);
#1325=VECTOR('',#5242,10.);
#1326=VECTOR('',#5243,10.);
#1327=VECTOR('',#5244,10.);
#1328=VECTOR('',#5245,10.);
#1329=VECTOR('',#5246,10.);
#1330=VECTOR('',#5247,10.);
#1331=VECTOR('',#5248,10.);
#1332=VECTOR('',#5249,10.);
#1333=VECTOR('',#5250,10.);
#1334=VECTOR('',#5251,10.);
#1335=VECTOR('',#5254,10.);
#1336=VECTOR('',#5259,10.);
#1337=VECTOR('',#5260,10.);
#1338=VECTOR('',#5263,10.);
#1339=VECTOR('',#5264,10.);
#1340=VECTOR('',#5269,10.);
#1341=VECTOR('',#5272,10.);
#1342=VECTOR('',#5273,10.);
#1343=VECTOR('',#5276,10.);
#1344=VECTOR('',#5277,10.);
#1345=VECTOR('',#5278,10.);
#1346=VECTOR('',#5283,10.);
#1347=VECTOR('',#5286,10.);
#1348=VECTOR('',#5287,10.);
#1349=VECTOR('',#5292,10.);
#1350=VECTOR('',#5295,10.);
#1351=VECTOR('',#5296,10.);
#1352=VECTOR('',#5301,10.);
#1353=VECTOR('',#5304,10.);
#1354=VECTOR('',#5307,10.);
#1355=VECTOR('',#5308,10.);
#1356=VECTOR('',#5311,10.);
#1357=VECTOR('',#5312,10.);
#1358=VECTOR('',#5321,10.);
#1359=VECTOR('',#5324,10.);
#1360=VECTOR('',#5325,10.);
#1361=VECTOR('',#5326,10.);
#1362=VECTOR('',#5337,10.);
#1363=VECTOR('',#5338,10.);
#1364=VECTOR('',#5339,10.);
#1365=VECTOR('',#5342,10.);
#1366=VECTOR('',#5343,10.);
#1367=VECTOR('',#5344,10.);
#1368=VECTOR('',#5349,10.);
#1369=VECTOR('',#5350,10.);
#1370=VECTOR('',#5353,10.);
#1371=VECTOR('',#5354,10.);
#1372=VECTOR('',#5357,10.);
#1373=VECTOR('',#5358,10.);
#1374=VECTOR('',#5359,10.);
#1375=VECTOR('',#5360,10.);
#1376=VECTOR('',#5361,10.);
#1377=VECTOR('',#5362,10.);
#1378=VECTOR('',#5365,10.);
#1379=VECTOR('',#5366,10.);
#1380=VECTOR('',#5367,10.);
#1381=VECTOR('',#5368,10.);
#1382=VECTOR('',#5369,10.);
#1383=VECTOR('',#5370,10.);
#1384=VECTOR('',#5371,10.);
#1385=VECTOR('',#5372,10.);
#1386=VECTOR('',#5373,10.);
#1387=VECTOR('',#5376,10.);
#1388=VECTOR('',#5377,10.);
#1389=VECTOR('',#5382,10.);
#1390=VECTOR('',#5385,10.);
#1391=VECTOR('',#5386,10.);
#1392=VECTOR('',#5389,10.);
#1393=VECTOR('',#5390,10.);
#1394=VECTOR('',#5393,10.);
#1395=VECTOR('',#5394,10.);
#1396=VECTOR('',#5397,10.);
#1397=VECTOR('',#5400,10.);
#1398=VECTOR('',#5401,10.);
#1399=VECTOR('',#5402,10.);
#1400=VECTOR('',#5403,10.);
#1401=VECTOR('',#5404,10.);
#1402=VECTOR('',#5405,10.);
#1403=VECTOR('',#5406,10.);
#1404=VECTOR('',#5407,10.);
#1405=VECTOR('',#5408,10.);
#1406=VECTOR('',#5409,10.);
#1407=VECTOR('',#5410,10.);
#1408=VECTOR('',#5411,10.);
#1409=VECTOR('',#5414,10.);
#1410=VECTOR('',#5415,10.);
#1411=VECTOR('',#5416,10.);
#1412=VECTOR('',#5419,10.);
#1413=VECTOR('',#5420,10.);
#1414=VECTOR('',#5421,10.);
#1415=VECTOR('',#5424,10.);
#1416=VECTOR('',#5425,10.);
#1417=VECTOR('',#5428,10.);
#1418=VECTOR('',#5429,10.);
#1419=VECTOR('',#5430,10.);
#1420=VECTOR('',#5433,10.);
#1421=VECTOR('',#5434,10.);
#1422=VECTOR('',#5439,10.);
#1423=VECTOR('',#5440,10.);
#1424=VECTOR('',#5443,10.);
#1425=VECTOR('',#5444,10.);
#1426=VECTOR('',#5449,10.);
#1427=VECTOR('',#5452,10.);
#1428=VECTOR('',#5453,10.);
#1429=VECTOR('',#5456,10.);
#1430=VECTOR('',#5457,10.);
#1431=VECTOR('',#5458,10.);
#1432=VECTOR('',#5463,10.);
#1433=VECTOR('',#5466,10.);
#1434=VECTOR('',#5467,10.);
#1435=VECTOR('',#5472,10.);
#1436=VECTOR('',#5475,10.);
#1437=VECTOR('',#5476,10.);
#1438=VECTOR('',#5481,10.);
#1439=VECTOR('',#5484,10.);
#1440=VECTOR('',#5487,10.);
#1441=VECTOR('',#5488,10.);
#1442=VECTOR('',#5489,10.);
#1443=VECTOR('',#5492,10.);
#1444=VECTOR('',#5493,10.);
#1445=VECTOR('',#5494,10.);
#1446=VECTOR('',#5499,10.);
#1447=VECTOR('',#5500,10.);
#1448=VECTOR('',#5507,10.);
#1449=VECTOR('',#5510,10.);
#1450=VECTOR('',#5513,10.);
#1451=VECTOR('',#5514,10.);
#1452=VECTOR('',#5525,10.);
#1453=VECTOR('',#5528,10.);
#1454=VECTOR('',#5535,10.);
#1455=VECTOR('',#5538,10.);
#1456=VECTOR('',#5541,10.);
#1457=VECTOR('',#5550,10.);
#1458=VECTOR('',#5565,10.);
#1459=VECTOR('',#5566,10.);
#1460=VECTOR('',#5567,10.);
#1461=VECTOR('',#5574,10.);
#1462=VECTOR('',#5575,10.);
#1463=VECTOR('',#5578,10.);
#1464=VECTOR('',#5579,10.);
#1465=VECTOR('',#5586,10.);
#1466=VECTOR('',#5587,10.);
#1467=VECTOR('',#5588,10.);
#1468=VECTOR('',#5591,10.);
#1469=VECTOR('',#5592,10.);
#1470=VECTOR('',#5599,10.);
#1471=VECTOR('',#5604,10.);
#1472=VECTOR('',#5605,10.);
#1473=VECTOR('',#5606,10.);
#1474=VECTOR('',#5613,10.);
#1475=VECTOR('',#5616,10.);
#1476=VECTOR('',#5621,10.);
#1477=VECTOR('',#5622,10.);
#1478=VECTOR('',#5635,10.);
#1479=VECTOR('',#5644,10.);
#1480=VECTOR('',#5651,10.);
#1481=VECTOR('',#5654,10.);
#1482=VECTOR('',#5657,10.);
#1483=VECTOR('',#5660,10.);
#1484=VECTOR('',#5681,10.);
#1485=VECTOR('',#5682,10.);
#1486=VECTOR('',#5685,10.);
#1487=VECTOR('',#5690,10.);
#1488=VECTOR('',#5693,10.);
#1489=VECTOR('',#5698,10.);
#1490=VECTOR('',#5703,10.);
#1491=VECTOR('',#5706,10.);
#1492=CIRCLE('',#4207,0.5);
#1493=CIRCLE('',#4208,0.500000000000613);
#1494=CIRCLE('',#4210,0.499999999999998);
#1495=CIRCLE('',#4211,3.50000000000001);
#1496=CIRCLE('',#4212,4.);
#1497=CIRCLE('',#4214,0.499999999999998);
#1498=CIRCLE('',#4215,0.499999939651387);
#1499=CIRCLE('',#4216,0.500000000000002);
#1500=CIRCLE('',#4217,1.);
#1501=CIRCLE('',#4219,0.5);
#1502=CIRCLE('',#4220,0.499999999999998);
#1503=CIRCLE('',#4221,0.500000000000002);
#1504=CIRCLE('',#4222,1.);
#1505=CIRCLE('',#4225,3.00000651062576);
#1506=CIRCLE('',#4226,2.99999342554971);
#1507=CIRCLE('',#4227,1.00000000000142);
#1508=CIRCLE('',#4228,1.00000000000001);
#1509=CIRCLE('',#4229,0.999999999999999);
#1510=CIRCLE('',#4230,1.00000000000123);
#1511=CIRCLE('',#4232,1.);
#1512=CIRCLE('',#4234,3.);
#1513=CIRCLE('',#4235,10.993500405435);
#1514=CIRCLE('',#4236,3.);
#1515=CIRCLE('',#4238,1.);
#1516=CIRCLE('',#4240,2.9999813627218);
#1517=CIRCLE('',#4241,2.99999747311773);
#1518=CIRCLE('',#4243,4.);
#1519=CIRCLE('',#4246,0.500000000000007);
#1520=CIRCLE('',#4247,0.500000000000009);
#1521=CIRCLE('',#4248,0.500000000000002);
#1522=CIRCLE('',#4249,1.);
#1523=CIRCLE('',#4251,0.499999999999998);
#1524=CIRCLE('',#4252,0.500000000000007);
#1525=CIRCLE('',#4253,0.500000000000002);
#1526=CIRCLE('',#4254,1.);
#1527=CIRCLE('',#4256,0.499999999999998);
#1528=CIRCLE('',#4258,0.500000000000015);
#1529=CIRCLE('',#4259,3.50000000000001);
#1530=CIRCLE('',#4260,4.);
#1531=CIRCLE('',#4262,0.500000000000613);
#1532=CIRCLE('',#4265,4.);
#1533=CIRCLE('',#4267,0.999999999999996);
#1534=CIRCLE('',#4269,3.);
#1535=CIRCLE('',#4270,10.993500405435);
#1536=CIRCLE('',#4271,3.);
#1537=CIRCLE('',#4273,1.);
#1538=CIRCLE('',#4275,1.00000000000264);
#1539=CIRCLE('',#4277,1.00000000000001);
#1540=CIRCLE('',#4278,1.00000000000123);
#1541=CIRCLE('',#4279,9.00000000002206);
#1542=CIRCLE('',#4280,9.00000000002206);
#1543=CIRCLE('',#4281,1.00000000000142);
#1544=CIRCLE('',#4283,4.00000000000002);
#1545=CIRCLE('',#4284,4.00000000000002);
#1546=CIRCLE('',#4287,9.00000000002206);
#1547=CIRCLE('',#4290,9.00000000002206);
#1548=CIRCLE('',#4292,4.);
#1549=CIRCLE('',#4294,4.);
#1550=CIRCLE('',#4297,1.);
#1551=CIRCLE('',#4298,1.);
#1552=CIRCLE('',#4299,1.);
#1553=CIRCLE('',#4300,9.);
#1554=CIRCLE('',#4301,1.);
#1555=CIRCLE('',#4302,9.);
#1556=CIRCLE('',#4303,1.);
#1557=CIRCLE('',#4304,1.);
#1558=CIRCLE('',#4305,9.);
#1559=CIRCLE('',#4306,1.00000000000001);
#1560=CIRCLE('',#4307,9.);
#1561=CIRCLE('',#4308,1.0000000000012);
#1562=CIRCLE('',#4309,1.);
#1563=CIRCLE('',#4310,1.);
#1564=CIRCLE('',#4311,1.);
#1565=CIRCLE('',#4312,1.);
#1566=CIRCLE('',#4313,1.);
#1567=CIRCLE('',#4315,1.);
#1568=CIRCLE('',#4316,1.);
#1569=CIRCLE('',#4317,3.99999342554971);
#1570=CIRCLE('',#4318,4.00000651062576);
#1571=CIRCLE('',#4320,4.00000651062576);
#1572=CIRCLE('',#4322,0.999999999999999);
#1573=CIRCLE('',#4324,0.999999999999999);
#1574=CIRCLE('',#4325,4.);
#1575=CIRCLE('',#4326,0.999999999999995);
#1576=CIRCLE('',#4328,0.999999999999999);
#1577=CIRCLE('',#4329,4.);
#1578=CIRCLE('',#4330,0.999999999999997);
#1579=CIRCLE('',#4332,1.);
#1580=CIRCLE('',#4333,0.999999999999999);
#1581=CIRCLE('',#4335,1.);
#1582=CIRCLE('',#4336,1.);
#1583=CIRCLE('',#4337,1.);
#1584=CIRCLE('',#4338,1.);
#1585=CIRCLE('',#4339,1.);
#1586=CIRCLE('',#4340,1.);
#1587=CIRCLE('',#4341,1.0000000000012);
#1588=CIRCLE('',#4342,9.);
#1589=CIRCLE('',#4343,9.);
#1590=CIRCLE('',#4344,1.);
#1591=CIRCLE('',#4345,1.);
#1592=CIRCLE('',#4346,9.);
#1593=CIRCLE('',#4347,9.);
#1594=CIRCLE('',#4348,1.);
#1595=CIRCLE('',#4350,1.);
#1596=CIRCLE('',#4351,4.00000651062576);
#1597=CIRCLE('',#4352,3.9999813627218);
#1598=CIRCLE('',#4353,1.);
#1599=CIRCLE('',#4355,3.99999747311773);
#1600=CIRCLE('',#4357,1.);
#1601=CIRCLE('',#4360,1.0000000000012);
#1602=CIRCLE('',#4363,1.0000000000012);
#1603=CIRCLE('',#4366,1.);
#1604=CIRCLE('',#4367,3.99999342554971);
#1605=CIRCLE('',#4369,1.);
#1606=CIRCLE('',#4378,1.);
#1607=CIRCLE('',#4382,1.);
#1608=CIRCLE('',#4385,1.);
#1609=CIRCLE('',#4388,1.);
#1610=CIRCLE('',#4405,9.);
#1611=CIRCLE('',#4408,9.);
#1612=CIRCLE('',#4419,9.);
#1613=CIRCLE('',#4422,9.);
#1614=CIRCLE('',#4426,9.);
#1615=CIRCLE('',#4429,9.);
#1616=CIRCLE('',#4432,9.);
#1617=CIRCLE('',#4437,1.0000000000012);
#1618=CIRCLE('',#4439,1.0000000000012);
#1619=CIRCLE('',#4442,9.);
#1620=CIRCLE('',#4443,0.999999999999995);
#1621=CIRCLE('',#4445,9.);
#1622=CIRCLE('',#4448,9.);
#1623=CIRCLE('',#4466,9.);
#1624=CIRCLE('',#4469,9.);
#1625=CIRCLE('',#4473,9.);
#1626=CIRCLE('',#4476,9.);
#1627=CIRCLE('',#4479,9.);
#1628=CIRCLE('',#4487,1.);
#1629=CIRCLE('',#4491,1.);
#1630=CIRCLE('',#4494,1.);
#1631=CIRCLE('',#4498,1.);
#1632=CIRCLE('',#4503,3.9999813627218);
#1633=CIRCLE('',#4507,1.00000000000001);
#1634=CIRCLE('',#4508,0.999999999999996);
#1635=CIRCLE('',#4513,1.0000000000012);
#1636=CIRCLE('',#4517,1.0000000000012);
#1637=CIRCLE('',#4521,1.0000000000012);
#1638=CIRCLE('',#4523,1.0000000000012);
#1639=CIRCLE('',#4526,9.);
#1640=CIRCLE('',#4529,0.999999999999999);
#1641=CIRCLE('',#4531,0.999999999628431);
#1642=CIRCLE('',#4532,0.999999999632861);
#1643=CIRCLE('',#4533,1.);
#1644=CIRCLE('',#4534,1.);
#1645=CIRCLE('',#4535,0.999999999999999);
#1646=CIRCLE('',#4537,1.);
#1647=CIRCLE('',#4538,0.999999999999999);
#1648=CIRCLE('',#4539,1.);
#1649=CIRCLE('',#4542,9.99350040543496);
#1650=CIRCLE('',#4548,0.999999999999997);
#1651=CIRCLE('',#4549,4.);
#1652=CIRCLE('',#4551,1.);
#1653=CIRCLE('',#4552,9.99350040543496);
#1654=CIRCLE('',#4554,0.999999999999995);
#1655=CIRCLE('',#4555,4.);
#1656=VERTEX_POINT('',#5709);
#1657=VERTEX_POINT('',#5710);
#1658=VERTEX_POINT('',#5712);
#1659=VERTEX_POINT('',#5714);
#1660=VERTEX_POINT('',#5718);
#1661=VERTEX_POINT('',#5719);
#1662=VERTEX_POINT('',#5724);
#1663=VERTEX_POINT('',#5725);
#1664=VERTEX_POINT('',#5738);
#1665=VERTEX_POINT('',#5739);
#1666=VERTEX_POINT('',#5744);
#1667=VERTEX_POINT('',#5745);
#1668=VERTEX_POINT('',#5764);
#1669=VERTEX_POINT('',#5765);
#1670=VERTEX_POINT('',#5770);
#1671=VERTEX_POINT('',#5771);
#1672=VERTEX_POINT('',#5795);
#1673=VERTEX_POINT('',#5797);
#1674=VERTEX_POINT('',#5799);
#1675=VERTEX_POINT('',#5801);
#1676=VERTEX_POINT('',#5803);
#1677=VERTEX_POINT('',#5805);
#1678=VERTEX_POINT('',#5807);
#1679=VERTEX_POINT('',#5809);
#1680=VERTEX_POINT('',#5811);
#1681=VERTEX_POINT('',#5813);
#1682=VERTEX_POINT('',#5815);
#1683=VERTEX_POINT('',#5817);
#1684=VERTEX_POINT('',#5821);
#1685=VERTEX_POINT('',#5825);
#1686=VERTEX_POINT('',#5827);
#1687=VERTEX_POINT('',#5829);
#1688=VERTEX_POINT('',#5831);
#1689=VERTEX_POINT('',#5833);
#1690=VERTEX_POINT('',#5835);
#1691=VERTEX_POINT('',#5837);
#1692=VERTEX_POINT('',#5839);
#1693=VERTEX_POINT('',#5841);
#1694=VERTEX_POINT('',#5843);
#1695=VERTEX_POINT('',#5845);
#1696=VERTEX_POINT('',#5847);
#1697=VERTEX_POINT('',#5849);
#1698=VERTEX_POINT('',#5851);
#1699=VERTEX_POINT('',#5853);
#1700=VERTEX_POINT('',#5855);
#1701=VERTEX_POINT('',#5857);
#1702=VERTEX_POINT('',#5859);
#1703=VERTEX_POINT('',#5861);
#1704=VERTEX_POINT('',#5865);
#1705=VERTEX_POINT('',#5869);
#1706=VERTEX_POINT('',#5871);
#1707=VERTEX_POINT('',#5873);
#1708=VERTEX_POINT('',#5875);
#1709=VERTEX_POINT('',#5877);
#1710=VERTEX_POINT('',#5879);
#1711=VERTEX_POINT('',#5881);
#1712=VERTEX_POINT('',#5883);
#1713=VERTEX_POINT('',#5885);
#1714=VERTEX_POINT('',#5887);
#1715=VERTEX_POINT('',#5889);
#1716=VERTEX_POINT('',#5893);
#1717=VERTEX_POINT('',#5897);
#1718=VERTEX_POINT('',#5899);
#1719=VERTEX_POINT('',#5901);
#1720=VERTEX_POINT('',#5905);
#1721=VERTEX_POINT('',#5926);
#1722=VERTEX_POINT('',#5938);
#1723=VERTEX_POINT('',#5939);
#1724=VERTEX_POINT('',#5944);
#1725=VERTEX_POINT('',#5945);
#1726=VERTEX_POINT('',#5964);
#1727=VERTEX_POINT('',#5969);
#1728=VERTEX_POINT('',#5973);
#1729=VERTEX_POINT('',#5974);
#1730=VERTEX_POINT('',#5979);
#1731=VERTEX_POINT('',#5980);
#1732=VERTEX_POINT('',#5985);
#1733=VERTEX_POINT('',#5987);
#1734=VERTEX_POINT('',#5989);
#1735=VERTEX_POINT('',#5995);
#1736=VERTEX_POINT('',#5999);
#1737=VERTEX_POINT('',#6001);
#1738=VERTEX_POINT('',#6003);
#1739=VERTEX_POINT('',#6005);
#1740=VERTEX_POINT('',#6007);
#1741=VERTEX_POINT('',#6009);
#1742=VERTEX_POINT('',#6011);
#1743=VERTEX_POINT('',#6013);
#1744=VERTEX_POINT('',#6015);
#1745=VERTEX_POINT('',#6017);
#1746=VERTEX_POINT('',#6019);
#1747=VERTEX_POINT('',#6021);
#1748=VERTEX_POINT('',#6023);
#1749=VERTEX_POINT('',#6025);
#1750=VERTEX_POINT('',#6027);
#1751=VERTEX_POINT('',#6029);
#1752=VERTEX_POINT('',#6031);
#1753=VERTEX_POINT('',#6037);
#1754=VERTEX_POINT('',#6039);
#1755=VERTEX_POINT('',#6043);
#1756=VERTEX_POINT('',#6045);
#1757=VERTEX_POINT('',#6047);
#1758=VERTEX_POINT('',#6049);
#1759=VERTEX_POINT('',#6051);
#1760=VERTEX_POINT('',#6053);
#1761=VERTEX_POINT('',#6055);
#1762=VERTEX_POINT('',#6057);
#1763=VERTEX_POINT('',#6061);
#1764=VERTEX_POINT('',#6063);
#1765=VERTEX_POINT('',#6066);
#1766=VERTEX_POINT('',#6068);
#1767=VERTEX_POINT('',#6077);
#1768=VERTEX_POINT('',#6081);
#1769=VERTEX_POINT('',#6083);
#1770=VERTEX_POINT('',#6085);
#1771=VERTEX_POINT('',#6089);
#1772=VERTEX_POINT('',#6095);
#1773=VERTEX_POINT('',#6099);
#1774=VERTEX_POINT('',#6103);
#1775=VERTEX_POINT('',#6105);
#1776=VERTEX_POINT('',#6107);
#1777=VERTEX_POINT('',#6109);
#1778=VERTEX_POINT('',#6111);
#1779=VERTEX_POINT('',#6113);
#1780=VERTEX_POINT('',#6115);
#1781=VERTEX_POINT('',#6117);
#1782=VERTEX_POINT('',#6119);
#1783=VERTEX_POINT('',#6121);
#1784=VERTEX_POINT('',#6123);
#1785=VERTEX_POINT('',#6125);
#1786=VERTEX_POINT('',#6127);
#1787=VERTEX_POINT('',#6129);
#1788=VERTEX_POINT('',#6131);
#1789=VERTEX_POINT('',#6133);
#1790=VERTEX_POINT('',#6141);
#1791=VERTEX_POINT('',#6144);
#1792=VERTEX_POINT('',#6146);
#1793=VERTEX_POINT('',#6148);
#1794=VERTEX_POINT('',#6150);
#1795=VERTEX_POINT('',#6152);
#1796=VERTEX_POINT('',#6154);
#1797=VERTEX_POINT('',#6156);
#1798=VERTEX_POINT('',#6158);
#1799=VERTEX_POINT('',#6160);
#1800=VERTEX_POINT('',#6162);
#1801=VERTEX_POINT('',#6164);
#1802=VERTEX_POINT('',#6166);
#1803=VERTEX_POINT('',#6168);
#1804=VERTEX_POINT('',#6172);
#1805=VERTEX_POINT('',#6174);
#1806=VERTEX_POINT('',#6176);
#1807=VERTEX_POINT('',#6178);
#1808=VERTEX_POINT('',#6180);
#1809=VERTEX_POINT('',#6182);
#1810=VERTEX_POINT('',#6184);
#1811=VERTEX_POINT('',#6186);
#1812=VERTEX_POINT('',#6188);
#1813=VERTEX_POINT('',#6190);
#1814=VERTEX_POINT('',#6192);
#1815=VERTEX_POINT('',#6194);
#1816=VERTEX_POINT('',#6196);
#1817=VERTEX_POINT('',#6198);
#1818=VERTEX_POINT('',#6200);
#1819=VERTEX_POINT('',#6202);
#1820=VERTEX_POINT('',#6204);
#1821=VERTEX_POINT('',#6206);
#1822=VERTEX_POINT('',#6208);
#1823=VERTEX_POINT('',#6210);
#1824=VERTEX_POINT('',#6213);
#1825=VERTEX_POINT('',#6215);
#1826=VERTEX_POINT('',#6219);
#1827=VERTEX_POINT('',#6223);
#1828=VERTEX_POINT('',#6227);
#1829=VERTEX_POINT('',#6229);
#1830=VERTEX_POINT('',#6233);
#1831=VERTEX_POINT('',#6235);
#1832=VERTEX_POINT('',#6239);
#1833=VERTEX_POINT('',#6241);
#1834=VERTEX_POINT('',#6245);
#1835=VERTEX_POINT('',#6247);
#1836=VERTEX_POINT('',#6249);
#1837=VERTEX_POINT('',#6251);
#1838=VERTEX_POINT('',#6253);
#1839=VERTEX_POINT('',#6255);
#1840=VERTEX_POINT('',#6257);
#1841=VERTEX_POINT('',#6259);
#1842=VERTEX_POINT('',#6261);
#1843=VERTEX_POINT('',#6263);
#1844=VERTEX_POINT('',#6265);
#1845=VERTEX_POINT('',#6267);
#1846=VERTEX_POINT('',#6269);
#1847=VERTEX_POINT('',#6271);
#1848=VERTEX_POINT('',#6274);
#1849=VERTEX_POINT('',#6276);
#1850=VERTEX_POINT('',#6278);
#1851=VERTEX_POINT('',#6288);
#1852=VERTEX_POINT('',#6290);
#1853=VERTEX_POINT('',#6292);
#1854=VERTEX_POINT('',#6294);
#1855=VERTEX_POINT('',#6298);
#1856=VERTEX_POINT('',#6300);
#1857=VERTEX_POINT('',#6304);
#1858=VERTEX_POINT('',#6306);
#1859=VERTEX_POINT('',#6308);
#1860=VERTEX_POINT('',#6311);
#1861=VERTEX_POINT('',#6313);
#1862=VERTEX_POINT('',#6315);
#1863=VERTEX_POINT('',#6317);
#1864=VERTEX_POINT('',#6319);
#1865=VERTEX_POINT('',#6321);
#1866=VERTEX_POINT('',#6323);
#1867=VERTEX_POINT('',#6325);
#1868=VERTEX_POINT('',#6327);
#1869=VERTEX_POINT('',#6329);
#1870=VERTEX_POINT('',#6331);
#1871=VERTEX_POINT('',#6333);
#1872=VERTEX_POINT('',#6335);
#1873=VERTEX_POINT('',#6337);
#1874=VERTEX_POINT('',#6339);
#1875=VERTEX_POINT('',#6341);
#1876=VERTEX_POINT('',#6343);
#1877=VERTEX_POINT('',#6345);
#1878=VERTEX_POINT('',#6347);
#1879=VERTEX_POINT('',#6351);
#1880=VERTEX_POINT('',#6355);
#1881=VERTEX_POINT('',#6356);
#1882=VERTEX_POINT('',#6358);
#1883=VERTEX_POINT('',#6385);
#1884=VERTEX_POINT('',#6393);
#1885=VERTEX_POINT('',#6422);
#1886=VERTEX_POINT('',#6423);
#1887=VERTEX_POINT('',#6440);
#1888=VERTEX_POINT('',#6446);
#1889=VERTEX_POINT('',#6461);
#1890=VERTEX_POINT('',#6463);
#1891=VERTEX_POINT('',#6467);
#1892=VERTEX_POINT('',#6469);
#1893=VERTEX_POINT('',#6473);
#1894=VERTEX_POINT('',#6477);
#1895=VERTEX_POINT('',#6481);
#1896=VERTEX_POINT('',#6485);
#1897=VERTEX_POINT('',#6486);
#1898=VERTEX_POINT('',#6491);
#1899=VERTEX_POINT('',#6494);
#1900=VERTEX_POINT('',#6496);
#1901=VERTEX_POINT('',#6500);
#1902=VERTEX_POINT('',#6504);
#1903=VERTEX_POINT('',#6506);
#1904=VERTEX_POINT('',#6510);
#1905=VERTEX_POINT('',#6514);
#1906=VERTEX_POINT('',#6516);
#1907=VERTEX_POINT('',#6523);
#1908=VERTEX_POINT('',#6525);
#1909=VERTEX_POINT('',#6530);
#1910=VERTEX_POINT('',#6532);
#1911=VERTEX_POINT('',#6543);
#1912=VERTEX_POINT('',#6545);
#1913=VERTEX_POINT('',#6561);
#1914=VERTEX_POINT('',#6565);
#1915=VERTEX_POINT('',#6569);
#1916=VERTEX_POINT('',#6575);
#1917=VERTEX_POINT('',#6576);
#1918=VERTEX_POINT('',#6578);
#1919=VERTEX_POINT('',#6580);
#1920=VERTEX_POINT('',#6584);
#1921=VERTEX_POINT('',#6586);
#1922=VERTEX_POINT('',#6590);
#1923=VERTEX_POINT('',#6592);
#1924=VERTEX_POINT('',#6603);
#1925=VERTEX_POINT('',#6609);
#1926=VERTEX_POINT('',#6610);
#1927=VERTEX_POINT('',#6612);
#1928=VERTEX_POINT('',#6614);
#1929=VERTEX_POINT('',#6616);
#1930=VERTEX_POINT('',#6618);
#1931=VERTEX_POINT('',#6620);
#1932=VERTEX_POINT('',#6622);
#1933=VERTEX_POINT('',#6624);
#1934=VERTEX_POINT('',#6626);
#1935=VERTEX_POINT('',#6628);
#1936=VERTEX_POINT('',#6630);
#1937=VERTEX_POINT('',#6636);
#1938=VERTEX_POINT('',#6637);
#1939=VERTEX_POINT('',#6642);
#1940=VERTEX_POINT('',#6646);
#1941=VERTEX_POINT('',#6650);
#1942=VERTEX_POINT('',#6654);
#1943=VERTEX_POINT('',#6655);
#1944=VERTEX_POINT('',#6660);
#1945=VERTEX_POINT('',#6664);
#1946=VERTEX_POINT('',#6668);
#1947=VERTEX_POINT('',#6672);
#1948=VERTEX_POINT('',#6676);
#1949=VERTEX_POINT('',#6698);
#1950=VERTEX_POINT('',#6699);
#1951=VERTEX_POINT('',#6711);
#1952=VERTEX_POINT('',#6717);
#1953=VERTEX_POINT('',#6721);
#1954=VERTEX_POINT('',#6740);
#1955=VERTEX_POINT('',#6772);
#1956=VERTEX_POINT('',#6773);
#1957=VERTEX_POINT('',#6781);
#1958=VERTEX_POINT('',#6786);
#1959=VERTEX_POINT('',#6793);
#1960=VERTEX_POINT('',#6794);
#1961=VERTEX_POINT('',#6796);
#1962=VERTEX_POINT('',#6798);
#1963=VERTEX_POINT('',#6802);
#1964=VERTEX_POINT('',#6804);
#1965=VERTEX_POINT('',#6808);
#1966=VERTEX_POINT('',#6810);
#1967=VERTEX_POINT('',#6817);
#1968=VERTEX_POINT('',#6819);
#1969=VERTEX_POINT('',#6821);
#1970=VERTEX_POINT('',#6824);
#1971=VERTEX_POINT('',#6828);
#1972=VERTEX_POINT('',#6830);
#1973=VERTEX_POINT('',#6833);
#1974=VERTEX_POINT('',#6835);
#1975=VERTEX_POINT('',#6838);
#1976=VERTEX_POINT('',#6840);
#1977=VERTEX_POINT('',#6844);
#1978=VERTEX_POINT('',#6851);
#1979=VERTEX_POINT('',#6855);
#1980=VERTEX_POINT('',#6859);
#1981=VERTEX_POINT('',#6865);
#1982=VERTEX_POINT('',#6866);
#1983=VERTEX_POINT('',#6868);
#1984=VERTEX_POINT('',#6870);
#1985=VERTEX_POINT('',#6872);
#1986=VERTEX_POINT('',#6874);
#1987=VERTEX_POINT('',#6876);
#1988=VERTEX_POINT('',#6878);
#1989=VERTEX_POINT('',#6880);
#1990=VERTEX_POINT('',#6882);
#1991=VERTEX_POINT('',#6884);
#1992=VERTEX_POINT('',#6886);
#1993=VERTEX_POINT('',#6890);
#1994=VERTEX_POINT('',#6892);
#1995=VERTEX_POINT('',#6896);
#1996=VERTEX_POINT('',#6898);
#1997=VERTEX_POINT('',#6905);
#1998=VERTEX_POINT('',#6907);
#1999=VERTEX_POINT('',#6911);
#2000=VERTEX_POINT('',#6915);
#2001=VERTEX_POINT('',#6916);
#2002=VERTEX_POINT('',#6921);
#2003=VERTEX_POINT('',#6925);
#2004=VERTEX_POINT('',#6929);
#2005=VERTEX_POINT('',#6933);
#2006=VERTEX_POINT('',#6934);
#2007=VERTEX_POINT('',#6939);
#2008=VERTEX_POINT('',#6943);
#2009=VERTEX_POINT('',#6947);
#2010=VERTEX_POINT('',#6951);
#2011=VERTEX_POINT('',#6955);
#2012=VERTEX_POINT('',#6961);
#2013=VERTEX_POINT('',#6963);
#2014=VERTEX_POINT('',#6968);
#2015=VERTEX_POINT('',#6973);
#2016=VERTEX_POINT('',#6978);
#2017=VERTEX_POINT('',#6984);
#2018=VERTEX_POINT('',#6991);
#2019=VERTEX_POINT('',#6998);
#2020=VERTEX_POINT('',#7017);
#2021=VERTEX_POINT('',#7018);
#2022=VERTEX_POINT('',#7028);
#2023=VERTEX_POINT('',#7053);
#2024=VERTEX_POINT('',#7083);
#2025=VERTEX_POINT('',#7084);
#2026=VERTEX_POINT('',#7096);
#2027=VERTEX_POINT('',#7102);
#2028=VERTEX_POINT('',#7106);
#2029=VERTEX_POINT('',#7125);
#2030=VERTEX_POINT('',#7140);
#2031=VERTEX_POINT('',#7144);
#2032=VERTEX_POINT('',#7167);
#2033=VERTEX_POINT('',#7193);
#2034=VERTEX_POINT('',#7198);
#2035=VERTEX_POINT('',#7229);
#2036=VERTEX_POINT('',#7230);
#2037=VERTEX_POINT('',#7362);
#2038=VERTEX_POINT('',#7387);
#2039=VERTEX_POINT('',#7438);
#2040=VERTEX_POINT('',#7439);
#2041=VERTEX_POINT('',#7506);
#2042=VERTEX_POINT('',#7507);
#2043=VERTEX_POINT('',#7634);
#2044=VERTEX_POINT('',#7635);
#2045=VERTEX_POINT('',#7708);
#2046=VERTEX_POINT('',#7709);
#2047=VERTEX_POINT('',#7738);
#2048=VERTEX_POINT('',#7742);
#2049=VERTEX_POINT('',#7746);
#2050=EDGE_CURVE('',#1656,#1657,#1492,.T.);
#2051=EDGE_CURVE('',#1657,#1658,#654,.T.);
#2052=EDGE_CURVE('',#1658,#1659,#1493,.F.);
#2053=EDGE_CURVE('',#1659,#1656,#655,.T.);
#2054=EDGE_CURVE('',#1660,#1661,#1494,.T.);
#2055=EDGE_CURVE('',#1661,#1657,#1495,.T.);
#2056=EDGE_CURVE('',#1656,#1660,#1496,.T.);
#2057=EDGE_CURVE('',#1662,#1663,#1497,.T.);
#2058=EDGE_CURVE('',#1663,#1661,#656,.T.);
#2059=EDGE_CURVE('',#1660,#1662,#657,.T.);
#2060=EDGE_CURVE('',#1664,#1665,#1498,.T.);
#2061=EDGE_CURVE('',#1665,#1663,#1499,.T.);
#2062=EDGE_CURVE('',#1662,#1664,#1500,.T.);
#2063=EDGE_CURVE('',#1666,#1667,#1501,.T.);
#2064=EDGE_CURVE('',#1667,#1665,#658,.T.);
#2065=EDGE_CURVE('',#1664,#1666,#659,.T.);
#2066=EDGE_CURVE('',#1668,#1669,#1502,.T.);
#2067=EDGE_CURVE('',#1669,#1667,#1503,.T.);
#2068=EDGE_CURVE('',#1666,#1668,#1504,.T.);
#2069=EDGE_CURVE('',#1670,#1671,#160,.T.);
#2070=EDGE_CURVE('',#1671,#1669,#660,.T.);
#2071=EDGE_CURVE('',#1668,#1670,#661,.T.);
#2072=EDGE_CURVE('',#1672,#1668,#662,.T.);
#2073=EDGE_CURVE('',#1673,#1672,#1505,.T.);
#2074=EDGE_CURVE('',#1674,#1673,#663,.T.);
#2075=EDGE_CURVE('',#1675,#1674,#1506,.T.);
#2076=EDGE_CURVE('',#1676,#1675,#664,.T.);
#2077=EDGE_CURVE('',#1677,#1676,#665,.T.);
#2078=EDGE_CURVE('',#1677,#1678,#1507,.T.);
#2079=EDGE_CURVE('',#1678,#1679,#666,.T.);
#2080=EDGE_CURVE('',#1679,#1680,#1508,.T.);
#2081=EDGE_CURVE('',#1680,#1681,#667,.T.);
#2082=EDGE_CURVE('',#1682,#1681,#1509,.T.);
#2083=EDGE_CURVE('',#1682,#1683,#668,.T.);
#2084=EDGE_CURVE('',#1683,#1670,#1510,.T.);
#2085=EDGE_CURVE('',#1684,#1666,#669,.T.);
#2086=EDGE_CURVE('',#1684,#1672,#1511,.T.);
#2087=EDGE_CURVE('',#1664,#1685,#670,.T.);
#2088=EDGE_CURVE('',#1685,#1686,#671,.T.);
#2089=EDGE_CURVE('',#1686,#1687,#672,.T.);
#2090=EDGE_CURVE('',#1688,#1687,#673,.T.);
#2091=EDGE_CURVE('',#1688,#1689,#674,.T.);
#2092=EDGE_CURVE('',#1689,#1690,#675,.T.);
#2093=EDGE_CURVE('',#1691,#1690,#676,.T.);
#2094=EDGE_CURVE('',#1692,#1691,#677,.T.);
#2095=EDGE_CURVE('',#1693,#1692,#678,.T.);
#2096=EDGE_CURVE('',#1693,#1694,#1512,.T.);
#2097=EDGE_CURVE('',#1695,#1694,#1513,.T.);
#2098=EDGE_CURVE('',#1695,#1696,#1514,.T.);
#2099=EDGE_CURVE('',#1697,#1696,#679,.T.);
#2100=EDGE_CURVE('',#1697,#1698,#680,.T.);
#2101=EDGE_CURVE('',#1699,#1698,#681,.T.);
#2102=EDGE_CURVE('',#1699,#1700,#682,.T.);
#2103=EDGE_CURVE('',#1700,#1701,#683,.T.);
#2104=EDGE_CURVE('',#1702,#1701,#684,.T.);
#2105=EDGE_CURVE('',#1702,#1703,#685,.T.);
#2106=EDGE_CURVE('',#1703,#1684,#686,.T.);
#2107=EDGE_CURVE('',#1662,#1704,#687,.T.);
#2108=EDGE_CURVE('',#1704,#1685,#1515,.T.);
#2109=EDGE_CURVE('',#1705,#1660,#688,.T.);
#2110=EDGE_CURVE('',#1705,#1706,#689,.T.);
#2111=EDGE_CURVE('',#1706,#1707,#690,.T.);
#2112=EDGE_CURVE('',#1708,#1707,#691,.T.);
#2113=EDGE_CURVE('',#1709,#1708,#692,.T.);
#2114=EDGE_CURVE('',#1709,#1710,#693,.T.);
#2115=EDGE_CURVE('',#1710,#1711,#694,.T.);
#2116=EDGE_CURVE('',#1712,#1711,#695,.T.);
#2117=EDGE_CURVE('',#1713,#1712,#696,.T.);
#2118=EDGE_CURVE('',#1714,#1713,#1516,.T.);
#2119=EDGE_CURVE('',#1715,#1714,#697,.T.);
#2120=EDGE_CURVE('',#1704,#1715,#1517,.T.);
#2121=EDGE_CURVE('',#1656,#1716,#698,.T.);
#2122=EDGE_CURVE('',#1716,#1705,#1518,.F.);
#2123=EDGE_CURVE('',#1659,#1717,#699,.T.);
#2124=EDGE_CURVE('',#1717,#1718,#700,.T.);
#2125=EDGE_CURVE('',#1718,#1719,#701,.T.);
#2126=EDGE_CURVE('',#1719,#1716,#702,.T.);
#2127=EDGE_CURVE('',#1720,#1677,#161,.T.);
#2128=EDGE_CURVE('',#1676,#1721,#1519,.T.);
#2129=EDGE_CURVE('',#1721,#1720,#703,.T.);
#2130=EDGE_CURVE('',#1722,#1723,#1520,.T.);
#2131=EDGE_CURVE('',#1723,#1721,#1521,.T.);
#2132=EDGE_CURVE('',#1676,#1722,#1522,.T.);
#2133=EDGE_CURVE('',#1724,#1725,#1523,.T.);
#2134=EDGE_CURVE('',#1725,#1723,#704,.T.);
#2135=EDGE_CURVE('',#1722,#1724,#705,.T.);
#2136=EDGE_CURVE('',#1712,#1726,#1524,.T.);
#2137=EDGE_CURVE('',#1726,#1725,#1525,.T.);
#2138=EDGE_CURVE('',#1724,#1712,#1526,.T.);
#2139=EDGE_CURVE('',#1711,#1727,#1527,.T.);
#2140=EDGE_CURVE('',#1727,#1726,#706,.T.);
#2141=EDGE_CURVE('',#1728,#1729,#1528,.T.);
#2142=EDGE_CURVE('',#1729,#1727,#1529,.T.);
#2143=EDGE_CURVE('',#1711,#1728,#1530,.T.);
#2144=EDGE_CURVE('',#1730,#1731,#1531,.F.);
#2145=EDGE_CURVE('',#1731,#1729,#707,.T.);
#2146=EDGE_CURVE('',#1728,#1730,#708,.T.);
#2147=EDGE_CURVE('',#1732,#1728,#709,.T.);
#2148=EDGE_CURVE('',#1732,#1733,#710,.T.);
#2149=EDGE_CURVE('',#1733,#1734,#711,.T.);
#2150=EDGE_CURVE('',#1730,#1734,#712,.T.);
#2151=EDGE_CURVE('',#1710,#1732,#1532,.F.);
#2152=EDGE_CURVE('',#1724,#1735,#713,.T.);
#2153=EDGE_CURVE('',#1713,#1735,#1533,.T.);
#2154=EDGE_CURVE('',#1736,#1722,#714,.T.);
#2155=EDGE_CURVE('',#1737,#1736,#715,.T.);
#2156=EDGE_CURVE('',#1738,#1737,#716,.T.);
#2157=EDGE_CURVE('',#1739,#1738,#717,.T.);
#2158=EDGE_CURVE('',#1740,#1739,#718,.T.);
#2159=EDGE_CURVE('',#1741,#1740,#719,.T.);
#2160=EDGE_CURVE('',#1742,#1741,#720,.T.);
#2161=EDGE_CURVE('',#1743,#1742,#721,.T.);
#2162=EDGE_CURVE('',#1744,#1743,#1534,.T.);
#2163=EDGE_CURVE('',#1745,#1744,#1535,.T.);
#2164=EDGE_CURVE('',#1746,#1745,#1536,.T.);
#2165=EDGE_CURVE('',#1747,#1746,#722,.T.);
#2166=EDGE_CURVE('',#1747,#1748,#723,.T.);
#2167=EDGE_CURVE('',#1749,#1748,#724,.T.);
#2168=EDGE_CURVE('',#1749,#1750,#725,.T.);
#2169=EDGE_CURVE('',#1751,#1750,#726,.T.);
#2170=EDGE_CURVE('',#1752,#1751,#727,.T.);
#2171=EDGE_CURVE('',#1735,#1752,#728,.T.);
#2172=EDGE_CURVE('',#1736,#1675,#1537,.T.);
#2173=EDGE_CURVE('',#1753,#1720,#729,.T.);
#2174=EDGE_CURVE('',#1754,#1753,#1538,.T.);
#2175=EDGE_CURVE('',#1678,#1754,#730,.T.);
#2176=EDGE_CURVE('',#1755,#1753,#731,.T.);
#2177=EDGE_CURVE('',#1756,#1755,#1539,.F.);
#2178=EDGE_CURVE('',#1757,#1756,#732,.T.);
#2179=EDGE_CURVE('',#1757,#1758,#1540,.T.);
#2180=EDGE_CURVE('',#1759,#1758,#1541,.T.);
#2181=EDGE_CURVE('',#1759,#1760,#733,.T.);
#2182=EDGE_CURVE('',#1761,#1760,#1542,.T.);
#2183=EDGE_CURVE('',#1762,#1761,#1543,.T.);
#2184=EDGE_CURVE('',#1762,#1754,#734,.T.);
#2185=EDGE_CURVE('',#1731,#1763,#735,.T.);
#2186=EDGE_CURVE('',#1763,#1764,#736,.T.);
#2187=EDGE_CURVE('',#1764,#1708,#1544,.T.);
#2188=EDGE_CURVE('',#1707,#1765,#1545,.T.);
#2189=EDGE_CURVE('',#1765,#1766,#737,.T.);
#2190=EDGE_CURVE('',#1766,#1658,#738,.T.);
#2191=EDGE_CURVE('',#1671,#1755,#39,.T.);
#2192=EDGE_CURVE('',#1683,#1756,#739,.T.);
#2193=EDGE_CURVE('',#1767,#1766,#740,.T.);
#2194=EDGE_CURVE('',#1717,#1767,#1546,.T.);
#2195=EDGE_CURVE('',#1768,#1765,#741,.T.);
#2196=EDGE_CURVE('',#1769,#1768,#742,.T.);
#2197=EDGE_CURVE('',#1769,#1770,#743,.T.);
#2198=EDGE_CURVE('',#1767,#1770,#744,.T.);
#2199=EDGE_CURVE('',#1771,#1763,#745,.T.);
#2200=EDGE_CURVE('',#1734,#1771,#1547,.T.);
#2201=EDGE_CURVE('',#1706,#1768,#1548,.F.);
#2202=EDGE_CURVE('',#1764,#1772,#746,.T.);
#2203=EDGE_CURVE('',#1772,#1709,#1549,.F.);
#2204=EDGE_CURVE('',#1773,#1771,#747,.T.);
#2205=EDGE_CURVE('',#1772,#1773,#748,.T.);
#2206=EDGE_CURVE('',#1701,#1774,#1550,.T.);
#2207=EDGE_CURVE('',#1775,#1700,#1551,.F.);
#2208=EDGE_CURVE('',#1776,#1775,#749,.T.);
#2209=EDGE_CURVE('',#1777,#1776,#1552,.F.);
#2210=EDGE_CURVE('',#1778,#1777,#1553,.T.);
#2211=EDGE_CURVE('',#1779,#1778,#1554,.T.);
#2212=EDGE_CURVE('',#1780,#1779,#750,.T.);
#2213=EDGE_CURVE('',#1781,#1780,#1555,.T.);
#2214=EDGE_CURVE('',#1782,#1781,#1556,.F.);
#2215=EDGE_CURVE('',#1782,#1783,#751,.T.);
#2216=EDGE_CURVE('',#1784,#1783,#1557,.F.);
#2217=EDGE_CURVE('',#1785,#1784,#1558,.T.);
#2218=EDGE_CURVE('',#1785,#1786,#752,.T.);
#2219=EDGE_CURVE('',#1787,#1786,#1559,.T.);
#2220=EDGE_CURVE('',#1788,#1787,#1560,.T.);
#2221=EDGE_CURVE('',#1789,#1788,#162,.F.);
#2222=EDGE_CURVE('',#1790,#1789,#753,.T.);
#2223=EDGE_CURVE('',#1740,#1790,#1561,.F.);
#2224=EDGE_CURVE('',#1791,#1739,#1562,.T.);
#2225=EDGE_CURVE('',#1791,#1792,#754,.T.);
#2226=EDGE_CURVE('',#1793,#1792,#1563,.T.);
#2227=EDGE_CURVE('',#1794,#1793,#755,.T.);
#2228=EDGE_CURVE('',#1795,#1794,#756,.T.);
#2229=EDGE_CURVE('',#1796,#1795,#757,.T.);
#2230=EDGE_CURVE('',#1797,#1796,#1564,.T.);
#2231=EDGE_CURVE('',#1798,#1797,#758,.T.);
#2232=EDGE_CURVE('',#1799,#1798,#1565,.T.);
#2233=EDGE_CURVE('',#1800,#1799,#759,.T.);
#2234=EDGE_CURVE('',#1801,#1800,#760,.T.);
#2235=EDGE_CURVE('',#1802,#1801,#761,.T.);
#2236=EDGE_CURVE('',#1803,#1802,#1566,.T.);
#2237=EDGE_CURVE('',#1774,#1803,#762,.T.);
#2238=EDGE_CURVE('',#1804,#1702,#1567,.F.);
#2239=EDGE_CURVE('',#1805,#1804,#763,.T.);
#2240=EDGE_CURVE('',#1806,#1805,#764,.T.);
#2241=EDGE_CURVE('',#1807,#1806,#765,.T.);
#2242=EDGE_CURVE('',#1808,#1807,#766,.T.);
#2243=EDGE_CURVE('',#1808,#1809,#767,.T.);
#2244=EDGE_CURVE('',#1810,#1809,#768,.T.);
#2245=EDGE_CURVE('',#1811,#1810,#769,.T.);
#2246=EDGE_CURVE('',#1811,#1812,#770,.T.);
#2247=EDGE_CURVE('',#1812,#1813,#771,.T.);
#2248=EDGE_CURVE('',#1813,#1814,#772,.T.);
#2249=EDGE_CURVE('',#1815,#1814,#773,.T.);
#2250=EDGE_CURVE('',#1815,#1816,#774,.T.);
#2251=EDGE_CURVE('',#1816,#1817,#775,.T.);
#2252=EDGE_CURVE('',#1817,#1818,#776,.T.);
#2253=EDGE_CURVE('',#1818,#1819,#777,.T.);
#2254=EDGE_CURVE('',#1819,#1820,#778,.T.);
#2255=EDGE_CURVE('',#1820,#1821,#779,.T.);
#2256=EDGE_CURVE('',#1822,#1821,#780,.T.);
#2257=EDGE_CURVE('',#1823,#1822,#781,.T.);
#2258=EDGE_CURVE('',#1738,#1823,#1568,.F.);
#2259=EDGE_CURVE('',#1824,#1737,#1569,.T.);
#2260=EDGE_CURVE('',#1825,#1824,#782,.T.);
#2261=EDGE_CURVE('',#1703,#1825,#1570,.T.);
#2262=EDGE_CURVE('',#1825,#1826,#783,.T.);
#2263=EDGE_CURVE('',#1684,#1826,#1571,.T.);
#2264=EDGE_CURVE('',#1699,#1827,#1572,.T.);
#2265=EDGE_CURVE('',#1827,#1775,#784,.T.);
#2266=EDGE_CURVE('',#1828,#1695,#1573,.T.);
#2267=EDGE_CURVE('',#1828,#1829,#1574,.T.);
#2268=EDGE_CURVE('',#1829,#1696,#1575,.T.);
#2269=EDGE_CURVE('',#1830,#1693,#1576,.T.);
#2270=EDGE_CURVE('',#1830,#1831,#1577,.T.);
#2271=EDGE_CURVE('',#1831,#1694,#1578,.T.);
#2272=EDGE_CURVE('',#1689,#1832,#1579,.F.);
#2273=EDGE_CURVE('',#1832,#1833,#785,.T.);
#2274=EDGE_CURVE('',#1690,#1833,#1580,.T.);
#2275=EDGE_CURVE('',#1834,#1688,#1581,.T.);
#2276=EDGE_CURVE('',#1835,#1834,#786,.T.);
#2277=EDGE_CURVE('',#1836,#1835,#1582,.T.);
#2278=EDGE_CURVE('',#1837,#1836,#787,.T.);
#2279=EDGE_CURVE('',#1838,#1837,#788,.T.);
#2280=EDGE_CURVE('',#1839,#1838,#789,.T.);
#2281=EDGE_CURVE('',#1840,#1839,#1583,.T.);
#2282=EDGE_CURVE('',#1841,#1840,#790,.T.);
#2283=EDGE_CURVE('',#1842,#1841,#1584,.T.);
#2284=EDGE_CURVE('',#1843,#1842,#791,.T.);
#2285=EDGE_CURVE('',#1844,#1843,#792,.T.);
#2286=EDGE_CURVE('',#1844,#1845,#793,.T.);
#2287=EDGE_CURVE('',#1846,#1845,#1585,.T.);
#2288=EDGE_CURVE('',#1847,#1846,#794,.T.);
#2289=EDGE_CURVE('',#1750,#1847,#1586,.T.);
#2290=EDGE_CURVE('',#1848,#1749,#1587,.F.);
#2291=EDGE_CURVE('',#1848,#1849,#795,.T.);
#2292=EDGE_CURVE('',#1850,#1849,#163,.F.);
#2293=EDGE_CURVE('',#1850,#1734,#1588,.T.);
#2294=EDGE_CURVE('',#1733,#1773,#796,.T.);
#2295=EDGE_CURVE('',#1771,#1851,#1589,.T.);
#2296=EDGE_CURVE('',#1852,#1851,#1590,.F.);
#2297=EDGE_CURVE('',#1853,#1852,#797,.T.);
#2298=EDGE_CURVE('',#1854,#1853,#1591,.F.);
#2299=EDGE_CURVE('',#1770,#1854,#1592,.T.);
#2300=EDGE_CURVE('',#1719,#1769,#798,.T.);
#2301=EDGE_CURVE('',#1855,#1718,#1593,.T.);
#2302=EDGE_CURVE('',#1856,#1855,#1594,.F.);
#2303=EDGE_CURVE('',#1832,#1856,#799,.T.);
#2304=EDGE_CURVE('',#1687,#1857,#1595,.F.);
#2305=EDGE_CURVE('',#1686,#1858,#1596,.T.);
#2306=EDGE_CURVE('',#1859,#1858,#800,.T.);
#2307=EDGE_CURVE('',#1752,#1859,#1597,.T.);
#2308=EDGE_CURVE('',#1860,#1751,#1598,.F.);
#2309=EDGE_CURVE('',#1860,#1861,#801,.T.);
#2310=EDGE_CURVE('',#1862,#1861,#802,.T.);
#2311=EDGE_CURVE('',#1862,#1863,#803,.T.);
#2312=EDGE_CURVE('',#1863,#1864,#804,.T.);
#2313=EDGE_CURVE('',#1864,#1865,#805,.T.);
#2314=EDGE_CURVE('',#1865,#1866,#806,.T.);
#2315=EDGE_CURVE('',#1866,#1867,#807,.T.);
#2316=EDGE_CURVE('',#1867,#1868,#808,.T.);
#2317=EDGE_CURVE('',#1869,#1868,#809,.T.);
#2318=EDGE_CURVE('',#1870,#1869,#810,.T.);
#2319=EDGE_CURVE('',#1871,#1870,#811,.T.);
#2320=EDGE_CURVE('',#1872,#1871,#812,.T.);
#2321=EDGE_CURVE('',#1873,#1872,#813,.T.);
#2322=EDGE_CURVE('',#1873,#1874,#814,.T.);
#2323=EDGE_CURVE('',#1875,#1874,#815,.T.);
#2324=EDGE_CURVE('',#1876,#1875,#816,.T.);
#2325=EDGE_CURVE('',#1876,#1877,#817,.T.);
#2326=EDGE_CURVE('',#1877,#1878,#818,.T.);
#2327=EDGE_CURVE('',#1857,#1878,#819,.T.);
#2328=EDGE_CURVE('',#1879,#1685,#1599,.T.);
#2329=EDGE_CURVE('',#1879,#1858,#820,.T.);
#2330=EDGE_CURVE('',#1880,#1881,#821,.T.);
#2331=EDGE_CURVE('',#1882,#1881,#164,.T.);
#2332=EDGE_CURVE('',#1882,#1827,#822,.T.);
#2333=EDGE_CURVE('',#1880,#1827,#823,.T.);
#2334=EDGE_CURVE('',#1881,#1883,#165,.T.);
#2335=EDGE_CURVE('',#1883,#1884,#166,.T.);
#2336=EDGE_CURVE('',#1882,#1884,#1600,.T.);
#2337=EDGE_CURVE('',#1884,#1777,#824,.T.);
#2338=EDGE_CURVE('',#1776,#1882,#825,.T.);
#2339=EDGE_CURVE('',#1885,#1886,#167,.T.);
#2340=EDGE_CURVE('',#1886,#1789,#826,.T.);
#2341=EDGE_CURVE('',#1788,#1885,#168,.T.);
#2342=EDGE_CURVE('',#1698,#1880,#1601,.T.);
#2343=EDGE_CURVE('',#1887,#1741,#1602,.T.);
#2344=EDGE_CURVE('',#1790,#1887,#827,.T.);
#2345=EDGE_CURVE('',#1886,#1887,#828,.T.);
#2346=EDGE_CURVE('',#1674,#1888,#1603,.T.);
#2347=EDGE_CURVE('',#1888,#1736,#1604,.T.);
#2348=EDGE_CURVE('',#1673,#1826,#1605,.T.);
#2349=EDGE_CURVE('',#1826,#1888,#829,.T.);
#2350=EDGE_CURVE('',#1888,#1824,#830,.T.);
#2351=EDGE_CURVE('',#1774,#1804,#831,.T.);
#2352=EDGE_CURVE('',#1823,#1791,#832,.T.);
#2353=EDGE_CURVE('',#1889,#1821,#833,.T.);
#2354=EDGE_CURVE('',#1889,#1890,#834,.T.);
#2355=EDGE_CURVE('',#1792,#1890,#835,.T.);
#2356=EDGE_CURVE('',#1891,#1803,#836,.T.);
#2357=EDGE_CURVE('',#1891,#1892,#837,.T.);
#2358=EDGE_CURVE('',#1805,#1892,#838,.T.);
#2359=EDGE_CURVE('',#1890,#1893,#1606,.T.);
#2360=EDGE_CURVE('',#1893,#1793,#839,.T.);
#2361=EDGE_CURVE('',#1894,#1893,#840,.T.);
#2362=EDGE_CURVE('',#1894,#1794,#841,.T.);
#2363=EDGE_CURVE('',#1895,#1889,#842,.T.);
#2364=EDGE_CURVE('',#1895,#1894,#843,.T.);
#2365=EDGE_CURVE('',#1896,#1897,#1607,.T.);
#2366=EDGE_CURVE('',#1897,#1797,#844,.T.);
#2367=EDGE_CURVE('',#1796,#1896,#845,.T.);
#2368=EDGE_CURVE('',#1897,#1898,#846,.T.);
#2369=EDGE_CURVE('',#1814,#1898,#847,.T.);
#2370=EDGE_CURVE('',#1812,#1899,#848,.T.);
#2371=EDGE_CURVE('',#1899,#1900,#849,.T.);
#2372=EDGE_CURVE('',#1798,#1900,#850,.T.);
#2373=EDGE_CURVE('',#1900,#1901,#1608,.T.);
#2374=EDGE_CURVE('',#1901,#1799,#851,.T.);
#2375=EDGE_CURVE('',#1902,#1899,#852,.T.);
#2376=EDGE_CURVE('',#1903,#1902,#853,.T.);
#2377=EDGE_CURVE('',#1903,#1901,#854,.T.);
#2378=EDGE_CURVE('',#1802,#1904,#855,.T.);
#2379=EDGE_CURVE('',#1904,#1891,#1609,.T.);
#2380=EDGE_CURVE('',#1905,#1904,#856,.T.);
#2381=EDGE_CURVE('',#1906,#1905,#857,.T.);
#2382=EDGE_CURVE('',#1906,#1892,#858,.T.);
#2383=EDGE_CURVE('',#1905,#1801,#859,.T.);
#2384=EDGE_CURVE('',#1680,#1818,#860,.T.);
#2385=EDGE_CURVE('',#1907,#1817,#861,.T.);
#2386=EDGE_CURVE('',#1908,#1907,#862,.T.);
#2387=EDGE_CURVE('',#1786,#1908,#863,.T.);
#2388=EDGE_CURVE('',#1760,#1785,#864,.T.);
#2389=EDGE_CURVE('',#1759,#1780,#865,.T.);
#2390=EDGE_CURVE('',#1909,#1779,#866,.T.);
#2391=EDGE_CURVE('',#1910,#1909,#867,.T.);
#2392=EDGE_CURVE('',#1809,#1910,#868,.T.);
#2393=EDGE_CURVE('',#1681,#1808,#869,.T.);
#2394=EDGE_CURVE('',#1762,#1679,#870,.T.);
#2395=EDGE_CURVE('',#1787,#1761,#871,.T.);
#2396=EDGE_CURVE('',#1818,#1908,#872,.T.);
#2397=EDGE_CURVE('',#1800,#1903,#873,.T.);
#2398=EDGE_CURVE('',#1902,#1811,#874,.T.);
#2399=EDGE_CURVE('',#1911,#1810,#875,.T.);
#2400=EDGE_CURVE('',#1912,#1911,#876,.T.);
#2401=EDGE_CURVE('',#1807,#1912,#877,.T.);
#2402=EDGE_CURVE('',#1806,#1906,#878,.T.);
#2403=EDGE_CURVE('',#1778,#1758,#879,.T.);
#2404=EDGE_CURVE('',#1757,#1682,#880,.T.);
#2405=EDGE_CURVE('',#1909,#1808,#881,.T.);
#2406=EDGE_CURVE('',#1910,#1911,#882,.T.);
#2407=EDGE_CURVE('',#1909,#1912,#883,.T.);
#2408=EDGE_CURVE('',#1913,#1816,#884,.T.);
#2409=EDGE_CURVE('',#1907,#1913,#885,.T.);
#2410=EDGE_CURVE('',#1914,#1898,#886,.T.);
#2411=EDGE_CURVE('',#1914,#1815,#887,.T.);
#2412=EDGE_CURVE('',#1915,#1896,#888,.T.);
#2413=EDGE_CURVE('',#1915,#1914,#889,.T.);
#2414=EDGE_CURVE('',#1795,#1915,#890,.T.);
#2415=EDGE_CURVE('',#1916,#1917,#1610,.T.);
#2416=EDGE_CURVE('',#1918,#1916,#891,.T.);
#2417=EDGE_CURVE('',#1918,#1919,#892,.T.);
#2418=EDGE_CURVE('',#1919,#1917,#893,.T.);
#2419=EDGE_CURVE('',#1920,#1916,#894,.T.);
#2420=EDGE_CURVE('',#1921,#1920,#895,.T.);
#2421=EDGE_CURVE('',#1921,#1918,#896,.T.);
#2422=EDGE_CURVE('',#1922,#1920,#1611,.T.);
#2423=EDGE_CURVE('',#1923,#1922,#897,.T.);
#2424=EDGE_CURVE('',#1921,#1923,#898,.T.);
#2425=EDGE_CURVE('',#1917,#1922,#899,.T.);
#2426=EDGE_CURVE('',#1923,#1919,#900,.T.);
#2427=EDGE_CURVE('',#1908,#1924,#901,.T.);
#2428=EDGE_CURVE('',#1819,#1924,#902,.T.);
#2429=EDGE_CURVE('',#1924,#1913,#903,.T.);
#2430=EDGE_CURVE('',#1925,#1926,#904,.T.);
#2431=EDGE_CURVE('',#1925,#1927,#905,.T.);
#2432=EDGE_CURVE('',#1928,#1927,#906,.T.);
#2433=EDGE_CURVE('',#1928,#1929,#907,.T.);
#2434=EDGE_CURVE('',#1929,#1930,#908,.T.);
#2435=EDGE_CURVE('',#1930,#1931,#909,.T.);
#2436=EDGE_CURVE('',#1931,#1932,#910,.T.);
#2437=EDGE_CURVE('',#1933,#1932,#911,.T.);
#2438=EDGE_CURVE('',#1933,#1934,#912,.T.);
#2439=EDGE_CURVE('',#1935,#1934,#913,.T.);
#2440=EDGE_CURVE('',#1936,#1935,#914,.T.);
#2441=EDGE_CURVE('',#1926,#1936,#915,.T.);
#2442=EDGE_CURVE('',#1820,#1895,#916,.T.);
#2443=EDGE_CURVE('',#1937,#1938,#1612,.T.);
#2444=EDGE_CURVE('',#1934,#1938,#917,.T.);
#2445=EDGE_CURVE('',#1933,#1937,#918,.T.);
#2446=EDGE_CURVE('',#1938,#1939,#919,.T.);
#2447=EDGE_CURVE('',#1935,#1939,#920,.T.);
#2448=EDGE_CURVE('',#1939,#1940,#1613,.T.);
#2449=EDGE_CURVE('',#1936,#1940,#921,.T.);
#2450=EDGE_CURVE('',#1940,#1941,#922,.T.);
#2451=EDGE_CURVE('',#1926,#1941,#923,.T.);
#2452=EDGE_CURVE('',#1942,#1943,#924,.T.);
#2453=EDGE_CURVE('',#1927,#1943,#925,.T.);
#2454=EDGE_CURVE('',#1942,#1925,#926,.T.);
#2455=EDGE_CURVE('',#1943,#1944,#1614,.T.);
#2456=EDGE_CURVE('',#1928,#1944,#927,.T.);
#2457=EDGE_CURVE('',#1944,#1945,#928,.T.);
#2458=EDGE_CURVE('',#1929,#1945,#929,.T.);
#2459=EDGE_CURVE('',#1945,#1946,#1615,.T.);
#2460=EDGE_CURVE('',#1930,#1946,#930,.T.);
#2461=EDGE_CURVE('',#1946,#1947,#931,.T.);
#2462=EDGE_CURVE('',#1931,#1947,#932,.T.);
#2463=EDGE_CURVE('',#1947,#1948,#1616,.T.);
#2464=EDGE_CURVE('',#1932,#1948,#933,.T.);
#2465=EDGE_CURVE('',#1948,#1937,#934,.T.);
#2466=EDGE_CURVE('',#1949,#1950,#169,.T.);
#2467=EDGE_CURVE('',#1950,#1883,#935,.T.);
#2468=EDGE_CURVE('',#1949,#1881,#936,.T.);
#2469=EDGE_CURVE('',#1951,#1949,#937,.T.);
#2470=EDGE_CURVE('',#1951,#1880,#938,.T.);
#2471=EDGE_CURVE('',#1697,#1951,#1617,.T.);
#2472=EDGE_CURVE('',#1952,#1742,#1618,.T.);
#2473=EDGE_CURVE('',#1952,#1887,#939,.T.);
#2474=EDGE_CURVE('',#1953,#1952,#940,.T.);
#2475=EDGE_CURVE('',#1953,#1886,#941,.T.);
#2476=EDGE_CURVE('',#1954,#1953,#170,.T.);
#2477=EDGE_CURVE('',#1954,#1885,#942,.T.);
#2478=EDGE_CURVE('',#1941,#1942,#1619,.T.);
#2479=EDGE_CURVE('',#1955,#1956,#171,.T.);
#2480=EDGE_CURVE('',#1956,#1957,#172,.T.);
#2481=EDGE_CURVE('',#1957,#1958,#1620,.T.);
#2482=EDGE_CURVE('',#1958,#1955,#173,.T.);
#2483=EDGE_CURVE('',#1959,#1960,#1621,.T.);
#2484=EDGE_CURVE('',#1961,#1960,#943,.T.);
#2485=EDGE_CURVE('',#1962,#1961,#944,.T.);
#2486=EDGE_CURVE('',#1962,#1959,#945,.T.);
#2487=EDGE_CURVE('',#1963,#1959,#946,.T.);
#2488=EDGE_CURVE('',#1964,#1962,#947,.T.);
#2489=EDGE_CURVE('',#1964,#1963,#948,.T.);
#2490=EDGE_CURVE('',#1965,#1963,#1622,.T.);
#2491=EDGE_CURVE('',#1964,#1966,#949,.T.);
#2492=EDGE_CURVE('',#1966,#1965,#950,.T.);
#2493=EDGE_CURVE('',#1960,#1965,#951,.T.);
#2494=EDGE_CURVE('',#1966,#1961,#952,.T.);
#2495=EDGE_CURVE('',#1841,#1967,#953,.T.);
#2496=EDGE_CURVE('',#1968,#1840,#954,.T.);
#2497=EDGE_CURVE('',#1969,#1968,#955,.T.);
#2498=EDGE_CURVE('',#1969,#1870,#956,.T.);
#2499=EDGE_CURVE('',#1970,#1868,#957,.T.);
#2500=EDGE_CURVE('',#1967,#1970,#958,.T.);
#2501=EDGE_CURVE('',#1971,#1862,#959,.T.);
#2502=EDGE_CURVE('',#1972,#1971,#960,.T.);
#2503=EDGE_CURVE('',#1844,#1972,#961,.T.);
#2504=EDGE_CURVE('',#1973,#1843,#962,.T.);
#2505=EDGE_CURVE('',#1974,#1973,#963,.T.);
#2506=EDGE_CURVE('',#1867,#1974,#964,.T.);
#2507=EDGE_CURVE('',#1866,#1975,#965,.T.);
#2508=EDGE_CURVE('',#1975,#1976,#966,.T.);
#2509=EDGE_CURVE('',#1976,#1863,#967,.T.);
#2510=EDGE_CURVE('',#1845,#1977,#968,.T.);
#2511=EDGE_CURVE('',#1972,#1977,#969,.T.);
#2512=EDGE_CURVE('',#1974,#1970,#970,.T.);
#2513=EDGE_CURVE('',#1861,#1978,#971,.T.);
#2514=EDGE_CURVE('',#1971,#1978,#972,.T.);
#2515=EDGE_CURVE('',#1865,#1979,#973,.F.);
#2516=EDGE_CURVE('',#1979,#1975,#974,.T.);
#2517=EDGE_CURVE('',#1979,#1980,#975,.F.);
#2518=EDGE_CURVE('',#1980,#1976,#976,.T.);
#2519=EDGE_CURVE('',#1864,#1980,#977,.T.);
#2520=EDGE_CURVE('',#1981,#1982,#978,.T.);
#2521=EDGE_CURVE('',#1983,#1981,#979,.T.);
#2522=EDGE_CURVE('',#1984,#1983,#980,.T.);
#2523=EDGE_CURVE('',#1985,#1984,#981,.T.);
#2524=EDGE_CURVE('',#1985,#1986,#982,.T.);
#2525=EDGE_CURVE('',#1987,#1986,#983,.T.);
#2526=EDGE_CURVE('',#1988,#1987,#984,.T.);
#2527=EDGE_CURVE('',#1988,#1989,#985,.T.);
#2528=EDGE_CURVE('',#1989,#1990,#986,.T.);
#2529=EDGE_CURVE('',#1990,#1991,#987,.T.);
#2530=EDGE_CURVE('',#1992,#1991,#988,.T.);
#2531=EDGE_CURVE('',#1992,#1982,#989,.T.);
#2532=EDGE_CURVE('',#1993,#1874,#990,.F.);
#2533=EDGE_CURVE('',#1993,#1994,#991,.T.);
#2534=EDGE_CURVE('',#1994,#1875,#992,.T.);
#2535=EDGE_CURVE('',#1993,#1995,#993,.T.);
#2536=EDGE_CURVE('',#1995,#1996,#994,.T.);
#2537=EDGE_CURVE('',#1996,#1994,#995,.T.);
#2538=EDGE_CURVE('',#1995,#1873,#996,.T.);
#2539=EDGE_CURVE('',#1872,#1996,#997,.T.);
#2540=EDGE_CURVE('',#1997,#1876,#998,.T.);
#2541=EDGE_CURVE('',#1997,#1998,#999,.T.);
#2542=EDGE_CURVE('',#1998,#1877,#1000,.T.);
#2543=EDGE_CURVE('',#1999,#1969,#1001,.T.);
#2544=EDGE_CURVE('',#1871,#1999,#1002,.T.);
#2545=EDGE_CURVE('',#2000,#2001,#1623,.T.);
#2546=EDGE_CURVE('',#1992,#2000,#1003,.T.);
#2547=EDGE_CURVE('',#1991,#2001,#1004,.T.);
#2548=EDGE_CURVE('',#2001,#2002,#1005,.T.);
#2549=EDGE_CURVE('',#1990,#2002,#1006,.T.);
#2550=EDGE_CURVE('',#2002,#2003,#1624,.T.);
#2551=EDGE_CURVE('',#1989,#2003,#1007,.T.);
#2552=EDGE_CURVE('',#2003,#2004,#1008,.T.);
#2553=EDGE_CURVE('',#2004,#1988,#1009,.T.);
#2554=EDGE_CURVE('',#2005,#2006,#1010,.T.);
#2555=EDGE_CURVE('',#1987,#2005,#1011,.T.);
#2556=EDGE_CURVE('',#1986,#2006,#1012,.T.);
#2557=EDGE_CURVE('',#2006,#2007,#1625,.T.);
#2558=EDGE_CURVE('',#1985,#2007,#1013,.T.);
#2559=EDGE_CURVE('',#2007,#2008,#1014,.T.);
#2560=EDGE_CURVE('',#1984,#2008,#1015,.T.);
#2561=EDGE_CURVE('',#2008,#2009,#1626,.T.);
#2562=EDGE_CURVE('',#1983,#2009,#1016,.T.);
#2563=EDGE_CURVE('',#2009,#2010,#1017,.T.);
#2564=EDGE_CURVE('',#1981,#2010,#1018,.T.);
#2565=EDGE_CURVE('',#2010,#2011,#1627,.T.);
#2566=EDGE_CURVE('',#1982,#2011,#1019,.T.);
#2567=EDGE_CURVE('',#2011,#2000,#1020,.T.);
#2568=EDGE_CURVE('',#2012,#1836,#1021,.T.);
#2569=EDGE_CURVE('',#2013,#2012,#1022,.T.);
#2570=EDGE_CURVE('',#1837,#2013,#1023,.T.);
#2571=EDGE_CURVE('',#2013,#1997,#1024,.T.);
#2572=EDGE_CURVE('',#1999,#2014,#1025,.T.);
#2573=EDGE_CURVE('',#2014,#1838,#1026,.T.);
#2574=EDGE_CURVE('',#2015,#1879,#1027,.T.);
#2575=EDGE_CURVE('',#1859,#2015,#1028,.T.);
#2576=EDGE_CURVE('',#1977,#2016,#1628,.T.);
#2577=EDGE_CURVE('',#1978,#2016,#1029,.T.);
#2578=EDGE_CURVE('',#2016,#1846,#1030,.T.);
#2579=EDGE_CURVE('',#1839,#2017,#1031,.T.);
#2580=EDGE_CURVE('',#2014,#2017,#1032,.T.);
#2581=EDGE_CURVE('',#2017,#1968,#1629,.T.);
#2582=EDGE_CURVE('',#1967,#2018,#1630,.T.);
#2583=EDGE_CURVE('',#1973,#2018,#1033,.T.);
#2584=EDGE_CURVE('',#2018,#1842,#1034,.T.);
#2585=EDGE_CURVE('',#2019,#2012,#1631,.T.);
#2586=EDGE_CURVE('',#2019,#1998,#1035,.T.);
#2587=EDGE_CURVE('',#1835,#2019,#1036,.T.);
#2588=EDGE_CURVE('',#1847,#1860,#1037,.T.);
#2589=EDGE_CURVE('',#1735,#2015,#1632,.T.);
#2590=EDGE_CURVE('',#1857,#1834,#1038,.T.);
#2591=EDGE_CURVE('',#1715,#1879,#1633,.T.);
#2592=EDGE_CURVE('',#2015,#1714,#1634,.T.);
#2593=EDGE_CURVE('',#2020,#2021,#1039,.T.);
#2594=EDGE_CURVE('',#1849,#2021,#1040,.T.);
#2595=EDGE_CURVE('',#2020,#1848,#1041,.T.);
#2596=EDGE_CURVE('',#1748,#2020,#1635,.T.);
#2597=EDGE_CURVE('',#1957,#1856,#1042,.T.);
#2598=EDGE_CURVE('',#1833,#1957,#1043,.T.);
#2599=EDGE_CURVE('',#1956,#2022,#1044,.T.);
#2600=EDGE_CURVE('',#1833,#2022,#1045,.T.);
#2601=EDGE_CURVE('',#2022,#1691,#1636,.T.);
#2602=EDGE_CURVE('',#2021,#2023,#174,.T.);
#2603=EDGE_CURVE('',#2023,#1850,#175,.T.);
#2604=EDGE_CURVE('',#1855,#1958,#1046,.T.);
#2605=EDGE_CURVE('',#2024,#2025,#176,.T.);
#2606=EDGE_CURVE('',#2025,#2023,#1047,.T.);
#2607=EDGE_CURVE('',#2024,#2021,#1048,.T.);
#2608=EDGE_CURVE('',#2026,#2024,#1049,.T.);
#2609=EDGE_CURVE('',#2026,#2020,#1050,.T.);
#2610=EDGE_CURVE('',#1747,#2026,#1637,.T.);
#2611=EDGE_CURVE('',#2027,#2022,#1051,.T.);
#2612=EDGE_CURVE('',#2027,#1692,#1638,.T.);
#2613=EDGE_CURVE('',#2028,#2027,#1052,.T.);
#2614=EDGE_CURVE('',#2028,#1956,#1053,.T.);
#2615=EDGE_CURVE('',#2029,#2028,#177,.T.);
#2616=EDGE_CURVE('',#2029,#1955,#1054,.T.);
#2617=EDGE_CURVE('',#2005,#2004,#1639,.T.);
#2618=EDGE_CURVE('',#1829,#1951,#1055,.T.);
#2619=EDGE_CURVE('',#1952,#2030,#1056,.T.);
#2620=EDGE_CURVE('',#2030,#1743,#1640,.T.);
#2621=EDGE_CURVE('',#2031,#1953,#1057,.T.);
#2622=EDGE_CURVE('',#2030,#2031,#1058,.T.);
#2623=EDGE_CURVE('',#1954,#2032,#178,.T.);
#2624=EDGE_CURVE('',#2032,#2031,#1641,.T.);
#2625=EDGE_CURVE('',#2029,#2033,#179,.T.);
#2626=EDGE_CURVE('',#2033,#2034,#1642,.T.);
#2627=EDGE_CURVE('',#2034,#2028,#180,.T.);
#2628=EDGE_CURVE('',#2035,#2036,#1643,.T.);
#2629=EDGE_CURVE('',#2036,#2034,#181,.T.);
#2630=EDGE_CURVE('',#2033,#2035,#182,.T.);
#2631=EDGE_CURVE('',#2035,#2037,#183,.T.);
#2632=EDGE_CURVE('',#2037,#2038,#1644,.T.);
#2633=EDGE_CURVE('',#2038,#2036,#184,.T.);
#2634=EDGE_CURVE('',#2039,#2040,#1645,.T.);
#2635=EDGE_CURVE('',#2040,#2038,#185,.T.);
#2636=EDGE_CURVE('',#2037,#2039,#186,.T.);
#2637=EDGE_CURVE('',#1949,#2040,#187,.T.);
#2638=EDGE_CURVE('',#2039,#1950,#188,.T.);
#2639=EDGE_CURVE('',#1854,#1781,#1059,.T.);
#2640=EDGE_CURVE('',#2041,#2042,#1646,.T.);
#2641=EDGE_CURVE('',#2042,#2031,#189,.T.);
#2642=EDGE_CURVE('',#2032,#2041,#190,.T.);
#2643=EDGE_CURVE('',#2043,#2044,#1647,.T.);
#2644=EDGE_CURVE('',#2044,#2042,#191,.T.);
#2645=EDGE_CURVE('',#2041,#2043,#192,.T.);
#2646=EDGE_CURVE('',#2045,#2046,#1648,.T.);
#2647=EDGE_CURVE('',#2046,#2044,#193,.T.);
#2648=EDGE_CURVE('',#2043,#2045,#194,.T.);
#2649=EDGE_CURVE('',#2045,#2025,#195,.T.);
#2650=EDGE_CURVE('',#1851,#1784,#1060,.T.);
#2651=EDGE_CURVE('',#1831,#1828,#1649,.T.);
#2652=EDGE_CURVE('',#2040,#1829,#1061,.T.);
#2653=EDGE_CURVE('',#1828,#2038,#1062,.T.);
#2654=EDGE_CURVE('',#2036,#1831,#1063,.T.);
#2655=EDGE_CURVE('',#1830,#2034,#1064,.T.);
#2656=EDGE_CURVE('',#2047,#1744,#1650,.T.);
#2657=EDGE_CURVE('',#2030,#2047,#1651,.T.);
#2658=EDGE_CURVE('',#2048,#1745,#1652,.T.);
#2659=EDGE_CURVE('',#2047,#2048,#1653,.T.);
#2660=EDGE_CURVE('',#2049,#1746,#1654,.T.);
#2661=EDGE_CURVE('',#2048,#2049,#1655,.T.);
#2662=EDGE_CURVE('',#2046,#2049,#1065,.T.);
#2663=EDGE_CURVE('',#2048,#2044,#1066,.T.);
#2664=EDGE_CURVE('',#2042,#2047,#1067,.T.);
#2665=EDGE_CURVE('',#1852,#1783,#1068,.T.);
#2666=EDGE_CURVE('',#1853,#1782,#1069,.T.);
#2667=EDGE_CURVE('',#2027,#1830,#1070,.T.);
#2668=EDGE_CURVE('',#2049,#2026,#1071,.T.);
#2669=EDGE_CURVE('',#2024,#2046,#1072,.T.);
#2670=ORIENTED_EDGE('',*,*,#2050,.T.);
#2671=ORIENTED_EDGE('',*,*,#2051,.T.);
#2672=ORIENTED_EDGE('',*,*,#2052,.T.);
#2673=ORIENTED_EDGE('',*,*,#2053,.T.);
#2674=ORIENTED_EDGE('',*,*,#2054,.T.);
#2675=ORIENTED_EDGE('',*,*,#2055,.T.);
#2676=ORIENTED_EDGE('',*,*,#2050,.F.);
#2677=ORIENTED_EDGE('',*,*,#2056,.T.);
#2678=ORIENTED_EDGE('',*,*,#2057,.T.);
#2679=ORIENTED_EDGE('',*,*,#2058,.T.);
#2680=ORIENTED_EDGE('',*,*,#2054,.F.);
#2681=ORIENTED_EDGE('',*,*,#2059,.T.);
#2682=ORIENTED_EDGE('',*,*,#2060,.T.);
#2683=ORIENTED_EDGE('',*,*,#2061,.T.);
#2684=ORIENTED_EDGE('',*,*,#2057,.F.);
#2685=ORIENTED_EDGE('',*,*,#2062,.T.);
#2686=ORIENTED_EDGE('',*,*,#2063,.T.);
#2687=ORIENTED_EDGE('',*,*,#2064,.T.);
#2688=ORIENTED_EDGE('',*,*,#2060,.F.);
#2689=ORIENTED_EDGE('',*,*,#2065,.T.);
#2690=ORIENTED_EDGE('',*,*,#2066,.T.);
#2691=ORIENTED_EDGE('',*,*,#2067,.T.);
#2692=ORIENTED_EDGE('',*,*,#2063,.F.);
#2693=ORIENTED_EDGE('',*,*,#2068,.T.);
#2694=ORIENTED_EDGE('',*,*,#2069,.T.);
#2695=ORIENTED_EDGE('',*,*,#2070,.T.);
#2696=ORIENTED_EDGE('',*,*,#2066,.F.);
#2697=ORIENTED_EDGE('',*,*,#2071,.T.);
#2698=ORIENTED_EDGE('',*,*,#2071,.F.);
#2699=ORIENTED_EDGE('',*,*,#2072,.F.);
#2700=ORIENTED_EDGE('',*,*,#2073,.F.);
#2701=ORIENTED_EDGE('',*,*,#2074,.F.);
#2702=ORIENTED_EDGE('',*,*,#2075,.F.);
#2703=ORIENTED_EDGE('',*,*,#2076,.F.);
#2704=ORIENTED_EDGE('',*,*,#2077,.F.);
#2705=ORIENTED_EDGE('',*,*,#2078,.T.);
#2706=ORIENTED_EDGE('',*,*,#2079,.T.);
#2707=ORIENTED_EDGE('',*,*,#2080,.T.);
#2708=ORIENTED_EDGE('',*,*,#2081,.T.);
#2709=ORIENTED_EDGE('',*,*,#2082,.F.);
#2710=ORIENTED_EDGE('',*,*,#2083,.T.);
#2711=ORIENTED_EDGE('',*,*,#2084,.T.);
#2712=ORIENTED_EDGE('',*,*,#2068,.F.);
#2713=ORIENTED_EDGE('',*,*,#2085,.F.);
#2714=ORIENTED_EDGE('',*,*,#2086,.T.);
#2715=ORIENTED_EDGE('',*,*,#2072,.T.);
#2716=ORIENTED_EDGE('',*,*,#2065,.F.);
#2717=ORIENTED_EDGE('',*,*,#2087,.T.);
#2718=ORIENTED_EDGE('',*,*,#2088,.T.);
#2719=ORIENTED_EDGE('',*,*,#2089,.T.);
#2720=ORIENTED_EDGE('',*,*,#2090,.F.);
#2721=ORIENTED_EDGE('',*,*,#2091,.T.);
#2722=ORIENTED_EDGE('',*,*,#2092,.T.);
#2723=ORIENTED_EDGE('',*,*,#2093,.F.);
#2724=ORIENTED_EDGE('',*,*,#2094,.F.);
#2725=ORIENTED_EDGE('',*,*,#2095,.F.);
#2726=ORIENTED_EDGE('',*,*,#2096,.T.);
#2727=ORIENTED_EDGE('',*,*,#2097,.F.);
#2728=ORIENTED_EDGE('',*,*,#2098,.T.);
#2729=ORIENTED_EDGE('',*,*,#2099,.F.);
#2730=ORIENTED_EDGE('',*,*,#2100,.T.);
#2731=ORIENTED_EDGE('',*,*,#2101,.F.);
#2732=ORIENTED_EDGE('',*,*,#2102,.T.);
#2733=ORIENTED_EDGE('',*,*,#2103,.T.);
#2734=ORIENTED_EDGE('',*,*,#2104,.F.);
#2735=ORIENTED_EDGE('',*,*,#2105,.T.);
#2736=ORIENTED_EDGE('',*,*,#2106,.T.);
#2737=ORIENTED_EDGE('',*,*,#2085,.T.);
#2738=ORIENTED_EDGE('',*,*,#2062,.F.);
#2739=ORIENTED_EDGE('',*,*,#2107,.T.);
#2740=ORIENTED_EDGE('',*,*,#2108,.T.);
#2741=ORIENTED_EDGE('',*,*,#2087,.F.);
#2742=ORIENTED_EDGE('',*,*,#2059,.F.);
#2743=ORIENTED_EDGE('',*,*,#2109,.F.);
#2744=ORIENTED_EDGE('',*,*,#2110,.T.);
#2745=ORIENTED_EDGE('',*,*,#2111,.T.);
#2746=ORIENTED_EDGE('',*,*,#2112,.F.);
#2747=ORIENTED_EDGE('',*,*,#2113,.F.);
#2748=ORIENTED_EDGE('',*,*,#2114,.T.);
#2749=ORIENTED_EDGE('',*,*,#2115,.T.);
#2750=ORIENTED_EDGE('',*,*,#2116,.F.);
#2751=ORIENTED_EDGE('',*,*,#2117,.F.);
#2752=ORIENTED_EDGE('',*,*,#2118,.F.);
#2753=ORIENTED_EDGE('',*,*,#2119,.F.);
#2754=ORIENTED_EDGE('',*,*,#2120,.F.);
#2755=ORIENTED_EDGE('',*,*,#2107,.F.);
#2756=ORIENTED_EDGE('',*,*,#2056,.F.);
#2757=ORIENTED_EDGE('',*,*,#2121,.T.);
#2758=ORIENTED_EDGE('',*,*,#2122,.T.);
#2759=ORIENTED_EDGE('',*,*,#2109,.T.);
#2760=ORIENTED_EDGE('',*,*,#2053,.F.);
#2761=ORIENTED_EDGE('',*,*,#2123,.T.);
#2762=ORIENTED_EDGE('',*,*,#2124,.T.);
#2763=ORIENTED_EDGE('',*,*,#2125,.T.);
#2764=ORIENTED_EDGE('',*,*,#2126,.T.);
#2765=ORIENTED_EDGE('',*,*,#2121,.F.);
#2766=ORIENTED_EDGE('',*,*,#2127,.T.);
#2767=ORIENTED_EDGE('',*,*,#2077,.T.);
#2768=ORIENTED_EDGE('',*,*,#2128,.T.);
#2769=ORIENTED_EDGE('',*,*,#2129,.T.);
#2770=ORIENTED_EDGE('',*,*,#2130,.T.);
#2771=ORIENTED_EDGE('',*,*,#2131,.T.);
#2772=ORIENTED_EDGE('',*,*,#2128,.F.);
#2773=ORIENTED_EDGE('',*,*,#2132,.T.);
#2774=ORIENTED_EDGE('',*,*,#2133,.T.);
#2775=ORIENTED_EDGE('',*,*,#2134,.T.);
#2776=ORIENTED_EDGE('',*,*,#2130,.F.);
#2777=ORIENTED_EDGE('',*,*,#2135,.T.);
#2778=ORIENTED_EDGE('',*,*,#2136,.T.);
#2779=ORIENTED_EDGE('',*,*,#2137,.T.);
#2780=ORIENTED_EDGE('',*,*,#2133,.F.);
#2781=ORIENTED_EDGE('',*,*,#2138,.T.);
#2782=ORIENTED_EDGE('',*,*,#2139,.T.);
#2783=ORIENTED_EDGE('',*,*,#2140,.T.);
#2784=ORIENTED_EDGE('',*,*,#2136,.F.);
#2785=ORIENTED_EDGE('',*,*,#2116,.T.);
#2786=ORIENTED_EDGE('',*,*,#2141,.T.);
#2787=ORIENTED_EDGE('',*,*,#2142,.T.);
#2788=ORIENTED_EDGE('',*,*,#2139,.F.);
#2789=ORIENTED_EDGE('',*,*,#2143,.T.);
#2790=ORIENTED_EDGE('',*,*,#2144,.T.);
#2791=ORIENTED_EDGE('',*,*,#2145,.T.);
#2792=ORIENTED_EDGE('',*,*,#2141,.F.);
#2793=ORIENTED_EDGE('',*,*,#2146,.T.);
#2794=ORIENTED_EDGE('',*,*,#2146,.F.);
#2795=ORIENTED_EDGE('',*,*,#2147,.F.);
#2796=ORIENTED_EDGE('',*,*,#2148,.T.);
#2797=ORIENTED_EDGE('',*,*,#2149,.T.);
#2798=ORIENTED_EDGE('',*,*,#2150,.F.);
#2799=ORIENTED_EDGE('',*,*,#2143,.F.);
#2800=ORIENTED_EDGE('',*,*,#2115,.F.);
#2801=ORIENTED_EDGE('',*,*,#2151,.T.);
#2802=ORIENTED_EDGE('',*,*,#2147,.T.);
#2803=ORIENTED_EDGE('',*,*,#2138,.F.);
#2804=ORIENTED_EDGE('',*,*,#2152,.T.);
#2805=ORIENTED_EDGE('',*,*,#2153,.F.);
#2806=ORIENTED_EDGE('',*,*,#2117,.T.);
#2807=ORIENTED_EDGE('',*,*,#2135,.F.);
#2808=ORIENTED_EDGE('',*,*,#2154,.F.);
#2809=ORIENTED_EDGE('',*,*,#2155,.F.);
#2810=ORIENTED_EDGE('',*,*,#2156,.F.);
#2811=ORIENTED_EDGE('',*,*,#2157,.F.);
#2812=ORIENTED_EDGE('',*,*,#2158,.F.);
#2813=ORIENTED_EDGE('',*,*,#2159,.F.);
#2814=ORIENTED_EDGE('',*,*,#2160,.F.);
#2815=ORIENTED_EDGE('',*,*,#2161,.F.);
#2816=ORIENTED_EDGE('',*,*,#2162,.F.);
#2817=ORIENTED_EDGE('',*,*,#2163,.F.);
#2818=ORIENTED_EDGE('',*,*,#2164,.F.);
#2819=ORIENTED_EDGE('',*,*,#2165,.F.);
#2820=ORIENTED_EDGE('',*,*,#2166,.T.);
#2821=ORIENTED_EDGE('',*,*,#2167,.F.);
#2822=ORIENTED_EDGE('',*,*,#2168,.T.);
#2823=ORIENTED_EDGE('',*,*,#2169,.F.);
#2824=ORIENTED_EDGE('',*,*,#2170,.F.);
#2825=ORIENTED_EDGE('',*,*,#2171,.F.);
#2826=ORIENTED_EDGE('',*,*,#2152,.F.);
#2827=ORIENTED_EDGE('',*,*,#2132,.F.);
#2828=ORIENTED_EDGE('',*,*,#2076,.T.);
#2829=ORIENTED_EDGE('',*,*,#2172,.F.);
#2830=ORIENTED_EDGE('',*,*,#2154,.T.);
#2831=ORIENTED_EDGE('',*,*,#2127,.F.);
#2832=ORIENTED_EDGE('',*,*,#2173,.F.);
#2833=ORIENTED_EDGE('',*,*,#2174,.F.);
#2834=ORIENTED_EDGE('',*,*,#2175,.F.);
#2835=ORIENTED_EDGE('',*,*,#2078,.F.);
#2836=ORIENTED_EDGE('',*,*,#2176,.F.);
#2837=ORIENTED_EDGE('',*,*,#2177,.F.);
#2838=ORIENTED_EDGE('',*,*,#2178,.F.);
#2839=ORIENTED_EDGE('',*,*,#2179,.T.);
#2840=ORIENTED_EDGE('',*,*,#2180,.F.);
#2841=ORIENTED_EDGE('',*,*,#2181,.T.);
#2842=ORIENTED_EDGE('',*,*,#2182,.F.);
#2843=ORIENTED_EDGE('',*,*,#2183,.F.);
#2844=ORIENTED_EDGE('',*,*,#2184,.T.);
#2845=ORIENTED_EDGE('',*,*,#2174,.T.);
#2846=ORIENTED_EDGE('',*,*,#2176,.T.);
#2847=ORIENTED_EDGE('',*,*,#2173,.T.);
#2848=ORIENTED_EDGE('',*,*,#2129,.F.);
#2849=ORIENTED_EDGE('',*,*,#2131,.F.);
#2850=ORIENTED_EDGE('',*,*,#2134,.F.);
#2851=ORIENTED_EDGE('',*,*,#2137,.F.);
#2852=ORIENTED_EDGE('',*,*,#2140,.F.);
#2853=ORIENTED_EDGE('',*,*,#2142,.F.);
#2854=ORIENTED_EDGE('',*,*,#2145,.F.);
#2855=ORIENTED_EDGE('',*,*,#2185,.T.);
#2856=ORIENTED_EDGE('',*,*,#2186,.T.);
#2857=ORIENTED_EDGE('',*,*,#2187,.T.);
#2858=ORIENTED_EDGE('',*,*,#2112,.T.);
#2859=ORIENTED_EDGE('',*,*,#2188,.T.);
#2860=ORIENTED_EDGE('',*,*,#2189,.T.);
#2861=ORIENTED_EDGE('',*,*,#2190,.T.);
#2862=ORIENTED_EDGE('',*,*,#2051,.F.);
#2863=ORIENTED_EDGE('',*,*,#2055,.F.);
#2864=ORIENTED_EDGE('',*,*,#2058,.F.);
#2865=ORIENTED_EDGE('',*,*,#2061,.F.);
#2866=ORIENTED_EDGE('',*,*,#2064,.F.);
#2867=ORIENTED_EDGE('',*,*,#2067,.F.);
#2868=ORIENTED_EDGE('',*,*,#2070,.F.);
#2869=ORIENTED_EDGE('',*,*,#2191,.T.);
#2870=ORIENTED_EDGE('',*,*,#2069,.F.);
#2871=ORIENTED_EDGE('',*,*,#2084,.F.);
#2872=ORIENTED_EDGE('',*,*,#2192,.T.);
#2873=ORIENTED_EDGE('',*,*,#2177,.T.);
#2874=ORIENTED_EDGE('',*,*,#2191,.F.);
#2875=ORIENTED_EDGE('',*,*,#2190,.F.);
#2876=ORIENTED_EDGE('',*,*,#2193,.F.);
#2877=ORIENTED_EDGE('',*,*,#2194,.F.);
#2878=ORIENTED_EDGE('',*,*,#2123,.F.);
#2879=ORIENTED_EDGE('',*,*,#2052,.F.);
#2880=ORIENTED_EDGE('',*,*,#2193,.T.);
#2881=ORIENTED_EDGE('',*,*,#2189,.F.);
#2882=ORIENTED_EDGE('',*,*,#2195,.F.);
#2883=ORIENTED_EDGE('',*,*,#2196,.F.);
#2884=ORIENTED_EDGE('',*,*,#2197,.T.);
#2885=ORIENTED_EDGE('',*,*,#2198,.F.);
#2886=ORIENTED_EDGE('',*,*,#2199,.T.);
#2887=ORIENTED_EDGE('',*,*,#2185,.F.);
#2888=ORIENTED_EDGE('',*,*,#2144,.F.);
#2889=ORIENTED_EDGE('',*,*,#2150,.T.);
#2890=ORIENTED_EDGE('',*,*,#2200,.T.);
#2891=ORIENTED_EDGE('',*,*,#2188,.F.);
#2892=ORIENTED_EDGE('',*,*,#2111,.F.);
#2893=ORIENTED_EDGE('',*,*,#2201,.T.);
#2894=ORIENTED_EDGE('',*,*,#2195,.T.);
#2895=ORIENTED_EDGE('',*,*,#2187,.F.);
#2896=ORIENTED_EDGE('',*,*,#2202,.T.);
#2897=ORIENTED_EDGE('',*,*,#2203,.T.);
#2898=ORIENTED_EDGE('',*,*,#2113,.T.);
#2899=ORIENTED_EDGE('',*,*,#2199,.F.);
#2900=ORIENTED_EDGE('',*,*,#2204,.F.);
#2901=ORIENTED_EDGE('',*,*,#2205,.F.);
#2902=ORIENTED_EDGE('',*,*,#2202,.F.);
#2903=ORIENTED_EDGE('',*,*,#2186,.F.);
#2904=ORIENTED_EDGE('',*,*,#2206,.F.);
#2905=ORIENTED_EDGE('',*,*,#2103,.F.);
#2906=ORIENTED_EDGE('',*,*,#2207,.F.);
#2907=ORIENTED_EDGE('',*,*,#2208,.F.);
#2908=ORIENTED_EDGE('',*,*,#2209,.F.);
#2909=ORIENTED_EDGE('',*,*,#2210,.F.);
#2910=ORIENTED_EDGE('',*,*,#2211,.F.);
#2911=ORIENTED_EDGE('',*,*,#2212,.F.);
#2912=ORIENTED_EDGE('',*,*,#2213,.F.);
#2913=ORIENTED_EDGE('',*,*,#2214,.F.);
#2914=ORIENTED_EDGE('',*,*,#2215,.T.);
#2915=ORIENTED_EDGE('',*,*,#2216,.F.);
#2916=ORIENTED_EDGE('',*,*,#2217,.F.);
#2917=ORIENTED_EDGE('',*,*,#2218,.T.);
#2918=ORIENTED_EDGE('',*,*,#2219,.F.);
#2919=ORIENTED_EDGE('',*,*,#2220,.F.);
#2920=ORIENTED_EDGE('',*,*,#2221,.F.);
#2921=ORIENTED_EDGE('',*,*,#2222,.F.);
#2922=ORIENTED_EDGE('',*,*,#2223,.F.);
#2923=ORIENTED_EDGE('',*,*,#2158,.T.);
#2924=ORIENTED_EDGE('',*,*,#2224,.F.);
#2925=ORIENTED_EDGE('',*,*,#2225,.T.);
#2926=ORIENTED_EDGE('',*,*,#2226,.F.);
#2927=ORIENTED_EDGE('',*,*,#2227,.F.);
#2928=ORIENTED_EDGE('',*,*,#2228,.F.);
#2929=ORIENTED_EDGE('',*,*,#2229,.F.);
#2930=ORIENTED_EDGE('',*,*,#2230,.F.);
#2931=ORIENTED_EDGE('',*,*,#2231,.F.);
#2932=ORIENTED_EDGE('',*,*,#2232,.F.);
#2933=ORIENTED_EDGE('',*,*,#2233,.F.);
#2934=ORIENTED_EDGE('',*,*,#2234,.F.);
#2935=ORIENTED_EDGE('',*,*,#2235,.F.);
#2936=ORIENTED_EDGE('',*,*,#2236,.F.);
#2937=ORIENTED_EDGE('',*,*,#2237,.F.);
#2938=ORIENTED_EDGE('',*,*,#2105,.F.);
#2939=ORIENTED_EDGE('',*,*,#2238,.F.);
#2940=ORIENTED_EDGE('',*,*,#2239,.F.);
#2941=ORIENTED_EDGE('',*,*,#2240,.F.);
#2942=ORIENTED_EDGE('',*,*,#2241,.F.);
#2943=ORIENTED_EDGE('',*,*,#2242,.F.);
#2944=ORIENTED_EDGE('',*,*,#2243,.T.);
#2945=ORIENTED_EDGE('',*,*,#2244,.F.);
#2946=ORIENTED_EDGE('',*,*,#2245,.F.);
#2947=ORIENTED_EDGE('',*,*,#2246,.T.);
#2948=ORIENTED_EDGE('',*,*,#2247,.T.);
#2949=ORIENTED_EDGE('',*,*,#2248,.T.);
#2950=ORIENTED_EDGE('',*,*,#2249,.F.);
#2951=ORIENTED_EDGE('',*,*,#2250,.T.);
#2952=ORIENTED_EDGE('',*,*,#2251,.T.);
#2953=ORIENTED_EDGE('',*,*,#2252,.T.);
#2954=ORIENTED_EDGE('',*,*,#2253,.T.);
#2955=ORIENTED_EDGE('',*,*,#2254,.T.);
#2956=ORIENTED_EDGE('',*,*,#2255,.T.);
#2957=ORIENTED_EDGE('',*,*,#2256,.F.);
#2958=ORIENTED_EDGE('',*,*,#2257,.F.);
#2959=ORIENTED_EDGE('',*,*,#2258,.F.);
#2960=ORIENTED_EDGE('',*,*,#2156,.T.);
#2961=ORIENTED_EDGE('',*,*,#2259,.F.);
#2962=ORIENTED_EDGE('',*,*,#2260,.F.);
#2963=ORIENTED_EDGE('',*,*,#2261,.F.);
#2964=ORIENTED_EDGE('',*,*,#2106,.F.);
#2965=ORIENTED_EDGE('',*,*,#2261,.T.);
#2966=ORIENTED_EDGE('',*,*,#2262,.T.);
#2967=ORIENTED_EDGE('',*,*,#2263,.F.);
#2968=ORIENTED_EDGE('',*,*,#2102,.F.);
#2969=ORIENTED_EDGE('',*,*,#2264,.T.);
#2970=ORIENTED_EDGE('',*,*,#2265,.T.);
#2971=ORIENTED_EDGE('',*,*,#2207,.T.);
#2972=ORIENTED_EDGE('',*,*,#2098,.F.);
#2973=ORIENTED_EDGE('',*,*,#2266,.F.);
#2974=ORIENTED_EDGE('',*,*,#2267,.T.);
#2975=ORIENTED_EDGE('',*,*,#2268,.T.);
#2976=ORIENTED_EDGE('',*,*,#2096,.F.);
#2977=ORIENTED_EDGE('',*,*,#2269,.F.);
#2978=ORIENTED_EDGE('',*,*,#2270,.T.);
#2979=ORIENTED_EDGE('',*,*,#2271,.T.);
#2980=ORIENTED_EDGE('',*,*,#2092,.F.);
#2981=ORIENTED_EDGE('',*,*,#2272,.T.);
#2982=ORIENTED_EDGE('',*,*,#2273,.T.);
#2983=ORIENTED_EDGE('',*,*,#2274,.F.);
#2984=ORIENTED_EDGE('',*,*,#2275,.F.);
#2985=ORIENTED_EDGE('',*,*,#2276,.F.);
#2986=ORIENTED_EDGE('',*,*,#2277,.F.);
#2987=ORIENTED_EDGE('',*,*,#2278,.F.);
#2988=ORIENTED_EDGE('',*,*,#2279,.F.);
#2989=ORIENTED_EDGE('',*,*,#2280,.F.);
#2990=ORIENTED_EDGE('',*,*,#2281,.F.);
#2991=ORIENTED_EDGE('',*,*,#2282,.F.);
#2992=ORIENTED_EDGE('',*,*,#2283,.F.);
#2993=ORIENTED_EDGE('',*,*,#2284,.F.);
#2994=ORIENTED_EDGE('',*,*,#2285,.F.);
#2995=ORIENTED_EDGE('',*,*,#2286,.T.);
#2996=ORIENTED_EDGE('',*,*,#2287,.F.);
#2997=ORIENTED_EDGE('',*,*,#2288,.F.);
#2998=ORIENTED_EDGE('',*,*,#2289,.F.);
#2999=ORIENTED_EDGE('',*,*,#2168,.F.);
#3000=ORIENTED_EDGE('',*,*,#2290,.F.);
#3001=ORIENTED_EDGE('',*,*,#2291,.T.);
#3002=ORIENTED_EDGE('',*,*,#2292,.F.);
#3003=ORIENTED_EDGE('',*,*,#2293,.T.);
#3004=ORIENTED_EDGE('',*,*,#2149,.F.);
#3005=ORIENTED_EDGE('',*,*,#2294,.T.);
#3006=ORIENTED_EDGE('',*,*,#2204,.T.);
#3007=ORIENTED_EDGE('',*,*,#2295,.T.);
#3008=ORIENTED_EDGE('',*,*,#2296,.F.);
#3009=ORIENTED_EDGE('',*,*,#2297,.F.);
#3010=ORIENTED_EDGE('',*,*,#2298,.F.);
#3011=ORIENTED_EDGE('',*,*,#2299,.F.);
#3012=ORIENTED_EDGE('',*,*,#2197,.F.);
#3013=ORIENTED_EDGE('',*,*,#2300,.F.);
#3014=ORIENTED_EDGE('',*,*,#2125,.F.);
#3015=ORIENTED_EDGE('',*,*,#2301,.F.);
#3016=ORIENTED_EDGE('',*,*,#2302,.F.);
#3017=ORIENTED_EDGE('',*,*,#2303,.F.);
#3018=ORIENTED_EDGE('',*,*,#2272,.F.);
#3019=ORIENTED_EDGE('',*,*,#2091,.F.);
#3020=ORIENTED_EDGE('',*,*,#2304,.F.);
#3021=ORIENTED_EDGE('',*,*,#2089,.F.);
#3022=ORIENTED_EDGE('',*,*,#2305,.T.);
#3023=ORIENTED_EDGE('',*,*,#2306,.F.);
#3024=ORIENTED_EDGE('',*,*,#2307,.F.);
#3025=ORIENTED_EDGE('',*,*,#2170,.T.);
#3026=ORIENTED_EDGE('',*,*,#2308,.F.);
#3027=ORIENTED_EDGE('',*,*,#2309,.T.);
#3028=ORIENTED_EDGE('',*,*,#2310,.F.);
#3029=ORIENTED_EDGE('',*,*,#2311,.T.);
#3030=ORIENTED_EDGE('',*,*,#2312,.T.);
#3031=ORIENTED_EDGE('',*,*,#2313,.T.);
#3032=ORIENTED_EDGE('',*,*,#2314,.T.);
#3033=ORIENTED_EDGE('',*,*,#2315,.T.);
#3034=ORIENTED_EDGE('',*,*,#2316,.T.);
#3035=ORIENTED_EDGE('',*,*,#2317,.F.);
#3036=ORIENTED_EDGE('',*,*,#2318,.F.);
#3037=ORIENTED_EDGE('',*,*,#2319,.F.);
#3038=ORIENTED_EDGE('',*,*,#2320,.F.);
#3039=ORIENTED_EDGE('',*,*,#2321,.F.);
#3040=ORIENTED_EDGE('',*,*,#2322,.T.);
#3041=ORIENTED_EDGE('',*,*,#2323,.F.);
#3042=ORIENTED_EDGE('',*,*,#2324,.F.);
#3043=ORIENTED_EDGE('',*,*,#2325,.T.);
#3044=ORIENTED_EDGE('',*,*,#2326,.T.);
#3045=ORIENTED_EDGE('',*,*,#2327,.F.);
#3046=ORIENTED_EDGE('',*,*,#2088,.F.);
#3047=ORIENTED_EDGE('',*,*,#2328,.F.);
#3048=ORIENTED_EDGE('',*,*,#2329,.T.);
#3049=ORIENTED_EDGE('',*,*,#2305,.F.);
#3050=ORIENTED_EDGE('',*,*,#2330,.T.);
#3051=ORIENTED_EDGE('',*,*,#2331,.F.);
#3052=ORIENTED_EDGE('',*,*,#2332,.T.);
#3053=ORIENTED_EDGE('',*,*,#2333,.F.);
#3054=ORIENTED_EDGE('',*,*,#2334,.T.);
#3055=ORIENTED_EDGE('',*,*,#2335,.T.);
#3056=ORIENTED_EDGE('',*,*,#2336,.F.);
#3057=ORIENTED_EDGE('',*,*,#2331,.T.);
#3058=ORIENTED_EDGE('',*,*,#2336,.T.);
#3059=ORIENTED_EDGE('',*,*,#2337,.T.);
#3060=ORIENTED_EDGE('',*,*,#2209,.T.);
#3061=ORIENTED_EDGE('',*,*,#2338,.T.);
#3062=ORIENTED_EDGE('',*,*,#2339,.T.);
#3063=ORIENTED_EDGE('',*,*,#2340,.T.);
#3064=ORIENTED_EDGE('',*,*,#2221,.T.);
#3065=ORIENTED_EDGE('',*,*,#2341,.T.);
#3066=ORIENTED_EDGE('',*,*,#2101,.T.);
#3067=ORIENTED_EDGE('',*,*,#2342,.T.);
#3068=ORIENTED_EDGE('',*,*,#2333,.T.);
#3069=ORIENTED_EDGE('',*,*,#2264,.F.);
#3070=ORIENTED_EDGE('',*,*,#2338,.F.);
#3071=ORIENTED_EDGE('',*,*,#2208,.T.);
#3072=ORIENTED_EDGE('',*,*,#2265,.F.);
#3073=ORIENTED_EDGE('',*,*,#2332,.F.);
#3074=ORIENTED_EDGE('',*,*,#2343,.T.);
#3075=ORIENTED_EDGE('',*,*,#2159,.T.);
#3076=ORIENTED_EDGE('',*,*,#2223,.T.);
#3077=ORIENTED_EDGE('',*,*,#2344,.T.);
#3078=ORIENTED_EDGE('',*,*,#2345,.T.);
#3079=ORIENTED_EDGE('',*,*,#2344,.F.);
#3080=ORIENTED_EDGE('',*,*,#2222,.T.);
#3081=ORIENTED_EDGE('',*,*,#2340,.F.);
#3082=ORIENTED_EDGE('',*,*,#2346,.T.);
#3083=ORIENTED_EDGE('',*,*,#2347,.T.);
#3084=ORIENTED_EDGE('',*,*,#2172,.T.);
#3085=ORIENTED_EDGE('',*,*,#2075,.T.);
#3086=ORIENTED_EDGE('',*,*,#2348,.T.);
#3087=ORIENTED_EDGE('',*,*,#2349,.T.);
#3088=ORIENTED_EDGE('',*,*,#2346,.F.);
#3089=ORIENTED_EDGE('',*,*,#2074,.T.);
#3090=ORIENTED_EDGE('',*,*,#2086,.F.);
#3091=ORIENTED_EDGE('',*,*,#2263,.T.);
#3092=ORIENTED_EDGE('',*,*,#2348,.F.);
#3093=ORIENTED_EDGE('',*,*,#2073,.T.);
#3094=ORIENTED_EDGE('',*,*,#2347,.F.);
#3095=ORIENTED_EDGE('',*,*,#2350,.T.);
#3096=ORIENTED_EDGE('',*,*,#2259,.T.);
#3097=ORIENTED_EDGE('',*,*,#2155,.T.);
#3098=ORIENTED_EDGE('',*,*,#2349,.F.);
#3099=ORIENTED_EDGE('',*,*,#2262,.F.);
#3100=ORIENTED_EDGE('',*,*,#2260,.T.);
#3101=ORIENTED_EDGE('',*,*,#2350,.F.);
#3102=ORIENTED_EDGE('',*,*,#2238,.T.);
#3103=ORIENTED_EDGE('',*,*,#2104,.T.);
#3104=ORIENTED_EDGE('',*,*,#2206,.T.);
#3105=ORIENTED_EDGE('',*,*,#2351,.T.);
#3106=ORIENTED_EDGE('',*,*,#2224,.T.);
#3107=ORIENTED_EDGE('',*,*,#2157,.T.);
#3108=ORIENTED_EDGE('',*,*,#2258,.T.);
#3109=ORIENTED_EDGE('',*,*,#2352,.T.);
#3110=ORIENTED_EDGE('',*,*,#2352,.F.);
#3111=ORIENTED_EDGE('',*,*,#2257,.T.);
#3112=ORIENTED_EDGE('',*,*,#2256,.T.);
#3113=ORIENTED_EDGE('',*,*,#2353,.F.);
#3114=ORIENTED_EDGE('',*,*,#2354,.T.);
#3115=ORIENTED_EDGE('',*,*,#2355,.F.);
#3116=ORIENTED_EDGE('',*,*,#2225,.F.);
#3117=ORIENTED_EDGE('',*,*,#2351,.F.);
#3118=ORIENTED_EDGE('',*,*,#2237,.T.);
#3119=ORIENTED_EDGE('',*,*,#2356,.F.);
#3120=ORIENTED_EDGE('',*,*,#2357,.T.);
#3121=ORIENTED_EDGE('',*,*,#2358,.F.);
#3122=ORIENTED_EDGE('',*,*,#2239,.T.);
#3123=ORIENTED_EDGE('',*,*,#2359,.T.);
#3124=ORIENTED_EDGE('',*,*,#2360,.T.);
#3125=ORIENTED_EDGE('',*,*,#2226,.T.);
#3126=ORIENTED_EDGE('',*,*,#2355,.T.);
#3127=ORIENTED_EDGE('',*,*,#2360,.F.);
#3128=ORIENTED_EDGE('',*,*,#2361,.F.);
#3129=ORIENTED_EDGE('',*,*,#2362,.T.);
#3130=ORIENTED_EDGE('',*,*,#2227,.T.);
#3131=ORIENTED_EDGE('',*,*,#2359,.F.);
#3132=ORIENTED_EDGE('',*,*,#2354,.F.);
#3133=ORIENTED_EDGE('',*,*,#2363,.F.);
#3134=ORIENTED_EDGE('',*,*,#2364,.T.);
#3135=ORIENTED_EDGE('',*,*,#2361,.T.);
#3136=ORIENTED_EDGE('',*,*,#2365,.T.);
#3137=ORIENTED_EDGE('',*,*,#2366,.T.);
#3138=ORIENTED_EDGE('',*,*,#2230,.T.);
#3139=ORIENTED_EDGE('',*,*,#2367,.T.);
#3140=ORIENTED_EDGE('',*,*,#2366,.F.);
#3141=ORIENTED_EDGE('',*,*,#2368,.T.);
#3142=ORIENTED_EDGE('',*,*,#2369,.F.);
#3143=ORIENTED_EDGE('',*,*,#2248,.F.);
#3144=ORIENTED_EDGE('',*,*,#2247,.F.);
#3145=ORIENTED_EDGE('',*,*,#2370,.T.);
#3146=ORIENTED_EDGE('',*,*,#2371,.T.);
#3147=ORIENTED_EDGE('',*,*,#2372,.F.);
#3148=ORIENTED_EDGE('',*,*,#2231,.T.);
#3149=ORIENTED_EDGE('',*,*,#2232,.T.);
#3150=ORIENTED_EDGE('',*,*,#2372,.T.);
#3151=ORIENTED_EDGE('',*,*,#2373,.T.);
#3152=ORIENTED_EDGE('',*,*,#2374,.T.);
#3153=ORIENTED_EDGE('',*,*,#2373,.F.);
#3154=ORIENTED_EDGE('',*,*,#2371,.F.);
#3155=ORIENTED_EDGE('',*,*,#2375,.F.);
#3156=ORIENTED_EDGE('',*,*,#2376,.F.);
#3157=ORIENTED_EDGE('',*,*,#2377,.T.);
#3158=ORIENTED_EDGE('',*,*,#2236,.T.);
#3159=ORIENTED_EDGE('',*,*,#2378,.T.);
#3160=ORIENTED_EDGE('',*,*,#2379,.T.);
#3161=ORIENTED_EDGE('',*,*,#2356,.T.);
#3162=ORIENTED_EDGE('',*,*,#2379,.F.);
#3163=ORIENTED_EDGE('',*,*,#2380,.F.);
#3164=ORIENTED_EDGE('',*,*,#2381,.F.);
#3165=ORIENTED_EDGE('',*,*,#2382,.T.);
#3166=ORIENTED_EDGE('',*,*,#2357,.F.);
#3167=ORIENTED_EDGE('',*,*,#2378,.F.);
#3168=ORIENTED_EDGE('',*,*,#2235,.T.);
#3169=ORIENTED_EDGE('',*,*,#2383,.F.);
#3170=ORIENTED_EDGE('',*,*,#2380,.T.);
#3171=ORIENTED_EDGE('',*,*,#2384,.T.);
#3172=ORIENTED_EDGE('',*,*,#2252,.F.);
#3173=ORIENTED_EDGE('',*,*,#2385,.F.);
#3174=ORIENTED_EDGE('',*,*,#2386,.F.);
#3175=ORIENTED_EDGE('',*,*,#2387,.F.);
#3176=ORIENTED_EDGE('',*,*,#2218,.F.);
#3177=ORIENTED_EDGE('',*,*,#2388,.F.);
#3178=ORIENTED_EDGE('',*,*,#2181,.F.);
#3179=ORIENTED_EDGE('',*,*,#2389,.T.);
#3180=ORIENTED_EDGE('',*,*,#2212,.T.);
#3181=ORIENTED_EDGE('',*,*,#2390,.F.);
#3182=ORIENTED_EDGE('',*,*,#2391,.F.);
#3183=ORIENTED_EDGE('',*,*,#2392,.F.);
#3184=ORIENTED_EDGE('',*,*,#2243,.F.);
#3185=ORIENTED_EDGE('',*,*,#2393,.F.);
#3186=ORIENTED_EDGE('',*,*,#2081,.F.);
#3187=ORIENTED_EDGE('',*,*,#2080,.F.);
#3188=ORIENTED_EDGE('',*,*,#2394,.F.);
#3189=ORIENTED_EDGE('',*,*,#2183,.T.);
#3190=ORIENTED_EDGE('',*,*,#2395,.F.);
#3191=ORIENTED_EDGE('',*,*,#2219,.T.);
#3192=ORIENTED_EDGE('',*,*,#2387,.T.);
#3193=ORIENTED_EDGE('',*,*,#2396,.F.);
#3194=ORIENTED_EDGE('',*,*,#2384,.F.);
#3195=ORIENTED_EDGE('',*,*,#2234,.T.);
#3196=ORIENTED_EDGE('',*,*,#2397,.T.);
#3197=ORIENTED_EDGE('',*,*,#2376,.T.);
#3198=ORIENTED_EDGE('',*,*,#2398,.T.);
#3199=ORIENTED_EDGE('',*,*,#2245,.T.);
#3200=ORIENTED_EDGE('',*,*,#2399,.F.);
#3201=ORIENTED_EDGE('',*,*,#2400,.F.);
#3202=ORIENTED_EDGE('',*,*,#2401,.F.);
#3203=ORIENTED_EDGE('',*,*,#2241,.T.);
#3204=ORIENTED_EDGE('',*,*,#2402,.T.);
#3205=ORIENTED_EDGE('',*,*,#2381,.T.);
#3206=ORIENTED_EDGE('',*,*,#2383,.T.);
#3207=ORIENTED_EDGE('',*,*,#2374,.F.);
#3208=ORIENTED_EDGE('',*,*,#2377,.F.);
#3209=ORIENTED_EDGE('',*,*,#2397,.F.);
#3210=ORIENTED_EDGE('',*,*,#2233,.T.);
#3211=ORIENTED_EDGE('',*,*,#2184,.F.);
#3212=ORIENTED_EDGE('',*,*,#2394,.T.);
#3213=ORIENTED_EDGE('',*,*,#2079,.F.);
#3214=ORIENTED_EDGE('',*,*,#2175,.T.);
#3215=ORIENTED_EDGE('',*,*,#2403,.T.);
#3216=ORIENTED_EDGE('',*,*,#2179,.F.);
#3217=ORIENTED_EDGE('',*,*,#2404,.T.);
#3218=ORIENTED_EDGE('',*,*,#2082,.T.);
#3219=ORIENTED_EDGE('',*,*,#2393,.T.);
#3220=ORIENTED_EDGE('',*,*,#2405,.F.);
#3221=ORIENTED_EDGE('',*,*,#2390,.T.);
#3222=ORIENTED_EDGE('',*,*,#2211,.T.);
#3223=ORIENTED_EDGE('',*,*,#2192,.F.);
#3224=ORIENTED_EDGE('',*,*,#2083,.F.);
#3225=ORIENTED_EDGE('',*,*,#2404,.F.);
#3226=ORIENTED_EDGE('',*,*,#2178,.T.);
#3227=ORIENTED_EDGE('',*,*,#2392,.T.);
#3228=ORIENTED_EDGE('',*,*,#2406,.T.);
#3229=ORIENTED_EDGE('',*,*,#2399,.T.);
#3230=ORIENTED_EDGE('',*,*,#2244,.T.);
#3231=ORIENTED_EDGE('',*,*,#2391,.T.);
#3232=ORIENTED_EDGE('',*,*,#2407,.T.);
#3233=ORIENTED_EDGE('',*,*,#2400,.T.);
#3234=ORIENTED_EDGE('',*,*,#2406,.F.);
#3235=ORIENTED_EDGE('',*,*,#2385,.T.);
#3236=ORIENTED_EDGE('',*,*,#2251,.F.);
#3237=ORIENTED_EDGE('',*,*,#2408,.F.);
#3238=ORIENTED_EDGE('',*,*,#2409,.F.);
#3239=ORIENTED_EDGE('',*,*,#2410,.F.);
#3240=ORIENTED_EDGE('',*,*,#2411,.T.);
#3241=ORIENTED_EDGE('',*,*,#2249,.T.);
#3242=ORIENTED_EDGE('',*,*,#2369,.T.);
#3243=ORIENTED_EDGE('',*,*,#2365,.F.);
#3244=ORIENTED_EDGE('',*,*,#2412,.F.);
#3245=ORIENTED_EDGE('',*,*,#2413,.T.);
#3246=ORIENTED_EDGE('',*,*,#2410,.T.);
#3247=ORIENTED_EDGE('',*,*,#2368,.F.);
#3248=ORIENTED_EDGE('',*,*,#2367,.F.);
#3249=ORIENTED_EDGE('',*,*,#2229,.T.);
#3250=ORIENTED_EDGE('',*,*,#2414,.T.);
#3251=ORIENTED_EDGE('',*,*,#2412,.T.);
#3252=ORIENTED_EDGE('',*,*,#2415,.F.);
#3253=ORIENTED_EDGE('',*,*,#2416,.F.);
#3254=ORIENTED_EDGE('',*,*,#2417,.T.);
#3255=ORIENTED_EDGE('',*,*,#2418,.T.);
#3256=ORIENTED_EDGE('',*,*,#2419,.F.);
#3257=ORIENTED_EDGE('',*,*,#2420,.F.);
#3258=ORIENTED_EDGE('',*,*,#2421,.T.);
#3259=ORIENTED_EDGE('',*,*,#2416,.T.);
#3260=ORIENTED_EDGE('',*,*,#2422,.F.);
#3261=ORIENTED_EDGE('',*,*,#2423,.F.);
#3262=ORIENTED_EDGE('',*,*,#2424,.F.);
#3263=ORIENTED_EDGE('',*,*,#2420,.T.);
#3264=ORIENTED_EDGE('',*,*,#2425,.F.);
#3265=ORIENTED_EDGE('',*,*,#2418,.F.);
#3266=ORIENTED_EDGE('',*,*,#2426,.F.);
#3267=ORIENTED_EDGE('',*,*,#2423,.T.);
#3268=ORIENTED_EDGE('',*,*,#2426,.T.);
#3269=ORIENTED_EDGE('',*,*,#2417,.F.);
#3270=ORIENTED_EDGE('',*,*,#2421,.F.);
#3271=ORIENTED_EDGE('',*,*,#2424,.T.);
#3272=ORIENTED_EDGE('',*,*,#2402,.F.);
#3273=ORIENTED_EDGE('',*,*,#2240,.T.);
#3274=ORIENTED_EDGE('',*,*,#2358,.T.);
#3275=ORIENTED_EDGE('',*,*,#2382,.F.);
#3276=ORIENTED_EDGE('',*,*,#2246,.F.);
#3277=ORIENTED_EDGE('',*,*,#2398,.F.);
#3278=ORIENTED_EDGE('',*,*,#2375,.T.);
#3279=ORIENTED_EDGE('',*,*,#2370,.F.);
#3280=ORIENTED_EDGE('',*,*,#2405,.T.);
#3281=ORIENTED_EDGE('',*,*,#2242,.T.);
#3282=ORIENTED_EDGE('',*,*,#2401,.T.);
#3283=ORIENTED_EDGE('',*,*,#2407,.F.);
#3284=ORIENTED_EDGE('',*,*,#2396,.T.);
#3285=ORIENTED_EDGE('',*,*,#2427,.T.);
#3286=ORIENTED_EDGE('',*,*,#2428,.F.);
#3287=ORIENTED_EDGE('',*,*,#2253,.F.);
#3288=ORIENTED_EDGE('',*,*,#2386,.T.);
#3289=ORIENTED_EDGE('',*,*,#2409,.T.);
#3290=ORIENTED_EDGE('',*,*,#2429,.F.);
#3291=ORIENTED_EDGE('',*,*,#2427,.F.);
#3292=ORIENTED_EDGE('',*,*,#2430,.F.);
#3293=ORIENTED_EDGE('',*,*,#2431,.T.);
#3294=ORIENTED_EDGE('',*,*,#2432,.F.);
#3295=ORIENTED_EDGE('',*,*,#2433,.T.);
#3296=ORIENTED_EDGE('',*,*,#2434,.T.);
#3297=ORIENTED_EDGE('',*,*,#2435,.T.);
#3298=ORIENTED_EDGE('',*,*,#2436,.T.);
#3299=ORIENTED_EDGE('',*,*,#2437,.F.);
#3300=ORIENTED_EDGE('',*,*,#2438,.T.);
#3301=ORIENTED_EDGE('',*,*,#2439,.F.);
#3302=ORIENTED_EDGE('',*,*,#2440,.F.);
#3303=ORIENTED_EDGE('',*,*,#2441,.F.);
#3304=ORIENTED_EDGE('',*,*,#2442,.T.);
#3305=ORIENTED_EDGE('',*,*,#2363,.T.);
#3306=ORIENTED_EDGE('',*,*,#2353,.T.);
#3307=ORIENTED_EDGE('',*,*,#2255,.F.);
#3308=ORIENTED_EDGE('',*,*,#2443,.T.);
#3309=ORIENTED_EDGE('',*,*,#2444,.F.);
#3310=ORIENTED_EDGE('',*,*,#2438,.F.);
#3311=ORIENTED_EDGE('',*,*,#2445,.T.);
#3312=ORIENTED_EDGE('',*,*,#2446,.T.);
#3313=ORIENTED_EDGE('',*,*,#2447,.F.);
#3314=ORIENTED_EDGE('',*,*,#2439,.T.);
#3315=ORIENTED_EDGE('',*,*,#2444,.T.);
#3316=ORIENTED_EDGE('',*,*,#2448,.T.);
#3317=ORIENTED_EDGE('',*,*,#2449,.F.);
#3318=ORIENTED_EDGE('',*,*,#2440,.T.);
#3319=ORIENTED_EDGE('',*,*,#2447,.T.);
#3320=ORIENTED_EDGE('',*,*,#2450,.T.);
#3321=ORIENTED_EDGE('',*,*,#2451,.F.);
#3322=ORIENTED_EDGE('',*,*,#2441,.T.);
#3323=ORIENTED_EDGE('',*,*,#2449,.T.);
#3324=ORIENTED_EDGE('',*,*,#2452,.T.);
#3325=ORIENTED_EDGE('',*,*,#2453,.F.);
#3326=ORIENTED_EDGE('',*,*,#2431,.F.);
#3327=ORIENTED_EDGE('',*,*,#2454,.F.);
#3328=ORIENTED_EDGE('',*,*,#2455,.T.);
#3329=ORIENTED_EDGE('',*,*,#2456,.F.);
#3330=ORIENTED_EDGE('',*,*,#2432,.T.);
#3331=ORIENTED_EDGE('',*,*,#2453,.T.);
#3332=ORIENTED_EDGE('',*,*,#2457,.T.);
#3333=ORIENTED_EDGE('',*,*,#2458,.F.);
#3334=ORIENTED_EDGE('',*,*,#2433,.F.);
#3335=ORIENTED_EDGE('',*,*,#2456,.T.);
#3336=ORIENTED_EDGE('',*,*,#2459,.T.);
#3337=ORIENTED_EDGE('',*,*,#2460,.F.);
#3338=ORIENTED_EDGE('',*,*,#2434,.F.);
#3339=ORIENTED_EDGE('',*,*,#2458,.T.);
#3340=ORIENTED_EDGE('',*,*,#2461,.T.);
#3341=ORIENTED_EDGE('',*,*,#2462,.F.);
#3342=ORIENTED_EDGE('',*,*,#2435,.F.);
#3343=ORIENTED_EDGE('',*,*,#2460,.T.);
#3344=ORIENTED_EDGE('',*,*,#2463,.T.);
#3345=ORIENTED_EDGE('',*,*,#2464,.F.);
#3346=ORIENTED_EDGE('',*,*,#2436,.F.);
#3347=ORIENTED_EDGE('',*,*,#2462,.T.);
#3348=ORIENTED_EDGE('',*,*,#2465,.T.);
#3349=ORIENTED_EDGE('',*,*,#2445,.F.);
#3350=ORIENTED_EDGE('',*,*,#2437,.T.);
#3351=ORIENTED_EDGE('',*,*,#2464,.T.);
#3352=ORIENTED_EDGE('',*,*,#2411,.F.);
#3353=ORIENTED_EDGE('',*,*,#2413,.F.);
#3354=ORIENTED_EDGE('',*,*,#2414,.F.);
#3355=ORIENTED_EDGE('',*,*,#2228,.T.);
#3356=ORIENTED_EDGE('',*,*,#2362,.F.);
#3357=ORIENTED_EDGE('',*,*,#2364,.F.);
#3358=ORIENTED_EDGE('',*,*,#2442,.F.);
#3359=ORIENTED_EDGE('',*,*,#2254,.F.);
#3360=ORIENTED_EDGE('',*,*,#2428,.T.);
#3361=ORIENTED_EDGE('',*,*,#2429,.T.);
#3362=ORIENTED_EDGE('',*,*,#2408,.T.);
#3363=ORIENTED_EDGE('',*,*,#2250,.F.);
#3364=ORIENTED_EDGE('',*,*,#2466,.T.);
#3365=ORIENTED_EDGE('',*,*,#2467,.T.);
#3366=ORIENTED_EDGE('',*,*,#2334,.F.);
#3367=ORIENTED_EDGE('',*,*,#2468,.F.);
#3368=ORIENTED_EDGE('',*,*,#2469,.T.);
#3369=ORIENTED_EDGE('',*,*,#2468,.T.);
#3370=ORIENTED_EDGE('',*,*,#2330,.F.);
#3371=ORIENTED_EDGE('',*,*,#2470,.F.);
#3372=ORIENTED_EDGE('',*,*,#2471,.T.);
#3373=ORIENTED_EDGE('',*,*,#2470,.T.);
#3374=ORIENTED_EDGE('',*,*,#2342,.F.);
#3375=ORIENTED_EDGE('',*,*,#2100,.F.);
#3376=ORIENTED_EDGE('',*,*,#2472,.T.);
#3377=ORIENTED_EDGE('',*,*,#2160,.T.);
#3378=ORIENTED_EDGE('',*,*,#2343,.F.);
#3379=ORIENTED_EDGE('',*,*,#2473,.F.);
#3380=ORIENTED_EDGE('',*,*,#2474,.T.);
#3381=ORIENTED_EDGE('',*,*,#2473,.T.);
#3382=ORIENTED_EDGE('',*,*,#2345,.F.);
#3383=ORIENTED_EDGE('',*,*,#2475,.F.);
#3384=ORIENTED_EDGE('',*,*,#2476,.T.);
#3385=ORIENTED_EDGE('',*,*,#2475,.T.);
#3386=ORIENTED_EDGE('',*,*,#2339,.F.);
#3387=ORIENTED_EDGE('',*,*,#2477,.F.);
#3388=ORIENTED_EDGE('',*,*,#2451,.T.);
#3389=ORIENTED_EDGE('',*,*,#2478,.T.);
#3390=ORIENTED_EDGE('',*,*,#2454,.T.);
#3391=ORIENTED_EDGE('',*,*,#2430,.T.);
#3392=ORIENTED_EDGE('',*,*,#2479,.T.);
#3393=ORIENTED_EDGE('',*,*,#2480,.T.);
#3394=ORIENTED_EDGE('',*,*,#2481,.T.);
#3395=ORIENTED_EDGE('',*,*,#2482,.T.);
#3396=ORIENTED_EDGE('',*,*,#2483,.T.);
#3397=ORIENTED_EDGE('',*,*,#2484,.F.);
#3398=ORIENTED_EDGE('',*,*,#2485,.F.);
#3399=ORIENTED_EDGE('',*,*,#2486,.T.);
#3400=ORIENTED_EDGE('',*,*,#2487,.T.);
#3401=ORIENTED_EDGE('',*,*,#2486,.F.);
#3402=ORIENTED_EDGE('',*,*,#2488,.F.);
#3403=ORIENTED_EDGE('',*,*,#2489,.T.);
#3404=ORIENTED_EDGE('',*,*,#2490,.T.);
#3405=ORIENTED_EDGE('',*,*,#2489,.F.);
#3406=ORIENTED_EDGE('',*,*,#2491,.T.);
#3407=ORIENTED_EDGE('',*,*,#2492,.T.);
#3408=ORIENTED_EDGE('',*,*,#2493,.T.);
#3409=ORIENTED_EDGE('',*,*,#2492,.F.);
#3410=ORIENTED_EDGE('',*,*,#2494,.T.);
#3411=ORIENTED_EDGE('',*,*,#2484,.T.);
#3412=ORIENTED_EDGE('',*,*,#2495,.F.);
#3413=ORIENTED_EDGE('',*,*,#2282,.T.);
#3414=ORIENTED_EDGE('',*,*,#2496,.F.);
#3415=ORIENTED_EDGE('',*,*,#2497,.F.);
#3416=ORIENTED_EDGE('',*,*,#2498,.T.);
#3417=ORIENTED_EDGE('',*,*,#2318,.T.);
#3418=ORIENTED_EDGE('',*,*,#2317,.T.);
#3419=ORIENTED_EDGE('',*,*,#2499,.F.);
#3420=ORIENTED_EDGE('',*,*,#2500,.F.);
#3421=ORIENTED_EDGE('',*,*,#2501,.F.);
#3422=ORIENTED_EDGE('',*,*,#2502,.F.);
#3423=ORIENTED_EDGE('',*,*,#2503,.F.);
#3424=ORIENTED_EDGE('',*,*,#2285,.T.);
#3425=ORIENTED_EDGE('',*,*,#2504,.F.);
#3426=ORIENTED_EDGE('',*,*,#2505,.F.);
#3427=ORIENTED_EDGE('',*,*,#2506,.F.);
#3428=ORIENTED_EDGE('',*,*,#2315,.F.);
#3429=ORIENTED_EDGE('',*,*,#2507,.T.);
#3430=ORIENTED_EDGE('',*,*,#2508,.T.);
#3431=ORIENTED_EDGE('',*,*,#2509,.T.);
#3432=ORIENTED_EDGE('',*,*,#2311,.F.);
#3433=ORIENTED_EDGE('',*,*,#2510,.F.);
#3434=ORIENTED_EDGE('',*,*,#2286,.F.);
#3435=ORIENTED_EDGE('',*,*,#2503,.T.);
#3436=ORIENTED_EDGE('',*,*,#2511,.T.);
#3437=ORIENTED_EDGE('',*,*,#2494,.F.);
#3438=ORIENTED_EDGE('',*,*,#2491,.F.);
#3439=ORIENTED_EDGE('',*,*,#2488,.T.);
#3440=ORIENTED_EDGE('',*,*,#2485,.T.);
#3441=ORIENTED_EDGE('',*,*,#2316,.F.);
#3442=ORIENTED_EDGE('',*,*,#2506,.T.);
#3443=ORIENTED_EDGE('',*,*,#2512,.T.);
#3444=ORIENTED_EDGE('',*,*,#2499,.T.);
#3445=ORIENTED_EDGE('',*,*,#2501,.T.);
#3446=ORIENTED_EDGE('',*,*,#2310,.T.);
#3447=ORIENTED_EDGE('',*,*,#2513,.T.);
#3448=ORIENTED_EDGE('',*,*,#2514,.F.);
#3449=ORIENTED_EDGE('',*,*,#2515,.T.);
#3450=ORIENTED_EDGE('',*,*,#2516,.T.);
#3451=ORIENTED_EDGE('',*,*,#2507,.F.);
#3452=ORIENTED_EDGE('',*,*,#2314,.F.);
#3453=ORIENTED_EDGE('',*,*,#2516,.F.);
#3454=ORIENTED_EDGE('',*,*,#2517,.T.);
#3455=ORIENTED_EDGE('',*,*,#2518,.T.);
#3456=ORIENTED_EDGE('',*,*,#2508,.F.);
#3457=ORIENTED_EDGE('',*,*,#2312,.F.);
#3458=ORIENTED_EDGE('',*,*,#2509,.F.);
#3459=ORIENTED_EDGE('',*,*,#2518,.F.);
#3460=ORIENTED_EDGE('',*,*,#2519,.F.);
#3461=ORIENTED_EDGE('',*,*,#2520,.F.);
#3462=ORIENTED_EDGE('',*,*,#2521,.F.);
#3463=ORIENTED_EDGE('',*,*,#2522,.F.);
#3464=ORIENTED_EDGE('',*,*,#2523,.F.);
#3465=ORIENTED_EDGE('',*,*,#2524,.T.);
#3466=ORIENTED_EDGE('',*,*,#2525,.F.);
#3467=ORIENTED_EDGE('',*,*,#2526,.F.);
#3468=ORIENTED_EDGE('',*,*,#2527,.T.);
#3469=ORIENTED_EDGE('',*,*,#2528,.T.);
#3470=ORIENTED_EDGE('',*,*,#2529,.T.);
#3471=ORIENTED_EDGE('',*,*,#2530,.F.);
#3472=ORIENTED_EDGE('',*,*,#2531,.T.);
#3473=ORIENTED_EDGE('',*,*,#2323,.T.);
#3474=ORIENTED_EDGE('',*,*,#2532,.F.);
#3475=ORIENTED_EDGE('',*,*,#2533,.T.);
#3476=ORIENTED_EDGE('',*,*,#2534,.T.);
#3477=ORIENTED_EDGE('',*,*,#2533,.F.);
#3478=ORIENTED_EDGE('',*,*,#2535,.T.);
#3479=ORIENTED_EDGE('',*,*,#2536,.T.);
#3480=ORIENTED_EDGE('',*,*,#2537,.T.);
#3481=ORIENTED_EDGE('',*,*,#2538,.T.);
#3482=ORIENTED_EDGE('',*,*,#2321,.T.);
#3483=ORIENTED_EDGE('',*,*,#2539,.T.);
#3484=ORIENTED_EDGE('',*,*,#2536,.F.);
#3485=ORIENTED_EDGE('',*,*,#2540,.F.);
#3486=ORIENTED_EDGE('',*,*,#2541,.T.);
#3487=ORIENTED_EDGE('',*,*,#2542,.T.);
#3488=ORIENTED_EDGE('',*,*,#2325,.F.);
#3489=ORIENTED_EDGE('',*,*,#2543,.F.);
#3490=ORIENTED_EDGE('',*,*,#2544,.F.);
#3491=ORIENTED_EDGE('',*,*,#2319,.T.);
#3492=ORIENTED_EDGE('',*,*,#2498,.F.);
#3493=ORIENTED_EDGE('',*,*,#2545,.F.);
#3494=ORIENTED_EDGE('',*,*,#2546,.F.);
#3495=ORIENTED_EDGE('',*,*,#2530,.T.);
#3496=ORIENTED_EDGE('',*,*,#2547,.T.);
#3497=ORIENTED_EDGE('',*,*,#2548,.F.);
#3498=ORIENTED_EDGE('',*,*,#2547,.F.);
#3499=ORIENTED_EDGE('',*,*,#2529,.F.);
#3500=ORIENTED_EDGE('',*,*,#2549,.T.);
#3501=ORIENTED_EDGE('',*,*,#2550,.F.);
#3502=ORIENTED_EDGE('',*,*,#2549,.F.);
#3503=ORIENTED_EDGE('',*,*,#2528,.F.);
#3504=ORIENTED_EDGE('',*,*,#2551,.T.);
#3505=ORIENTED_EDGE('',*,*,#2552,.F.);
#3506=ORIENTED_EDGE('',*,*,#2551,.F.);
#3507=ORIENTED_EDGE('',*,*,#2527,.F.);
#3508=ORIENTED_EDGE('',*,*,#2553,.F.);
#3509=ORIENTED_EDGE('',*,*,#2554,.F.);
#3510=ORIENTED_EDGE('',*,*,#2555,.F.);
#3511=ORIENTED_EDGE('',*,*,#2525,.T.);
#3512=ORIENTED_EDGE('',*,*,#2556,.T.);
#3513=ORIENTED_EDGE('',*,*,#2557,.F.);
#3514=ORIENTED_EDGE('',*,*,#2556,.F.);
#3515=ORIENTED_EDGE('',*,*,#2524,.F.);
#3516=ORIENTED_EDGE('',*,*,#2558,.T.);
#3517=ORIENTED_EDGE('',*,*,#2559,.F.);
#3518=ORIENTED_EDGE('',*,*,#2558,.F.);
#3519=ORIENTED_EDGE('',*,*,#2523,.T.);
#3520=ORIENTED_EDGE('',*,*,#2560,.T.);
#3521=ORIENTED_EDGE('',*,*,#2561,.F.);
#3522=ORIENTED_EDGE('',*,*,#2560,.F.);
#3523=ORIENTED_EDGE('',*,*,#2522,.T.);
#3524=ORIENTED_EDGE('',*,*,#2562,.T.);
#3525=ORIENTED_EDGE('',*,*,#2563,.F.);
#3526=ORIENTED_EDGE('',*,*,#2562,.F.);
#3527=ORIENTED_EDGE('',*,*,#2521,.T.);
#3528=ORIENTED_EDGE('',*,*,#2564,.T.);
#3529=ORIENTED_EDGE('',*,*,#2565,.F.);
#3530=ORIENTED_EDGE('',*,*,#2564,.F.);
#3531=ORIENTED_EDGE('',*,*,#2520,.T.);
#3532=ORIENTED_EDGE('',*,*,#2566,.T.);
#3533=ORIENTED_EDGE('',*,*,#2567,.F.);
#3534=ORIENTED_EDGE('',*,*,#2566,.F.);
#3535=ORIENTED_EDGE('',*,*,#2531,.F.);
#3536=ORIENTED_EDGE('',*,*,#2546,.T.);
#3537=ORIENTED_EDGE('',*,*,#2568,.F.);
#3538=ORIENTED_EDGE('',*,*,#2569,.F.);
#3539=ORIENTED_EDGE('',*,*,#2570,.F.);
#3540=ORIENTED_EDGE('',*,*,#2278,.T.);
#3541=ORIENTED_EDGE('',*,*,#2279,.T.);
#3542=ORIENTED_EDGE('',*,*,#2570,.T.);
#3543=ORIENTED_EDGE('',*,*,#2571,.T.);
#3544=ORIENTED_EDGE('',*,*,#2540,.T.);
#3545=ORIENTED_EDGE('',*,*,#2324,.T.);
#3546=ORIENTED_EDGE('',*,*,#2534,.F.);
#3547=ORIENTED_EDGE('',*,*,#2537,.F.);
#3548=ORIENTED_EDGE('',*,*,#2539,.F.);
#3549=ORIENTED_EDGE('',*,*,#2320,.T.);
#3550=ORIENTED_EDGE('',*,*,#2544,.T.);
#3551=ORIENTED_EDGE('',*,*,#2572,.T.);
#3552=ORIENTED_EDGE('',*,*,#2573,.T.);
#3553=ORIENTED_EDGE('',*,*,#2114,.F.);
#3554=ORIENTED_EDGE('',*,*,#2203,.F.);
#3555=ORIENTED_EDGE('',*,*,#2205,.T.);
#3556=ORIENTED_EDGE('',*,*,#2294,.F.);
#3557=ORIENTED_EDGE('',*,*,#2148,.F.);
#3558=ORIENTED_EDGE('',*,*,#2151,.F.);
#3559=ORIENTED_EDGE('',*,*,#2519,.T.);
#3560=ORIENTED_EDGE('',*,*,#2517,.F.);
#3561=ORIENTED_EDGE('',*,*,#2515,.F.);
#3562=ORIENTED_EDGE('',*,*,#2313,.F.);
#3563=ORIENTED_EDGE('',*,*,#2574,.F.);
#3564=ORIENTED_EDGE('',*,*,#2575,.F.);
#3565=ORIENTED_EDGE('',*,*,#2306,.T.);
#3566=ORIENTED_EDGE('',*,*,#2329,.F.);
#3567=ORIENTED_EDGE('',*,*,#2300,.T.);
#3568=ORIENTED_EDGE('',*,*,#2196,.T.);
#3569=ORIENTED_EDGE('',*,*,#2201,.F.);
#3570=ORIENTED_EDGE('',*,*,#2110,.F.);
#3571=ORIENTED_EDGE('',*,*,#2122,.F.);
#3572=ORIENTED_EDGE('',*,*,#2126,.F.);
#3573=ORIENTED_EDGE('',*,*,#2322,.F.);
#3574=ORIENTED_EDGE('',*,*,#2538,.F.);
#3575=ORIENTED_EDGE('',*,*,#2535,.F.);
#3576=ORIENTED_EDGE('',*,*,#2532,.T.);
#3577=ORIENTED_EDGE('',*,*,#2576,.F.);
#3578=ORIENTED_EDGE('',*,*,#2511,.F.);
#3579=ORIENTED_EDGE('',*,*,#2502,.T.);
#3580=ORIENTED_EDGE('',*,*,#2514,.T.);
#3581=ORIENTED_EDGE('',*,*,#2577,.T.);
#3582=ORIENTED_EDGE('',*,*,#2287,.T.);
#3583=ORIENTED_EDGE('',*,*,#2510,.T.);
#3584=ORIENTED_EDGE('',*,*,#2576,.T.);
#3585=ORIENTED_EDGE('',*,*,#2578,.T.);
#3586=ORIENTED_EDGE('',*,*,#2579,.F.);
#3587=ORIENTED_EDGE('',*,*,#2280,.T.);
#3588=ORIENTED_EDGE('',*,*,#2573,.F.);
#3589=ORIENTED_EDGE('',*,*,#2580,.T.);
#3590=ORIENTED_EDGE('',*,*,#2581,.F.);
#3591=ORIENTED_EDGE('',*,*,#2580,.F.);
#3592=ORIENTED_EDGE('',*,*,#2572,.F.);
#3593=ORIENTED_EDGE('',*,*,#2543,.T.);
#3594=ORIENTED_EDGE('',*,*,#2497,.T.);
#3595=ORIENTED_EDGE('',*,*,#2581,.T.);
#3596=ORIENTED_EDGE('',*,*,#2496,.T.);
#3597=ORIENTED_EDGE('',*,*,#2281,.T.);
#3598=ORIENTED_EDGE('',*,*,#2579,.T.);
#3599=ORIENTED_EDGE('',*,*,#2582,.F.);
#3600=ORIENTED_EDGE('',*,*,#2500,.T.);
#3601=ORIENTED_EDGE('',*,*,#2512,.F.);
#3602=ORIENTED_EDGE('',*,*,#2505,.T.);
#3603=ORIENTED_EDGE('',*,*,#2583,.T.);
#3604=ORIENTED_EDGE('',*,*,#2584,.F.);
#3605=ORIENTED_EDGE('',*,*,#2583,.F.);
#3606=ORIENTED_EDGE('',*,*,#2504,.T.);
#3607=ORIENTED_EDGE('',*,*,#2284,.T.);
#3608=ORIENTED_EDGE('',*,*,#2283,.T.);
#3609=ORIENTED_EDGE('',*,*,#2495,.T.);
#3610=ORIENTED_EDGE('',*,*,#2582,.T.);
#3611=ORIENTED_EDGE('',*,*,#2584,.T.);
#3612=ORIENTED_EDGE('',*,*,#2585,.F.);
#3613=ORIENTED_EDGE('',*,*,#2586,.T.);
#3614=ORIENTED_EDGE('',*,*,#2541,.F.);
#3615=ORIENTED_EDGE('',*,*,#2571,.F.);
#3616=ORIENTED_EDGE('',*,*,#2569,.T.);
#3617=ORIENTED_EDGE('',*,*,#2585,.T.);
#3618=ORIENTED_EDGE('',*,*,#2568,.T.);
#3619=ORIENTED_EDGE('',*,*,#2277,.T.);
#3620=ORIENTED_EDGE('',*,*,#2587,.T.);
#3621=ORIENTED_EDGE('',*,*,#2588,.F.);
#3622=ORIENTED_EDGE('',*,*,#2288,.T.);
#3623=ORIENTED_EDGE('',*,*,#2578,.F.);
#3624=ORIENTED_EDGE('',*,*,#2577,.F.);
#3625=ORIENTED_EDGE('',*,*,#2513,.F.);
#3626=ORIENTED_EDGE('',*,*,#2309,.F.);
#3627=ORIENTED_EDGE('',*,*,#2289,.T.);
#3628=ORIENTED_EDGE('',*,*,#2588,.T.);
#3629=ORIENTED_EDGE('',*,*,#2308,.T.);
#3630=ORIENTED_EDGE('',*,*,#2169,.T.);
#3631=ORIENTED_EDGE('',*,*,#2589,.F.);
#3632=ORIENTED_EDGE('',*,*,#2171,.T.);
#3633=ORIENTED_EDGE('',*,*,#2307,.T.);
#3634=ORIENTED_EDGE('',*,*,#2575,.T.);
#3635=ORIENTED_EDGE('',*,*,#2590,.F.);
#3636=ORIENTED_EDGE('',*,*,#2327,.T.);
#3637=ORIENTED_EDGE('',*,*,#2326,.F.);
#3638=ORIENTED_EDGE('',*,*,#2542,.F.);
#3639=ORIENTED_EDGE('',*,*,#2586,.F.);
#3640=ORIENTED_EDGE('',*,*,#2587,.F.);
#3641=ORIENTED_EDGE('',*,*,#2276,.T.);
#3642=ORIENTED_EDGE('',*,*,#2275,.T.);
#3643=ORIENTED_EDGE('',*,*,#2090,.T.);
#3644=ORIENTED_EDGE('',*,*,#2304,.T.);
#3645=ORIENTED_EDGE('',*,*,#2590,.T.);
#3646=ORIENTED_EDGE('',*,*,#2591,.F.);
#3647=ORIENTED_EDGE('',*,*,#2119,.T.);
#3648=ORIENTED_EDGE('',*,*,#2592,.F.);
#3649=ORIENTED_EDGE('',*,*,#2574,.T.);
#3650=ORIENTED_EDGE('',*,*,#2591,.T.);
#3651=ORIENTED_EDGE('',*,*,#2328,.T.);
#3652=ORIENTED_EDGE('',*,*,#2108,.F.);
#3653=ORIENTED_EDGE('',*,*,#2120,.T.);
#3654=ORIENTED_EDGE('',*,*,#2153,.T.);
#3655=ORIENTED_EDGE('',*,*,#2589,.T.);
#3656=ORIENTED_EDGE('',*,*,#2592,.T.);
#3657=ORIENTED_EDGE('',*,*,#2118,.T.);
#3658=ORIENTED_EDGE('',*,*,#2593,.T.);
#3659=ORIENTED_EDGE('',*,*,#2594,.F.);
#3660=ORIENTED_EDGE('',*,*,#2291,.F.);
#3661=ORIENTED_EDGE('',*,*,#2595,.F.);
#3662=ORIENTED_EDGE('',*,*,#2596,.T.);
#3663=ORIENTED_EDGE('',*,*,#2595,.T.);
#3664=ORIENTED_EDGE('',*,*,#2290,.T.);
#3665=ORIENTED_EDGE('',*,*,#2167,.T.);
#3666=ORIENTED_EDGE('',*,*,#2597,.F.);
#3667=ORIENTED_EDGE('',*,*,#2598,.F.);
#3668=ORIENTED_EDGE('',*,*,#2273,.F.);
#3669=ORIENTED_EDGE('',*,*,#2303,.T.);
#3670=ORIENTED_EDGE('',*,*,#2599,.T.);
#3671=ORIENTED_EDGE('',*,*,#2600,.F.);
#3672=ORIENTED_EDGE('',*,*,#2598,.T.);
#3673=ORIENTED_EDGE('',*,*,#2480,.F.);
#3674=ORIENTED_EDGE('',*,*,#2601,.T.);
#3675=ORIENTED_EDGE('',*,*,#2093,.T.);
#3676=ORIENTED_EDGE('',*,*,#2274,.T.);
#3677=ORIENTED_EDGE('',*,*,#2600,.T.);
#3678=ORIENTED_EDGE('',*,*,#2602,.T.);
#3679=ORIENTED_EDGE('',*,*,#2603,.T.);
#3680=ORIENTED_EDGE('',*,*,#2292,.T.);
#3681=ORIENTED_EDGE('',*,*,#2594,.T.);
#3682=ORIENTED_EDGE('',*,*,#2481,.F.);
#3683=ORIENTED_EDGE('',*,*,#2597,.T.);
#3684=ORIENTED_EDGE('',*,*,#2302,.T.);
#3685=ORIENTED_EDGE('',*,*,#2604,.T.);
#3686=ORIENTED_EDGE('',*,*,#2605,.T.);
#3687=ORIENTED_EDGE('',*,*,#2606,.T.);
#3688=ORIENTED_EDGE('',*,*,#2602,.F.);
#3689=ORIENTED_EDGE('',*,*,#2607,.F.);
#3690=ORIENTED_EDGE('',*,*,#2608,.T.);
#3691=ORIENTED_EDGE('',*,*,#2607,.T.);
#3692=ORIENTED_EDGE('',*,*,#2593,.F.);
#3693=ORIENTED_EDGE('',*,*,#2609,.F.);
#3694=ORIENTED_EDGE('',*,*,#2610,.T.);
#3695=ORIENTED_EDGE('',*,*,#2609,.T.);
#3696=ORIENTED_EDGE('',*,*,#2596,.F.);
#3697=ORIENTED_EDGE('',*,*,#2166,.F.);
#3698=ORIENTED_EDGE('',*,*,#2094,.T.);
#3699=ORIENTED_EDGE('',*,*,#2601,.F.);
#3700=ORIENTED_EDGE('',*,*,#2611,.F.);
#3701=ORIENTED_EDGE('',*,*,#2612,.T.);
#3702=ORIENTED_EDGE('',*,*,#2613,.T.);
#3703=ORIENTED_EDGE('',*,*,#2611,.T.);
#3704=ORIENTED_EDGE('',*,*,#2599,.F.);
#3705=ORIENTED_EDGE('',*,*,#2614,.F.);
#3706=ORIENTED_EDGE('',*,*,#2615,.T.);
#3707=ORIENTED_EDGE('',*,*,#2614,.T.);
#3708=ORIENTED_EDGE('',*,*,#2479,.F.);
#3709=ORIENTED_EDGE('',*,*,#2616,.F.);
#3710=ORIENTED_EDGE('',*,*,#2555,.T.);
#3711=ORIENTED_EDGE('',*,*,#2617,.T.);
#3712=ORIENTED_EDGE('',*,*,#2553,.T.);
#3713=ORIENTED_EDGE('',*,*,#2526,.T.);
#3714=ORIENTED_EDGE('',*,*,#2471,.F.);
#3715=ORIENTED_EDGE('',*,*,#2099,.T.);
#3716=ORIENTED_EDGE('',*,*,#2268,.F.);
#3717=ORIENTED_EDGE('',*,*,#2618,.T.);
#3718=ORIENTED_EDGE('',*,*,#2472,.F.);
#3719=ORIENTED_EDGE('',*,*,#2619,.T.);
#3720=ORIENTED_EDGE('',*,*,#2620,.T.);
#3721=ORIENTED_EDGE('',*,*,#2161,.T.);
#3722=ORIENTED_EDGE('',*,*,#2474,.F.);
#3723=ORIENTED_EDGE('',*,*,#2621,.F.);
#3724=ORIENTED_EDGE('',*,*,#2622,.F.);
#3725=ORIENTED_EDGE('',*,*,#2619,.F.);
#3726=ORIENTED_EDGE('',*,*,#2476,.F.);
#3727=ORIENTED_EDGE('',*,*,#2623,.T.);
#3728=ORIENTED_EDGE('',*,*,#2624,.T.);
#3729=ORIENTED_EDGE('',*,*,#2621,.T.);
#3730=ORIENTED_EDGE('',*,*,#2615,.F.);
#3731=ORIENTED_EDGE('',*,*,#2625,.T.);
#3732=ORIENTED_EDGE('',*,*,#2626,.T.);
#3733=ORIENTED_EDGE('',*,*,#2627,.T.);
#3734=ORIENTED_EDGE('',*,*,#2628,.T.);
#3735=ORIENTED_EDGE('',*,*,#2629,.T.);
#3736=ORIENTED_EDGE('',*,*,#2626,.F.);
#3737=ORIENTED_EDGE('',*,*,#2630,.T.);
#3738=ORIENTED_EDGE('',*,*,#2628,.F.);
#3739=ORIENTED_EDGE('',*,*,#2631,.T.);
#3740=ORIENTED_EDGE('',*,*,#2632,.T.);
#3741=ORIENTED_EDGE('',*,*,#2633,.T.);
#3742=ORIENTED_EDGE('',*,*,#2634,.T.);
#3743=ORIENTED_EDGE('',*,*,#2635,.T.);
#3744=ORIENTED_EDGE('',*,*,#2632,.F.);
#3745=ORIENTED_EDGE('',*,*,#2636,.T.);
#3746=ORIENTED_EDGE('',*,*,#2466,.F.);
#3747=ORIENTED_EDGE('',*,*,#2637,.T.);
#3748=ORIENTED_EDGE('',*,*,#2634,.F.);
#3749=ORIENTED_EDGE('',*,*,#2638,.T.);
#3750=ORIENTED_EDGE('',*,*,#2639,.T.);
#3751=ORIENTED_EDGE('',*,*,#2213,.T.);
#3752=ORIENTED_EDGE('',*,*,#2389,.F.);
#3753=ORIENTED_EDGE('',*,*,#2180,.T.);
#3754=ORIENTED_EDGE('',*,*,#2403,.F.);
#3755=ORIENTED_EDGE('',*,*,#2210,.T.);
#3756=ORIENTED_EDGE('',*,*,#2337,.F.);
#3757=ORIENTED_EDGE('',*,*,#2335,.F.);
#3758=ORIENTED_EDGE('',*,*,#2467,.F.);
#3759=ORIENTED_EDGE('',*,*,#2638,.F.);
#3760=ORIENTED_EDGE('',*,*,#2636,.F.);
#3761=ORIENTED_EDGE('',*,*,#2631,.F.);
#3762=ORIENTED_EDGE('',*,*,#2630,.F.);
#3763=ORIENTED_EDGE('',*,*,#2625,.F.);
#3764=ORIENTED_EDGE('',*,*,#2616,.T.);
#3765=ORIENTED_EDGE('',*,*,#2482,.F.);
#3766=ORIENTED_EDGE('',*,*,#2604,.F.);
#3767=ORIENTED_EDGE('',*,*,#2301,.T.);
#3768=ORIENTED_EDGE('',*,*,#2124,.F.);
#3769=ORIENTED_EDGE('',*,*,#2194,.T.);
#3770=ORIENTED_EDGE('',*,*,#2198,.T.);
#3771=ORIENTED_EDGE('',*,*,#2299,.T.);
#3772=ORIENTED_EDGE('',*,*,#2415,.T.);
#3773=ORIENTED_EDGE('',*,*,#2425,.T.);
#3774=ORIENTED_EDGE('',*,*,#2422,.T.);
#3775=ORIENTED_EDGE('',*,*,#2419,.T.);
#3776=ORIENTED_EDGE('',*,*,#2554,.T.);
#3777=ORIENTED_EDGE('',*,*,#2557,.T.);
#3778=ORIENTED_EDGE('',*,*,#2559,.T.);
#3779=ORIENTED_EDGE('',*,*,#2561,.T.);
#3780=ORIENTED_EDGE('',*,*,#2563,.T.);
#3781=ORIENTED_EDGE('',*,*,#2565,.T.);
#3782=ORIENTED_EDGE('',*,*,#2567,.T.);
#3783=ORIENTED_EDGE('',*,*,#2545,.T.);
#3784=ORIENTED_EDGE('',*,*,#2548,.T.);
#3785=ORIENTED_EDGE('',*,*,#2550,.T.);
#3786=ORIENTED_EDGE('',*,*,#2552,.T.);
#3787=ORIENTED_EDGE('',*,*,#2617,.F.);
#3788=ORIENTED_EDGE('',*,*,#2640,.T.);
#3789=ORIENTED_EDGE('',*,*,#2641,.T.);
#3790=ORIENTED_EDGE('',*,*,#2624,.F.);
#3791=ORIENTED_EDGE('',*,*,#2642,.T.);
#3792=ORIENTED_EDGE('',*,*,#2643,.T.);
#3793=ORIENTED_EDGE('',*,*,#2644,.T.);
#3794=ORIENTED_EDGE('',*,*,#2640,.F.);
#3795=ORIENTED_EDGE('',*,*,#2645,.T.);
#3796=ORIENTED_EDGE('',*,*,#2646,.T.);
#3797=ORIENTED_EDGE('',*,*,#2647,.T.);
#3798=ORIENTED_EDGE('',*,*,#2643,.F.);
#3799=ORIENTED_EDGE('',*,*,#2648,.T.);
#3800=ORIENTED_EDGE('',*,*,#2649,.F.);
#3801=ORIENTED_EDGE('',*,*,#2648,.F.);
#3802=ORIENTED_EDGE('',*,*,#2645,.F.);
#3803=ORIENTED_EDGE('',*,*,#2642,.F.);
#3804=ORIENTED_EDGE('',*,*,#2623,.F.);
#3805=ORIENTED_EDGE('',*,*,#2477,.T.);
#3806=ORIENTED_EDGE('',*,*,#2341,.F.);
#3807=ORIENTED_EDGE('',*,*,#2220,.T.);
#3808=ORIENTED_EDGE('',*,*,#2395,.T.);
#3809=ORIENTED_EDGE('',*,*,#2182,.T.);
#3810=ORIENTED_EDGE('',*,*,#2388,.T.);
#3811=ORIENTED_EDGE('',*,*,#2217,.T.);
#3812=ORIENTED_EDGE('',*,*,#2650,.F.);
#3813=ORIENTED_EDGE('',*,*,#2295,.F.);
#3814=ORIENTED_EDGE('',*,*,#2200,.F.);
#3815=ORIENTED_EDGE('',*,*,#2293,.F.);
#3816=ORIENTED_EDGE('',*,*,#2603,.F.);
#3817=ORIENTED_EDGE('',*,*,#2606,.F.);
#3818=ORIENTED_EDGE('',*,*,#2450,.F.);
#3819=ORIENTED_EDGE('',*,*,#2448,.F.);
#3820=ORIENTED_EDGE('',*,*,#2446,.F.);
#3821=ORIENTED_EDGE('',*,*,#2443,.F.);
#3822=ORIENTED_EDGE('',*,*,#2465,.F.);
#3823=ORIENTED_EDGE('',*,*,#2463,.F.);
#3824=ORIENTED_EDGE('',*,*,#2461,.F.);
#3825=ORIENTED_EDGE('',*,*,#2459,.F.);
#3826=ORIENTED_EDGE('',*,*,#2457,.F.);
#3827=ORIENTED_EDGE('',*,*,#2455,.F.);
#3828=ORIENTED_EDGE('',*,*,#2452,.F.);
#3829=ORIENTED_EDGE('',*,*,#2478,.F.);
#3830=ORIENTED_EDGE('',*,*,#2483,.F.);
#3831=ORIENTED_EDGE('',*,*,#2487,.F.);
#3832=ORIENTED_EDGE('',*,*,#2490,.F.);
#3833=ORIENTED_EDGE('',*,*,#2493,.F.);
#3834=ORIENTED_EDGE('',*,*,#2266,.T.);
#3835=ORIENTED_EDGE('',*,*,#2097,.T.);
#3836=ORIENTED_EDGE('',*,*,#2271,.F.);
#3837=ORIENTED_EDGE('',*,*,#2651,.T.);
#3838=ORIENTED_EDGE('',*,*,#2469,.F.);
#3839=ORIENTED_EDGE('',*,*,#2618,.F.);
#3840=ORIENTED_EDGE('',*,*,#2652,.F.);
#3841=ORIENTED_EDGE('',*,*,#2637,.F.);
#3842=ORIENTED_EDGE('',*,*,#2635,.F.);
#3843=ORIENTED_EDGE('',*,*,#2652,.T.);
#3844=ORIENTED_EDGE('',*,*,#2267,.F.);
#3845=ORIENTED_EDGE('',*,*,#2653,.T.);
#3846=ORIENTED_EDGE('',*,*,#2633,.F.);
#3847=ORIENTED_EDGE('',*,*,#2653,.F.);
#3848=ORIENTED_EDGE('',*,*,#2651,.F.);
#3849=ORIENTED_EDGE('',*,*,#2654,.F.);
#3850=ORIENTED_EDGE('',*,*,#2629,.F.);
#3851=ORIENTED_EDGE('',*,*,#2654,.T.);
#3852=ORIENTED_EDGE('',*,*,#2270,.F.);
#3853=ORIENTED_EDGE('',*,*,#2655,.T.);
#3854=ORIENTED_EDGE('',*,*,#2656,.T.);
#3855=ORIENTED_EDGE('',*,*,#2162,.T.);
#3856=ORIENTED_EDGE('',*,*,#2620,.F.);
#3857=ORIENTED_EDGE('',*,*,#2657,.T.);
#3858=ORIENTED_EDGE('',*,*,#2658,.T.);
#3859=ORIENTED_EDGE('',*,*,#2163,.T.);
#3860=ORIENTED_EDGE('',*,*,#2656,.F.);
#3861=ORIENTED_EDGE('',*,*,#2659,.T.);
#3862=ORIENTED_EDGE('',*,*,#2660,.T.);
#3863=ORIENTED_EDGE('',*,*,#2164,.T.);
#3864=ORIENTED_EDGE('',*,*,#2658,.F.);
#3865=ORIENTED_EDGE('',*,*,#2661,.T.);
#3866=ORIENTED_EDGE('',*,*,#2647,.F.);
#3867=ORIENTED_EDGE('',*,*,#2662,.T.);
#3868=ORIENTED_EDGE('',*,*,#2661,.F.);
#3869=ORIENTED_EDGE('',*,*,#2663,.T.);
#3870=ORIENTED_EDGE('',*,*,#2644,.F.);
#3871=ORIENTED_EDGE('',*,*,#2663,.F.);
#3872=ORIENTED_EDGE('',*,*,#2659,.F.);
#3873=ORIENTED_EDGE('',*,*,#2664,.F.);
#3874=ORIENTED_EDGE('',*,*,#2641,.F.);
#3875=ORIENTED_EDGE('',*,*,#2664,.T.);
#3876=ORIENTED_EDGE('',*,*,#2657,.F.);
#3877=ORIENTED_EDGE('',*,*,#2622,.T.);
#3878=ORIENTED_EDGE('',*,*,#2650,.T.);
#3879=ORIENTED_EDGE('',*,*,#2216,.T.);
#3880=ORIENTED_EDGE('',*,*,#2665,.F.);
#3881=ORIENTED_EDGE('',*,*,#2296,.T.);
#3882=ORIENTED_EDGE('',*,*,#2666,.T.);
#3883=ORIENTED_EDGE('',*,*,#2214,.T.);
#3884=ORIENTED_EDGE('',*,*,#2639,.F.);
#3885=ORIENTED_EDGE('',*,*,#2298,.T.);
#3886=ORIENTED_EDGE('',*,*,#2665,.T.);
#3887=ORIENTED_EDGE('',*,*,#2215,.F.);
#3888=ORIENTED_EDGE('',*,*,#2666,.F.);
#3889=ORIENTED_EDGE('',*,*,#2297,.T.);
#3890=ORIENTED_EDGE('',*,*,#2613,.F.);
#3891=ORIENTED_EDGE('',*,*,#2627,.F.);
#3892=ORIENTED_EDGE('',*,*,#2655,.F.);
#3893=ORIENTED_EDGE('',*,*,#2667,.F.);
#3894=ORIENTED_EDGE('',*,*,#2612,.F.);
#3895=ORIENTED_EDGE('',*,*,#2667,.T.);
#3896=ORIENTED_EDGE('',*,*,#2269,.T.);
#3897=ORIENTED_EDGE('',*,*,#2095,.T.);
#3898=ORIENTED_EDGE('',*,*,#2610,.F.);
#3899=ORIENTED_EDGE('',*,*,#2165,.T.);
#3900=ORIENTED_EDGE('',*,*,#2660,.F.);
#3901=ORIENTED_EDGE('',*,*,#2668,.T.);
#3902=ORIENTED_EDGE('',*,*,#2608,.F.);
#3903=ORIENTED_EDGE('',*,*,#2668,.F.);
#3904=ORIENTED_EDGE('',*,*,#2662,.F.);
#3905=ORIENTED_EDGE('',*,*,#2669,.F.);
#3906=ORIENTED_EDGE('',*,*,#2605,.F.);
#3907=ORIENTED_EDGE('',*,*,#2669,.T.);
#3908=ORIENTED_EDGE('',*,*,#2646,.F.);
#3909=ORIENTED_EDGE('',*,*,#2649,.T.);
#3910=CYLINDRICAL_SURFACE('',#4206,0.5);
#3911=CYLINDRICAL_SURFACE('',#4213,0.5);
#3912=CYLINDRICAL_SURFACE('',#4218,0.5);
#3913=CYLINDRICAL_SURFACE('',#4223,0.5);
#3914=CYLINDRICAL_SURFACE('',#4231,1.);
#3915=CYLINDRICAL_SURFACE('',#4237,1.);
#3916=CYLINDRICAL_SURFACE('',#4242,4.);
#3917=CYLINDRICAL_SURFACE('',#4245,0.5);
#3918=CYLINDRICAL_SURFACE('',#4250,0.5);
#3919=CYLINDRICAL_SURFACE('',#4255,0.5);
#3920=CYLINDRICAL_SURFACE('',#4261,0.5);
#3921=CYLINDRICAL_SURFACE('',#4264,4.);
#3922=CYLINDRICAL_SURFACE('',#4266,1.);
#3923=CYLINDRICAL_SURFACE('',#4272,1.);
#3924=CYLINDRICAL_SURFACE('',#4274,1.00000000000142);
#3925=CYLINDRICAL_SURFACE('',#4285,1.);
#3926=CYLINDRICAL_SURFACE('',#4291,4.);
#3927=CYLINDRICAL_SURFACE('',#4293,4.);
#3928=CYLINDRICAL_SURFACE('',#4319,4.00000651062576);
#3929=CYLINDRICAL_SURFACE('',#4321,1.);
#3930=CYLINDRICAL_SURFACE('',#4331,1.);
#3931=CYLINDRICAL_SURFACE('',#4354,3.99999747311773);
#3932=CYLINDRICAL_SURFACE('',#4358,1.);
#3933=CYLINDRICAL_SURFACE('',#4359,1.);
#3934=CYLINDRICAL_SURFACE('',#4362,1.);
#3935=CYLINDRICAL_SURFACE('',#4368,1.);
#3936=CYLINDRICAL_SURFACE('',#4371,3.99999342554971);
#3937=CYLINDRICAL_SURFACE('',#4373,1.);
#3938=CYLINDRICAL_SURFACE('',#4374,1.);
#3939=CYLINDRICAL_SURFACE('',#4377,1.);
#3940=CYLINDRICAL_SURFACE('',#4381,1.);
#3941=CYLINDRICAL_SURFACE('',#4384,1.);
#3942=CYLINDRICAL_SURFACE('',#4387,1.);
#3943=CYLINDRICAL_SURFACE('',#4392,1.);
#3944=CYLINDRICAL_SURFACE('',#4396,1.);
#3945=CYLINDRICAL_SURFACE('',#4436,1.0000000000012);
#3946=CYLINDRICAL_SURFACE('',#4438,1.0000000000012);
#3947=CYLINDRICAL_SURFACE('',#4488,1.);
#3948=CYLINDRICAL_SURFACE('',#4492,1.);
#3949=CYLINDRICAL_SURFACE('',#4496,1.);
#3950=CYLINDRICAL_SURFACE('',#4499,1.);
#3951=CYLINDRICAL_SURFACE('',#4501,1.);
#3952=CYLINDRICAL_SURFACE('',#4502,3.9999813627218);
#3953=CYLINDRICAL_SURFACE('',#4505,1.);
#3954=CYLINDRICAL_SURFACE('',#4506,1.);
#3955=CYLINDRICAL_SURFACE('',#4512,1.);
#3956=CYLINDRICAL_SURFACE('',#4516,1.);
#3957=CYLINDRICAL_SURFACE('',#4518,1.);
#3958=CYLINDRICAL_SURFACE('',#4520,1.0000000000012);
#3959=CYLINDRICAL_SURFACE('',#4522,1.0000000000012);
#3960=CYLINDRICAL_SURFACE('',#4527,1.);
#3961=CYLINDRICAL_SURFACE('',#4528,1.);
#3962=CYLINDRICAL_SURFACE('',#4536,9.);
#3963=CYLINDRICAL_SURFACE('',#4540,9.);
#3964=CYLINDRICAL_SURFACE('',#4544,4.);
#3965=CYLINDRICAL_SURFACE('',#4545,9.99350040543496);
#3966=CYLINDRICAL_SURFACE('',#4546,4.);
#3967=CYLINDRICAL_SURFACE('',#4556,4.);
#3968=CYLINDRICAL_SURFACE('',#4557,9.99350040543496);
#3969=CYLINDRICAL_SURFACE('',#4558,4.);
#3970=CYLINDRICAL_SURFACE('',#4559,1.);
#3971=CYLINDRICAL_SURFACE('',#4560,1.);
#3972=CYLINDRICAL_SURFACE('',#4563,1.);
#3973=CYLINDRICAL_SURFACE('',#4564,1.);
#3974=ADVANCED_FACE('',(#212),#3910,.T.);
#3975=ADVANCED_FACE('',(#213),#200,.T.);
#3976=ADVANCED_FACE('',(#214),#3911,.T.);
#3977=ADVANCED_FACE('',(#215),#196,.F.);
#3978=ADVANCED_FACE('',(#216),#3912,.T.);
#3979=ADVANCED_FACE('',(#217),#197,.F.);
#3980=ADVANCED_FACE('',(#218),#3913,.T.);
#3981=ADVANCED_FACE('',(#219),#40,.T.);
#3982=ADVANCED_FACE('',(#220),#3914,.T.);
#3983=ADVANCED_FACE('',(#221),#41,.T.);
#3984=ADVANCED_FACE('',(#222),#3915,.T.);
#3985=ADVANCED_FACE('',(#223),#42,.T.);
#3986=ADVANCED_FACE('',(#224),#3916,.T.);
#3987=ADVANCED_FACE('',(#225),#43,.F.);
#3988=ADVANCED_FACE('',(#226),#3917,.T.);
#3989=ADVANCED_FACE('',(#227),#198,.F.);
#3990=ADVANCED_FACE('',(#228),#3918,.T.);
#3991=ADVANCED_FACE('',(#229),#199,.F.);
#3992=ADVANCED_FACE('',(#230),#3919,.T.);
#3993=ADVANCED_FACE('',(#231),#201,.T.);
#3994=ADVANCED_FACE('',(#232),#3920,.T.);
#3995=ADVANCED_FACE('',(#233),#44,.T.);
#3996=ADVANCED_FACE('',(#234),#3921,.T.);
#3997=ADVANCED_FACE('',(#235),#3922,.T.);
#3998=ADVANCED_FACE('',(#236),#45,.T.);
#3999=ADVANCED_FACE('',(#237),#3923,.T.);
#4000=ADVANCED_FACE('',(#238),#3924,.T.);
#4001=ADVANCED_FACE('',(#239),#46,.F.);
#4002=ADVANCED_FACE('',(#240),#47,.F.);
#4003=ADVANCED_FACE('',(#241),#3925,.T.);
#4004=ADVANCED_FACE('',(#242),#48,.F.);
#4005=ADVANCED_FACE('',(#243),#49,.F.);
#4006=ADVANCED_FACE('',(#244),#50,.T.);
#4007=ADVANCED_FACE('',(#245),#3926,.T.);
#4008=ADVANCED_FACE('',(#246),#3927,.T.);
#4009=ADVANCED_FACE('',(#247),#51,.F.);
#4010=ADVANCED_FACE('',(#248),#52,.T.);
#4011=ADVANCED_FACE('',(#249),#53,.F.);
#4012=ADVANCED_FACE('',(#250),#3928,.T.);
#4013=ADVANCED_FACE('',(#251),#3929,.T.);
#4014=ADVANCED_FACE('',(#252),#202,.T.);
#4015=ADVANCED_FACE('',(#253),#203,.T.);
#4016=ADVANCED_FACE('',(#254),#3930,.T.);
#4017=ADVANCED_FACE('',(#255),#54,.T.);
#4018=ADVANCED_FACE('',(#256),#55,.F.);
#4019=ADVANCED_FACE('',(#257),#3931,.T.);
#4020=ADVANCED_FACE('',(#258),#56,.T.);
#4021=ADVANCED_FACE('',(#259),#21,.F.);
#4022=ADVANCED_FACE('',(#260),#3932,.T.);
#4023=ADVANCED_FACE('',(#261),#22,.F.);
#4024=ADVANCED_FACE('',(#262),#3933,.T.);
#4025=ADVANCED_FACE('',(#263),#57,.F.);
#4026=ADVANCED_FACE('',(#264),#3934,.T.);
#4027=ADVANCED_FACE('',(#265),#58,.F.);
#4028=ADVANCED_FACE('',(#266),#204,.T.);
#4029=ADVANCED_FACE('',(#267),#3935,.T.);
#4030=ADVANCED_FACE('',(#268),#205,.T.);
#4031=ADVANCED_FACE('',(#269),#3936,.T.);
#4032=ADVANCED_FACE('',(#270),#59,.T.);
#4033=ADVANCED_FACE('',(#271),#3937,.T.);
#4034=ADVANCED_FACE('',(#272),#3938,.T.);
#4035=ADVANCED_FACE('',(#273),#60,.T.);
#4036=ADVANCED_FACE('',(#274),#61,.F.);
#4037=ADVANCED_FACE('',(#275),#3939,.T.);
#4038=ADVANCED_FACE('',(#276),#62,.T.);
#4039=ADVANCED_FACE('',(#277),#63,.T.);
#4040=ADVANCED_FACE('',(#278),#3940,.T.);
#4041=ADVANCED_FACE('',(#279),#64,.T.);
#4042=ADVANCED_FACE('',(#280),#3941,.T.);
#4043=ADVANCED_FACE('',(#281),#65,.F.);
#4044=ADVANCED_FACE('',(#282),#3942,.T.);
#4045=ADVANCED_FACE('',(#283),#66,.F.);
#4046=ADVANCED_FACE('',(#284),#67,.F.);
#4047=ADVANCED_FACE('',(#285),#68,.F.);
#4048=ADVANCED_FACE('',(#286),#3943,.F.);
#4049=ADVANCED_FACE('',(#287),#69,.F.);
#4050=ADVANCED_FACE('',(#288),#70,.F.);
#4051=ADVANCED_FACE('',(#289),#71,.T.);
#4052=ADVANCED_FACE('',(#290),#3944,.F.);
#4053=ADVANCED_FACE('',(#291),#72,.F.);
#4054=ADVANCED_FACE('',(#292),#73,.F.);
#4055=ADVANCED_FACE('',(#293),#74,.F.);
#4056=ADVANCED_FACE('',(#294),#75,.T.);
#4057=ADVANCED_FACE('',(#295),#76,.T.);
#4058=ADVANCED_FACE('',(#296),#77,.T.);
#4059=ADVANCED_FACE('',(#297),#78,.T.);
#4060=ADVANCED_FACE('',(#298),#79,.F.);
#4061=ADVANCED_FACE('',(#299),#80,.F.);
#4062=ADVANCED_FACE('',(#300),#81,.F.);
#4063=ADVANCED_FACE('',(#301),#82,.F.);
#4064=ADVANCED_FACE('',(#302),#83,.F.);
#4065=ADVANCED_FACE('',(#303),#84,.F.);
#4066=ADVANCED_FACE('',(#304),#85,.F.);
#4067=ADVANCED_FACE('',(#305),#86,.F.);
#4068=ADVANCED_FACE('',(#306),#87,.T.);
#4069=ADVANCED_FACE('',(#307),#88,.T.);
#4070=ADVANCED_FACE('',(#308),#89,.T.);
#4071=ADVANCED_FACE('',(#309),#90,.T.);
#4072=ADVANCED_FACE('',(#310),#91,.T.);
#4073=ADVANCED_FACE('',(#311),#92,.T.);
#4074=ADVANCED_FACE('',(#312),#93,.T.);
#4075=ADVANCED_FACE('',(#313),#94,.T.);
#4076=ADVANCED_FACE('',(#314),#95,.T.);
#4077=ADVANCED_FACE('',(#315),#96,.T.);
#4078=ADVANCED_FACE('',(#316),#97,.T.);
#4079=ADVANCED_FACE('',(#317),#98,.T.);
#4080=ADVANCED_FACE('',(#318),#99,.T.);
#4081=ADVANCED_FACE('',(#319),#100,.T.);
#4082=ADVANCED_FACE('',(#320),#101,.T.);
#4083=ADVANCED_FACE('',(#321),#102,.T.);
#4084=ADVANCED_FACE('',(#322),#23,.T.);
#4085=ADVANCED_FACE('',(#323),#103,.T.);
#4086=ADVANCED_FACE('',(#324),#3945,.T.);
#4087=ADVANCED_FACE('',(#325),#3946,.T.);
#4088=ADVANCED_FACE('',(#326),#104,.T.);
#4089=ADVANCED_FACE('',(#327),#24,.T.);
#4090=ADVANCED_FACE('',(#328),#105,.T.);
#4091=ADVANCED_FACE('',(#329),#25,.F.);
#4092=ADVANCED_FACE('',(#330),#106,.T.);
#4093=ADVANCED_FACE('',(#331),#107,.T.);
#4094=ADVANCED_FACE('',(#332),#108,.T.);
#4095=ADVANCED_FACE('',(#333),#109,.T.);
#4096=ADVANCED_FACE('',(#334),#110,.T.);
#4097=ADVANCED_FACE('',(#335),#111,.T.);
#4098=ADVANCED_FACE('',(#336),#112,.T.);
#4099=ADVANCED_FACE('',(#337),#113,.T.);
#4100=ADVANCED_FACE('',(#338),#114,.T.);
#4101=ADVANCED_FACE('',(#339),#115,.T.);
#4102=ADVANCED_FACE('',(#340),#116,.T.);
#4103=ADVANCED_FACE('',(#341),#117,.T.);
#4104=ADVANCED_FACE('',(#342),#118,.T.);
#4105=ADVANCED_FACE('',(#343),#119,.F.);
#4106=ADVANCED_FACE('',(#344),#120,.F.);
#4107=ADVANCED_FACE('',(#345),#121,.F.);
#4108=ADVANCED_FACE('',(#346),#122,.F.);
#4109=ADVANCED_FACE('',(#347),#123,.F.);
#4110=ADVANCED_FACE('',(#348),#124,.F.);
#4111=ADVANCED_FACE('',(#349),#125,.F.);
#4112=ADVANCED_FACE('',(#350),#126,.F.);
#4113=ADVANCED_FACE('',(#351),#127,.F.);
#4114=ADVANCED_FACE('',(#352),#128,.F.);
#4115=ADVANCED_FACE('',(#353),#129,.F.);
#4116=ADVANCED_FACE('',(#354),#130,.F.);
#4117=ADVANCED_FACE('',(#355),#131,.F.);
#4118=ADVANCED_FACE('',(#356),#132,.F.);
#4119=ADVANCED_FACE('',(#357),#133,.F.);
#4120=ADVANCED_FACE('',(#358),#134,.F.);
#4121=ADVANCED_FACE('',(#359),#135,.F.);
#4122=ADVANCED_FACE('',(#360),#136,.F.);
#4123=ADVANCED_FACE('',(#361),#137,.F.);
#4124=ADVANCED_FACE('',(#362,#15),#138,.T.);
#4125=ADVANCED_FACE('',(#363),#139,.T.);
#4126=ADVANCED_FACE('',(#364,#16),#140,.F.);
#4127=ADVANCED_FACE('',(#365),#141,.T.);
#4128=ADVANCED_FACE('',(#366),#3947,.T.);
#4129=ADVANCED_FACE('',(#367),#142,.F.);
#4130=ADVANCED_FACE('',(#368),#143,.F.);
#4131=ADVANCED_FACE('',(#369),#3948,.T.);
#4132=ADVANCED_FACE('',(#370),#144,.T.);
#4133=ADVANCED_FACE('',(#371),#145,.T.);
#4134=ADVANCED_FACE('',(#372),#3949,.T.);
#4135=ADVANCED_FACE('',(#373),#146,.F.);
#4136=ADVANCED_FACE('',(#374),#3950,.T.);
#4137=ADVANCED_FACE('',(#375),#147,.T.);
#4138=ADVANCED_FACE('',(#376),#3951,.T.);
#4139=ADVANCED_FACE('',(#377),#3952,.T.);
#4140=ADVANCED_FACE('',(#378),#148,.F.);
#4141=ADVANCED_FACE('',(#379),#3953,.T.);
#4142=ADVANCED_FACE('',(#380),#3954,.T.);
#4143=ADVANCED_FACE('',(#381),#206,.T.);
#4144=ADVANCED_FACE('',(#382),#207,.T.);
#4145=ADVANCED_FACE('',(#383),#149,.F.);
#4146=ADVANCED_FACE('',(#384),#3955,.T.);
#4147=ADVANCED_FACE('',(#385),#150,.F.);
#4148=ADVANCED_FACE('',(#386),#151,.T.);
#4149=ADVANCED_FACE('',(#387),#3956,.T.);
#4150=ADVANCED_FACE('',(#388),#26,.F.);
#4151=ADVANCED_FACE('',(#389),#3957,.T.);
#4152=ADVANCED_FACE('',(#390),#27,.T.);
#4153=ADVANCED_FACE('',(#391),#152,.T.);
#4154=ADVANCED_FACE('',(#392),#3958,.T.);
#4155=ADVANCED_FACE('',(#393),#3959,.T.);
#4156=ADVANCED_FACE('',(#394),#153,.T.);
#4157=ADVANCED_FACE('',(#395),#28,.T.);
#4158=ADVANCED_FACE('',(#396),#154,.F.);
#4159=ADVANCED_FACE('',(#397),#3960,.T.);
#4160=ADVANCED_FACE('',(#398),#3961,.T.);
#4161=ADVANCED_FACE('',(#399),#155,.F.);
#4162=ADVANCED_FACE('',(#400),#29,.F.);
#4163=ADVANCED_FACE('',(#401),#30,.F.);
#4164=ADVANCED_FACE('',(#402),#31,.F.);
#4165=ADVANCED_FACE('',(#403),#32,.F.);
#4166=ADVANCED_FACE('',(#404),#33,.F.);
#4167=ADVANCED_FACE('',(#405),#34,.F.);
#4168=ADVANCED_FACE('',(#406,#17,#18),#3962,.F.);
#4169=ADVANCED_FACE('',(#407),#35,.F.);
#4170=ADVANCED_FACE('',(#408),#36,.F.);
#4171=ADVANCED_FACE('',(#409),#37,.F.);
#4172=ADVANCED_FACE('',(#410,#19,#20),#3963,.F.);
#4173=ADVANCED_FACE('',(#411),#208,.T.);
#4174=ADVANCED_FACE('',(#412),#156,.T.);
#4175=ADVANCED_FACE('',(#413),#3964,.T.);
#4176=ADVANCED_FACE('',(#414),#3965,.F.);
#4177=ADVANCED_FACE('',(#415),#3966,.T.);
#4178=ADVANCED_FACE('',(#416),#209,.T.);
#4179=ADVANCED_FACE('',(#417),#210,.T.);
#4180=ADVANCED_FACE('',(#418),#211,.T.);
#4181=ADVANCED_FACE('',(#419),#3967,.T.);
#4182=ADVANCED_FACE('',(#420),#3968,.F.);
#4183=ADVANCED_FACE('',(#421),#3969,.T.);
#4184=ADVANCED_FACE('',(#422),#3970,.T.);
#4185=ADVANCED_FACE('',(#423),#3971,.T.);
#4186=ADVANCED_FACE('',(#424),#157,.T.);
#4187=ADVANCED_FACE('',(#425),#158,.T.);
#4188=ADVANCED_FACE('',(#426),#3972,.T.);
#4189=ADVANCED_FACE('',(#427),#3973,.T.);
#4190=ADVANCED_FACE('',(#428),#159,.F.);
#4191=ADVANCED_FACE('',(#429),#38,.F.);
#4192=CLOSED_SHELL('',(#3974,#3975,#3976,#3977,#3978,#3979,#3980,#3981,
#3982,#3983,#3984,#3985,#3986,#3987,#3988,#3989,#3990,#3991,#3992,#3993,
#3994,#3995,#3996,#3997,#3998,#3999,#4000,#4001,#4002,#4003,#4004,#4005,
#4006,#4007,#4008,#4009,#4010,#4011,#4012,#4013,#4014,#4015,#4016,#4017,
#4018,#4019,#4020,#4021,#4022,#4023,#4024,#4025,#4026,#4027,#4028,#4029,
#4030,#4031,#4032,#4033,#4034,#4035,#4036,#4037,#4038,#4039,#4040,#4041,
#4042,#4043,#4044,#4045,#4046,#4047,#4048,#4049,#4050,#4051,#4052,#4053,
#4054,#4055,#4056,#4057,#4058,#4059,#4060,#4061,#4062,#4063,#4064,#4065,
#4066,#4067,#4068,#4069,#4070,#4071,#4072,#4073,#4074,#4075,#4076,#4077,
#4078,#4079,#4080,#4081,#4082,#4083,#4084,#4085,#4086,#4087,#4088,#4089,
#4090,#4091,#4092,#4093,#4094,#4095,#4096,#4097,#4098,#4099,#4100,#4101,
#4102,#4103,#4104,#4105,#4106,#4107,#4108,#4109,#4110,#4111,#4112,#4113,
#4114,#4115,#4116,#4117,#4118,#4119,#4120,#4121,#4122,#4123,#4124,#4125,
#4126,#4127,#4128,#4129,#4130,#4131,#4132,#4133,#4134,#4135,#4136,#4137,
#4138,#4139,#4140,#4141,#4142,#4143,#4144,#4145,#4146,#4147,#4148,#4149,
#4150,#4151,#4152,#4153,#4154,#4155,#4156,#4157,#4158,#4159,#4160,#4161,
#4162,#4163,#4164,#4165,#4166,#4167,#4168,#4169,#4170,#4171,#4172,#4173,
#4174,#4175,#4176,#4177,#4178,#4179,#4180,#4181,#4182,#4183,#4184,#4185,
#4186,#4187,#4188,#4189,#4190,#4191));
#4193=DERIVED_UNIT_ELEMENT(#4195,1.);
#4194=DERIVED_UNIT_ELEMENT(#7792,-3.);
#4195=(
MASS_UNIT()
NAMED_UNIT(*)
SI_UNIT(.KILO.,.GRAM.)
);
#4196=DERIVED_UNIT((#4193,#4194));
#4197=MEASURE_REPRESENTATION_ITEM('density measure',
POSITIVE_RATIO_MEASURE(7850.),#4196);
#4198=PROPERTY_DEFINITION_REPRESENTATION(#4203,#4200);
#4199=PROPERTY_DEFINITION_REPRESENTATION(#4204,#4201);
#4200=REPRESENTATION('material name',(#4202),#7789);
#4201=REPRESENTATION('density',(#4197),#7789);
#4202=DESCRIPTIVE_REPRESENTATION_ITEM('Steel','Steel');
#4203=PROPERTY_DEFINITION('material property','material name',#7799);
#4204=PROPERTY_DEFINITION('material property','density of part',#7799);
#4205=AXIS2_PLACEMENT_3D('',#5707,#4566,#4567);
#4206=AXIS2_PLACEMENT_3D('',#5708,#4568,#4569);
#4207=AXIS2_PLACEMENT_3D('',#5711,#4570,#4571);
#4208=AXIS2_PLACEMENT_3D('',#5715,#4573,#4574);
#4209=AXIS2_PLACEMENT_3D('',#5717,#4576,#4577);
#4210=AXIS2_PLACEMENT_3D('',#5720,#4578,#4579);
#4211=AXIS2_PLACEMENT_3D('',#5721,#4580,#4581);
#4212=AXIS2_PLACEMENT_3D('',#5722,#4582,#4583);
#4213=AXIS2_PLACEMENT_3D('',#5723,#4584,#4585);
#4214=AXIS2_PLACEMENT_3D('',#5726,#4586,#4587);
#4215=AXIS2_PLACEMENT_3D('',#5740,#4590,#4591);
#4216=AXIS2_PLACEMENT_3D('',#5741,#4592,#4593);
#4217=AXIS2_PLACEMENT_3D('',#5742,#4594,#4595);
#4218=AXIS2_PLACEMENT_3D('',#5743,#4596,#4597);
#4219=AXIS2_PLACEMENT_3D('',#5746,#4598,#4599);
#4220=AXIS2_PLACEMENT_3D('',#5766,#4602,#4603);
#4221=AXIS2_PLACEMENT_3D('',#5767,#4604,#4605);
#4222=AXIS2_PLACEMENT_3D('',#5768,#4606,#4607);
#4223=AXIS2_PLACEMENT_3D('',#5769,#4608,#4609);
#4224=AXIS2_PLACEMENT_3D('',#5794,#4612,#4613);
#4225=AXIS2_PLACEMENT_3D('',#5798,#4615,#4616);
#4226=AXIS2_PLACEMENT_3D('',#5802,#4618,#4619);
#4227=AXIS2_PLACEMENT_3D('',#5808,#4622,#4623);
#4228=AXIS2_PLACEMENT_3D('',#5812,#4625,#4626);
#4229=AXIS2_PLACEMENT_3D('',#5816,#4628,#4629);
#4230=AXIS2_PLACEMENT_3D('',#5819,#4631,#4632);
#4231=AXIS2_PLACEMENT_3D('',#5820,#4633,#4634);
#4232=AXIS2_PLACEMENT_3D('',#5823,#4636,#4637);
#4233=AXIS2_PLACEMENT_3D('',#5824,#4638,#4639);
#4234=AXIS2_PLACEMENT_3D('',#5844,#4649,#4650);
#4235=AXIS2_PLACEMENT_3D('',#5846,#4651,#4652);
#4236=AXIS2_PLACEMENT_3D('',#5848,#4653,#4654);
#4237=AXIS2_PLACEMENT_3D('',#5864,#4663,#4664);
#4238=AXIS2_PLACEMENT_3D('',#5867,#4666,#4667);
#4239=AXIS2_PLACEMENT_3D('',#5868,#4668,#4669);
#4240=AXIS2_PLACEMENT_3D('',#5888,#4679,#4680);
#4241=AXIS2_PLACEMENT_3D('',#5891,#4682,#4683);
#4242=AXIS2_PLACEMENT_3D('',#5892,#4684,#4685);
#4243=AXIS2_PLACEMENT_3D('',#5895,#4687,#4688);
#4244=AXIS2_PLACEMENT_3D('',#5896,#4689,#4690);
#4245=AXIS2_PLACEMENT_3D('',#5904,#4695,#4696);
#4246=AXIS2_PLACEMENT_3D('',#5927,#4697,#4698);
#4247=AXIS2_PLACEMENT_3D('',#5940,#4700,#4701);
#4248=AXIS2_PLACEMENT_3D('',#5941,#4702,#4703);
#4249=AXIS2_PLACEMENT_3D('',#5942,#4704,#4705);
#4250=AXIS2_PLACEMENT_3D('',#5943,#4706,#4707);
#4251=AXIS2_PLACEMENT_3D('',#5946,#4708,#4709);
#4252=AXIS2_PLACEMENT_3D('',#5965,#4712,#4713);
#4253=AXIS2_PLACEMENT_3D('',#5966,#4714,#4715);
#4254=AXIS2_PLACEMENT_3D('',#5967,#4716,#4717);
#4255=AXIS2_PLACEMENT_3D('',#5968,#4718,#4719);
#4256=AXIS2_PLACEMENT_3D('',#5970,#4720,#4721);
#4257=AXIS2_PLACEMENT_3D('',#5972,#4723,#4724);
#4258=AXIS2_PLACEMENT_3D('',#5975,#4725,#4726);
#4259=AXIS2_PLACEMENT_3D('',#5976,#4727,#4728);
#4260=AXIS2_PLACEMENT_3D('',#5977,#4729,#4730);
#4261=AXIS2_PLACEMENT_3D('',#5978,#4731,#4732);
#4262=AXIS2_PLACEMENT_3D('',#5981,#4733,#4734);
#4263=AXIS2_PLACEMENT_3D('',#5984,#4737,#4738);
#4264=AXIS2_PLACEMENT_3D('',#5992,#4743,#4744);
#4265=AXIS2_PLACEMENT_3D('',#5993,#4745,#4746);
#4266=AXIS2_PLACEMENT_3D('',#5994,#4747,#4748);
#4267=AXIS2_PLACEMENT_3D('',#5997,#4750,#4751);
#4268=AXIS2_PLACEMENT_3D('',#5998,#4752,#4753);
#4269=AXIS2_PLACEMENT_3D('',#6016,#4762,#4763);
#4270=AXIS2_PLACEMENT_3D('',#6018,#4764,#4765);
#4271=AXIS2_PLACEMENT_3D('',#6020,#4766,#4767);
#4272=AXIS2_PLACEMENT_3D('',#6034,#4775,#4776);
#4273=AXIS2_PLACEMENT_3D('',#6035,#4777,#4778);
#4274=AXIS2_PLACEMENT_3D('',#6036,#4779,#4780);
#4275=AXIS2_PLACEMENT_3D('',#6040,#4782,#4783);
#4276=AXIS2_PLACEMENT_3D('',#6042,#4785,#4786);
#4277=AXIS2_PLACEMENT_3D('',#6046,#4788,#4789);
#4278=AXIS2_PLACEMENT_3D('',#6050,#4791,#4792);
#4279=AXIS2_PLACEMENT_3D('',#6052,#4793,#4794);
#4280=AXIS2_PLACEMENT_3D('',#6056,#4796,#4797);
#4281=AXIS2_PLACEMENT_3D('',#6058,#4798,#4799);
#4282=AXIS2_PLACEMENT_3D('',#6060,#4801,#4802);
#4283=AXIS2_PLACEMENT_3D('',#6065,#4805,#4806);
#4284=AXIS2_PLACEMENT_3D('',#6067,#4807,#4808);
#4285=AXIS2_PLACEMENT_3D('',#6074,#4811,#4812);
#4286=AXIS2_PLACEMENT_3D('',#6076,#4814,#4815);
#4287=AXIS2_PLACEMENT_3D('',#6079,#4817,#4818);
#4288=AXIS2_PLACEMENT_3D('',#6080,#4819,#4820);
#4289=AXIS2_PLACEMENT_3D('',#6088,#4825,#4826);
#4290=AXIS2_PLACEMENT_3D('',#6091,#4828,#4829);
#4291=AXIS2_PLACEMENT_3D('',#6092,#4830,#4831);
#4292=AXIS2_PLACEMENT_3D('',#6093,#4832,#4833);
#4293=AXIS2_PLACEMENT_3D('',#6094,#4834,#4835);
#4294=AXIS2_PLACEMENT_3D('',#6097,#4837,#4838);
#4295=AXIS2_PLACEMENT_3D('',#6098,#4839,#4840);
#4296=AXIS2_PLACEMENT_3D('',#6102,#4843,#4844);
#4297=AXIS2_PLACEMENT_3D('',#6104,#4845,#4846);
#4298=AXIS2_PLACEMENT_3D('',#6106,#4847,#4848);
#4299=AXIS2_PLACEMENT_3D('',#6110,#4850,#4851);
#4300=AXIS2_PLACEMENT_3D('',#6112,#4852,#4853);
#4301=AXIS2_PLACEMENT_3D('',#6114,#4854,#4855);
#4302=AXIS2_PLACEMENT_3D('',#6118,#4857,#4858);
#4303=AXIS2_PLACEMENT_3D('',#6120,#4859,#4860);
#4304=AXIS2_PLACEMENT_3D('',#6124,#4862,#4863);
#4305=AXIS2_PLACEMENT_3D('',#6126,#4864,#4865);
#4306=AXIS2_PLACEMENT_3D('',#6130,#4867,#4868);
#4307=AXIS2_PLACEMENT_3D('',#6132,#4869,#4870);
#4308=AXIS2_PLACEMENT_3D('',#6143,#4872,#4873);
#4309=AXIS2_PLACEMENT_3D('',#6145,#4874,#4875);
#4310=AXIS2_PLACEMENT_3D('',#6149,#4877,#4878);
#4311=AXIS2_PLACEMENT_3D('',#6157,#4882,#4883);
#4312=AXIS2_PLACEMENT_3D('',#6161,#4885,#4886);
#4313=AXIS2_PLACEMENT_3D('',#6169,#4890,#4891);
#4314=AXIS2_PLACEMENT_3D('',#6171,#4893,#4894);
#4315=AXIS2_PLACEMENT_3D('',#6173,#4895,#4896);
#4316=AXIS2_PLACEMENT_3D('',#6212,#4916,#4917);
#4317=AXIS2_PLACEMENT_3D('',#6214,#4918,#4919);
#4318=AXIS2_PLACEMENT_3D('',#6217,#4921,#4922);
#4319=AXIS2_PLACEMENT_3D('',#6218,#4923,#4924);
#4320=AXIS2_PLACEMENT_3D('',#6221,#4926,#4927);
#4321=AXIS2_PLACEMENT_3D('',#6222,#4928,#4929);
#4322=AXIS2_PLACEMENT_3D('',#6224,#4930,#4931);
#4323=AXIS2_PLACEMENT_3D('',#6226,#4933,#4934);
#4324=AXIS2_PLACEMENT_3D('',#6228,#4935,#4936);
#4325=AXIS2_PLACEMENT_3D('',#6230,#4937,#4938);
#4326=AXIS2_PLACEMENT_3D('',#6231,#4939,#4940);
#4327=AXIS2_PLACEMENT_3D('',#6232,#4941,#4942);
#4328=AXIS2_PLACEMENT_3D('',#6234,#4943,#4944);
#4329=AXIS2_PLACEMENT_3D('',#6236,#4945,#4946);
#4330=AXIS2_PLACEMENT_3D('',#6237,#4947,#4948);
#4331=AXIS2_PLACEMENT_3D('',#6238,#4949,#4950);
#4332=AXIS2_PLACEMENT_3D('',#6240,#4951,#4952);
#4333=AXIS2_PLACEMENT_3D('',#6243,#4954,#4955);
#4334=AXIS2_PLACEMENT_3D('',#6244,#4956,#4957);
#4335=AXIS2_PLACEMENT_3D('',#6246,#4958,#4959);
#4336=AXIS2_PLACEMENT_3D('',#6250,#4961,#4962);
#4337=AXIS2_PLACEMENT_3D('',#6258,#4966,#4967);
#4338=AXIS2_PLACEMENT_3D('',#6262,#4969,#4970);
#4339=AXIS2_PLACEMENT_3D('',#6270,#4974,#4975);
#4340=AXIS2_PLACEMENT_3D('',#6273,#4977,#4978);
#4341=AXIS2_PLACEMENT_3D('',#6275,#4979,#4980);
#4342=AXIS2_PLACEMENT_3D('',#6286,#4982,#4983);
#4343=AXIS2_PLACEMENT_3D('',#6289,#4985,#4986);
#4344=AXIS2_PLACEMENT_3D('',#6291,#4987,#4988);
#4345=AXIS2_PLACEMENT_3D('',#6295,#4990,#4991);
#4346=AXIS2_PLACEMENT_3D('',#6296,#4992,#4993);
#4347=AXIS2_PLACEMENT_3D('',#6299,#4995,#4996);
#4348=AXIS2_PLACEMENT_3D('',#6301,#4997,#4998);
#4349=AXIS2_PLACEMENT_3D('',#6303,#5000,#5001);
#4350=AXIS2_PLACEMENT_3D('',#6305,#5002,#5003);
#4351=AXIS2_PLACEMENT_3D('',#6307,#5004,#5005);
#4352=AXIS2_PLACEMENT_3D('',#6310,#5007,#5008);
#4353=AXIS2_PLACEMENT_3D('',#6312,#5009,#5010);
#4354=AXIS2_PLACEMENT_3D('',#6350,#5030,#5031);
#4355=AXIS2_PLACEMENT_3D('',#6352,#5032,#5033);
#4356=AXIS2_PLACEMENT_3D('',#6354,#5035,#5036);
#4357=AXIS2_PLACEMENT_3D('',#6398,#5040,#5041);
#4358=AXIS2_PLACEMENT_3D('',#6399,#5042,#5043);
#4359=AXIS2_PLACEMENT_3D('',#6436,#5047,#5048);
#4360=AXIS2_PLACEMENT_3D('',#6437,#5049,#5050);
#4361=AXIS2_PLACEMENT_3D('',#6438,#5051,#5052);
#4362=AXIS2_PLACEMENT_3D('',#6439,#5053,#5054);
#4363=AXIS2_PLACEMENT_3D('',#6441,#5055,#5056);
#4364=AXIS2_PLACEMENT_3D('',#6443,#5058,#5059);
#4365=AXIS2_PLACEMENT_3D('',#6445,#5061,#5062);
#4366=AXIS2_PLACEMENT_3D('',#6447,#5063,#5064);
#4367=AXIS2_PLACEMENT_3D('',#6448,#5065,#5066);
#4368=AXIS2_PLACEMENT_3D('',#6449,#5067,#5068);
#4369=AXIS2_PLACEMENT_3D('',#6450,#5069,#5070);
#4370=AXIS2_PLACEMENT_3D('',#6452,#5072,#5073);
#4371=AXIS2_PLACEMENT_3D('',#6453,#5074,#5075);
#4372=AXIS2_PLACEMENT_3D('',#6455,#5077,#5078);
#4373=AXIS2_PLACEMENT_3D('',#6456,#5079,#5080);
#4374=AXIS2_PLACEMENT_3D('',#6458,#5082,#5083);
#4375=AXIS2_PLACEMENT_3D('',#6460,#5085,#5086);
#4376=AXIS2_PLACEMENT_3D('',#6466,#5090,#5091);
#4377=AXIS2_PLACEMENT_3D('',#6472,#5095,#5096);
#4378=AXIS2_PLACEMENT_3D('',#6474,#5097,#5098);
#4379=AXIS2_PLACEMENT_3D('',#6476,#5100,#5101);
#4380=AXIS2_PLACEMENT_3D('',#6480,#5104,#5105);
#4381=AXIS2_PLACEMENT_3D('',#6484,#5108,#5109);
#4382=AXIS2_PLACEMENT_3D('',#6487,#5110,#5111);
#4383=AXIS2_PLACEMENT_3D('',#6490,#5114,#5115);
#4384=AXIS2_PLACEMENT_3D('',#6499,#5121,#5122);
#4385=AXIS2_PLACEMENT_3D('',#6501,#5123,#5124);
#4386=AXIS2_PLACEMENT_3D('',#6503,#5126,#5127);
#4387=AXIS2_PLACEMENT_3D('',#6509,#5131,#5132);
#4388=AXIS2_PLACEMENT_3D('',#6512,#5134,#5135);
#4389=AXIS2_PLACEMENT_3D('',#6513,#5136,#5137);
#4390=AXIS2_PLACEMENT_3D('',#6519,#5141,#5142);
#4391=AXIS2_PLACEMENT_3D('',#6521,#5144,#5145);
#4392=AXIS2_PLACEMENT_3D('',#6536,#5156,#5157);
#4393=AXIS2_PLACEMENT_3D('',#6540,#5161,#5162);
#4394=AXIS2_PLACEMENT_3D('',#6549,#5169,#5170);
#4395=AXIS2_PLACEMENT_3D('',#6550,#5171,#5172);
#4396=AXIS2_PLACEMENT_3D('',#6551,#5173,#5174);
#4397=AXIS2_PLACEMENT_3D('',#6555,#5178,#5179);
#4398=AXIS2_PLACEMENT_3D('',#6556,#5180,#5181);
#4399=AXIS2_PLACEMENT_3D('',#6558,#5183,#5184);
#4400=AXIS2_PLACEMENT_3D('',#6560,#5186,#5187);
#4401=AXIS2_PLACEMENT_3D('',#6564,#5190,#5191);
#4402=AXIS2_PLACEMENT_3D('',#6568,#5194,#5195);
#4403=AXIS2_PLACEMENT_3D('',#6572,#5198,#5199);
#4404=AXIS2_PLACEMENT_3D('',#6574,#5201,#5202);
#4405=AXIS2_PLACEMENT_3D('',#6577,#5203,#5204);
#4406=AXIS2_PLACEMENT_3D('',#6583,#5208,#5209);
#4407=AXIS2_PLACEMENT_3D('',#6589,#5213,#5214);
#4408=AXIS2_PLACEMENT_3D('',#6591,#5215,#5216);
#4409=AXIS2_PLACEMENT_3D('',#6595,#5219,#5220);
#4410=AXIS2_PLACEMENT_3D('',#6598,#5223,#5224);
#4411=AXIS2_PLACEMENT_3D('',#6599,#5225,#5226);
#4412=AXIS2_PLACEMENT_3D('',#6600,#5227,#5228);
#4413=AXIS2_PLACEMENT_3D('',#6601,#5229,#5230);
#4414=AXIS2_PLACEMENT_3D('',#6602,#5231,#5232);
#4415=AXIS2_PLACEMENT_3D('',#6606,#5235,#5236);
#4416=AXIS2_PLACEMENT_3D('',#6608,#5238,#5239);
#4417=AXIS2_PLACEMENT_3D('',#6633,#5252,#5253);
#4418=AXIS2_PLACEMENT_3D('',#6635,#5255,#5256);
#4419=AXIS2_PLACEMENT_3D('',#6638,#5257,#5258);
#4420=AXIS2_PLACEMENT_3D('',#6641,#5261,#5262);
#4421=AXIS2_PLACEMENT_3D('',#6645,#5265,#5266);
#4422=AXIS2_PLACEMENT_3D('',#6647,#5267,#5268);
#4423=AXIS2_PLACEMENT_3D('',#6649,#5270,#5271);
#4424=AXIS2_PLACEMENT_3D('',#6653,#5274,#5275);
#4425=AXIS2_PLACEMENT_3D('',#6659,#5279,#5280);
#4426=AXIS2_PLACEMENT_3D('',#6661,#5281,#5282);
#4427=AXIS2_PLACEMENT_3D('',#6663,#5284,#5285);
#4428=AXIS2_PLACEMENT_3D('',#6667,#5288,#5289);
#4429=AXIS2_PLACEMENT_3D('',#6669,#5290,#5291);
#4430=AXIS2_PLACEMENT_3D('',#6671,#5293,#5294);
#4431=AXIS2_PLACEMENT_3D('',#6675,#5297,#5298);
#4432=AXIS2_PLACEMENT_3D('',#6677,#5299,#5300);
#4433=AXIS2_PLACEMENT_3D('',#6679,#5302,#5303);
#4434=AXIS2_PLACEMENT_3D('',#6681,#5305,#5306);
#4435=AXIS2_PLACEMENT_3D('',#6710,#5309,#5310);
#4436=AXIS2_PLACEMENT_3D('',#6714,#5313,#5314);
#4437=AXIS2_PLACEMENT_3D('',#6715,#5315,#5316);
#4438=AXIS2_PLACEMENT_3D('',#6716,#5317,#5318);
#4439=AXIS2_PLACEMENT_3D('',#6718,#5319,#5320);
#4440=AXIS2_PLACEMENT_3D('',#6720,#5322,#5323);
#4441=AXIS2_PLACEMENT_3D('',#6750,#5327,#5328);
#4442=AXIS2_PLACEMENT_3D('',#6751,#5329,#5330);
#4443=AXIS2_PLACEMENT_3D('',#6787,#5331,#5332);
#4444=AXIS2_PLACEMENT_3D('',#6792,#5333,#5334);
#4445=AXIS2_PLACEMENT_3D('',#6795,#5335,#5336);
#4446=AXIS2_PLACEMENT_3D('',#6801,#5340,#5341);
#4447=AXIS2_PLACEMENT_3D('',#6807,#5345,#5346);
#4448=AXIS2_PLACEMENT_3D('',#6809,#5347,#5348);
#4449=AXIS2_PLACEMENT_3D('',#6813,#5351,#5352);
#4450=AXIS2_PLACEMENT_3D('',#6816,#5355,#5356);
#4451=AXIS2_PLACEMENT_3D('',#6827,#5363,#5364);
#4452=AXIS2_PLACEMENT_3D('',#6843,#5374,#5375);
#4453=AXIS2_PLACEMENT_3D('',#6847,#5378,#5379);
#4454=AXIS2_PLACEMENT_3D('',#6848,#5380,#5381);
#4455=AXIS2_PLACEMENT_3D('',#6850,#5383,#5384);
#4456=AXIS2_PLACEMENT_3D('',#6854,#5387,#5388);
#4457=AXIS2_PLACEMENT_3D('',#6858,#5391,#5392);
#4458=AXIS2_PLACEMENT_3D('',#6862,#5395,#5396);
#4459=AXIS2_PLACEMENT_3D('',#6864,#5398,#5399);
#4460=AXIS2_PLACEMENT_3D('',#6889,#5412,#5413);
#4461=AXIS2_PLACEMENT_3D('',#6895,#5417,#5418);
#4462=AXIS2_PLACEMENT_3D('',#6901,#5422,#5423);
#4463=AXIS2_PLACEMENT_3D('',#6904,#5426,#5427);
#4464=AXIS2_PLACEMENT_3D('',#6910,#5431,#5432);
#4465=AXIS2_PLACEMENT_3D('',#6914,#5435,#5436);
#4466=AXIS2_PLACEMENT_3D('',#6917,#5437,#5438);
#4467=AXIS2_PLACEMENT_3D('',#6920,#5441,#5442);
#4468=AXIS2_PLACEMENT_3D('',#6924,#5445,#5446);
#4469=AXIS2_PLACEMENT_3D('',#6926,#5447,#5448);
#4470=AXIS2_PLACEMENT_3D('',#6928,#5450,#5451);
#4471=AXIS2_PLACEMENT_3D('',#6932,#5454,#5455);
#4472=AXIS2_PLACEMENT_3D('',#6938,#5459,#5460);
#4473=AXIS2_PLACEMENT_3D('',#6940,#5461,#5462);
#4474=AXIS2_PLACEMENT_3D('',#6942,#5464,#5465);
#4475=AXIS2_PLACEMENT_3D('',#6946,#5468,#5469);
#4476=AXIS2_PLACEMENT_3D('',#6948,#5470,#5471);
#4477=AXIS2_PLACEMENT_3D('',#6950,#5473,#5474);
#4478=AXIS2_PLACEMENT_3D('',#6954,#5477,#5478);
#4479=AXIS2_PLACEMENT_3D('',#6956,#5479,#5480);
#4480=AXIS2_PLACEMENT_3D('',#6958,#5482,#5483);
#4481=AXIS2_PLACEMENT_3D('',#6960,#5485,#5486);
#4482=AXIS2_PLACEMENT_3D('',#6966,#5490,#5491);
#4483=AXIS2_PLACEMENT_3D('',#6971,#5495,#5496);
#4484=AXIS2_PLACEMENT_3D('',#6972,#5497,#5498);
#4485=AXIS2_PLACEMENT_3D('',#6976,#5501,#5502);
#4486=AXIS2_PLACEMENT_3D('',#6977,#5503,#5504);
#4487=AXIS2_PLACEMENT_3D('',#6979,#5505,#5506);
#4488=AXIS2_PLACEMENT_3D('',#6981,#5508,#5509);
#4489=AXIS2_PLACEMENT_3D('',#6983,#5511,#5512);
#4490=AXIS2_PLACEMENT_3D('',#6987,#5515,#5516);
#4491=AXIS2_PLACEMENT_3D('',#6988,#5517,#5518);
#4492=AXIS2_PLACEMENT_3D('',#6989,#5519,#5520);
#4493=AXIS2_PLACEMENT_3D('',#6990,#5521,#5522);
#4494=AXIS2_PLACEMENT_3D('',#6992,#5523,#5524);
#4495=AXIS2_PLACEMENT_3D('',#6994,#5526,#5527);
#4496=AXIS2_PLACEMENT_3D('',#6996,#5529,#5530);
#4497=AXIS2_PLACEMENT_3D('',#6997,#5531,#5532);
#4498=AXIS2_PLACEMENT_3D('',#6999,#5533,#5534);
#4499=AXIS2_PLACEMENT_3D('',#7001,#5536,#5537);
#4500=AXIS2_PLACEMENT_3D('',#7003,#5539,#5540);
#4501=AXIS2_PLACEMENT_3D('',#7005,#5542,#5543);
#4502=AXIS2_PLACEMENT_3D('',#7006,#5544,#5545);
#4503=AXIS2_PLACEMENT_3D('',#7007,#5546,#5547);
#4504=AXIS2_PLACEMENT_3D('',#7008,#5548,#5549);
#4505=AXIS2_PLACEMENT_3D('',#7010,#5551,#5552);
#4506=AXIS2_PLACEMENT_3D('',#7011,#5553,#5554);
#4507=AXIS2_PLACEMENT_3D('',#7012,#5555,#5556);
#4508=AXIS2_PLACEMENT_3D('',#7013,#5557,#5558);
#4509=AXIS2_PLACEMENT_3D('',#7014,#5559,#5560);
#4510=AXIS2_PLACEMENT_3D('',#7015,#5561,#5562);
#4511=AXIS2_PLACEMENT_3D('',#7016,#5563,#5564);
#4512=AXIS2_PLACEMENT_3D('',#7022,#5568,#5569);
#4513=AXIS2_PLACEMENT_3D('',#7023,#5570,#5571);
#4514=AXIS2_PLACEMENT_3D('',#7024,#5572,#5573);
#4515=AXIS2_PLACEMENT_3D('',#7027,#5576,#5577);
#4516=AXIS2_PLACEMENT_3D('',#7031,#5580,#5581);
#4517=AXIS2_PLACEMENT_3D('',#7032,#5582,#5583);
#4518=AXIS2_PLACEMENT_3D('',#7065,#5584,#5585);
#4519=AXIS2_PLACEMENT_3D('',#7095,#5589,#5590);
#4520=AXIS2_PLACEMENT_3D('',#7099,#5593,#5594);
#4521=AXIS2_PLACEMENT_3D('',#7100,#5595,#5596);
#4522=AXIS2_PLACEMENT_3D('',#7101,#5597,#5598);
#4523=AXIS2_PLACEMENT_3D('',#7104,#5600,#5601);
#4524=AXIS2_PLACEMENT_3D('',#7105,#5602,#5603);
#4525=AXIS2_PLACEMENT_3D('',#7135,#5607,#5608);
#4526=AXIS2_PLACEMENT_3D('',#7136,#5609,#5610);
#4527=AXIS2_PLACEMENT_3D('',#7137,#5611,#5612);
#4528=AXIS2_PLACEMENT_3D('',#7139,#5614,#5615);
#4529=AXIS2_PLACEMENT_3D('',#7142,#5617,#5618);
#4530=AXIS2_PLACEMENT_3D('',#7143,#5619,#5620);
#4531=AXIS2_PLACEMENT_3D('',#7172,#5623,#5624);
#4532=AXIS2_PLACEMENT_3D('',#7199,#5625,#5626);
#4533=AXIS2_PLACEMENT_3D('',#7231,#5627,#5628);
#4534=AXIS2_PLACEMENT_3D('',#7388,#5629,#5630);
#4535=AXIS2_PLACEMENT_3D('',#7440,#5631,#5632);
#4536=AXIS2_PLACEMENT_3D('',#7479,#5633,#5634);
#4537=AXIS2_PLACEMENT_3D('',#7508,#5636,#5637);
#4538=AXIS2_PLACEMENT_3D('',#7636,#5638,#5639);
#4539=AXIS2_PLACEMENT_3D('',#7710,#5640,#5641);
#4540=AXIS2_PLACEMENT_3D('',#7721,#5642,#5643);
#4541=AXIS2_PLACEMENT_3D('',#7727,#5645,#5646);
#4542=AXIS2_PLACEMENT_3D('',#7728,#5647,#5648);
#4543=AXIS2_PLACEMENT_3D('',#7729,#5649,#5650);
#4544=AXIS2_PLACEMENT_3D('',#7731,#5652,#5653);
#4545=AXIS2_PLACEMENT_3D('',#7733,#5655,#5656);
#4546=AXIS2_PLACEMENT_3D('',#7735,#5658,#5659);
#4547=AXIS2_PLACEMENT_3D('',#7737,#5661,#5662);
#4548=AXIS2_PLACEMENT_3D('',#7739,#5663,#5664);
#4549=AXIS2_PLACEMENT_3D('',#7740,#5665,#5666);
#4550=AXIS2_PLACEMENT_3D('',#7741,#5667,#5668);
#4551=AXIS2_PLACEMENT_3D('',#7743,#5669,#5670);
#4552=AXIS2_PLACEMENT_3D('',#7744,#5671,#5672);
#4553=AXIS2_PLACEMENT_3D('',#7745,#5673,#5674);
#4554=AXIS2_PLACEMENT_3D('',#7747,#5675,#5676);
#4555=AXIS2_PLACEMENT_3D('',#7748,#5677,#5678);
#4556=AXIS2_PLACEMENT_3D('',#7749,#5679,#5680);
#4557=AXIS2_PLACEMENT_3D('',#7752,#5683,#5684);
#4558=AXIS2_PLACEMENT_3D('',#7754,#5686,#5687);
#4559=AXIS2_PLACEMENT_3D('',#7755,#5688,#5689);
#4560=AXIS2_PLACEMENT_3D('',#7757,#5691,#5692);
#4561=AXIS2_PLACEMENT_3D('',#7759,#5694,#5695);
#4562=AXIS2_PLACEMENT_3D('',#7760,#5696,#5697);
#4563=AXIS2_PLACEMENT_3D('',#7762,#5699,#5700);
#4564=AXIS2_PLACEMENT_3D('',#7763,#5701,#5702);
#4565=AXIS2_PLACEMENT_3D('',#7765,#5704,#5705);
#4566=DIRECTION('axis',(0.,0.,1.));
#4567=DIRECTION('refdir',(1.,0.,0.));
#4568=DIRECTION('center_axis',(2.22044604925031E-16,1.,2.68010146152787E-23));
#4569=DIRECTION('ref_axis',(-0.707106738512285,0.,-0.707106823860808));
#4570=DIRECTION('center_axis',(0.,-1.,0.));
#4571=DIRECTION('ref_axis',(-1.,0.,0.));
#4572=DIRECTION('',(-2.22044604925031E-16,-1.,-2.68010146152787E-23));
#4573=DIRECTION('center_axis',(-2.67499815267423E-13,-0.999999999997549,
2.21388633604407E-6));
#4574=DIRECTION('ref_axis',(-0.707106738511418,-1.56545394631996E-6,-0.707106823859941));
#4575=DIRECTION('',(2.22044604925031E-16,1.,2.68010146152787E-23));
#4576=DIRECTION('center_axis',(1.2070103943452E-7,0.,-0.999999999999993));
#4577=DIRECTION('ref_axis',(-0.999999999999993,0.,-1.20701039385551E-7));
#4578=DIRECTION('center_axis',(-0.999999999999993,0.,-1.20701040273729E-7));
#4579=DIRECTION('ref_axis',(0.,1.,0.));
#4580=DIRECTION('center_axis',(-1.2070103943452E-7,0.,0.999999999999993));
#4581=DIRECTION('ref_axis',(-0.707106788730357,0.707106773642733,-8.534852439096E-8));
#4582=DIRECTION('center_axis',(1.2070103943452E-7,0.,-0.999999999999993));
#4583=DIRECTION('ref_axis',(-0.707106788730357,0.707106773642733,-8.53485243678981E-8));
#4584=DIRECTION('center_axis',(0.999999999999993,0.,1.2070103943452E-7));
#4585=DIRECTION('ref_axis',(8.53485240738256E-8,0.707106781186539,-0.707106781186551));
#4586=DIRECTION('center_axis',(-0.999999999999993,0.,-1.20701040273729E-7));
#4587=DIRECTION('ref_axis',(0.,1.,0.));
#4588=DIRECTION('',(-0.999999999999993,0.,-1.2070103943452E-7));
#4589=DIRECTION('',(0.999999999999993,0.,1.2070103943452E-7));
#4590=DIRECTION('center_axis',(8.88178526900803E-15,1.,1.07204072145716E-21));
#4591=DIRECTION('ref_axis',(0.999999999999993,-8.8817852690081E-15,1.20701037078442E-7));
#4592=DIRECTION('center_axis',(-1.2070103943452E-7,0.,0.999999999999993));
#4593=DIRECTION('ref_axis',(0.707106751011283,0.707106811361806,8.53485198382285E-8));
#4594=DIRECTION('center_axis',(1.2070103943452E-7,0.,-0.999999999999993));
#4595=DIRECTION('ref_axis',(0.707106751011283,0.707106811361806,8.53485198827203E-8));
#4596=DIRECTION('center_axis',(2.22044604925031E-16,1.,2.68010146152787E-23));
#4597=DIRECTION('ref_axis',(0.707106866535066,0.,-0.707106695838018));
#4598=DIRECTION('center_axis',(0.,1.,0.));
#4599=DIRECTION('ref_axis',(0.999999999999993,0.,1.2070104027373E-7));
#4600=DIRECTION('',(2.22044604925031E-16,1.,2.68010146152787E-23));
#4601=DIRECTION('',(-2.22044604925031E-16,-1.,-2.68010146152787E-23));
#4602=DIRECTION('center_axis',(0.999999999999993,0.,1.20701040273729E-7));
#4603=DIRECTION('ref_axis',(0.,-1.,0.));
#4604=DIRECTION('center_axis',(-1.2070103943452E-7,0.,0.999999999999993));
#4605=DIRECTION('ref_axis',(0.707106751011282,-0.707106811361807,8.53485198382284E-8));
#4606=DIRECTION('center_axis',(1.2070103943452E-7,0.,-0.999999999999993));
#4607=DIRECTION('ref_axis',(0.707106751011282,-0.707106811361807,8.53485198827204E-8));
#4608=DIRECTION('center_axis',(-0.999999999999993,0.,-1.2070103943452E-7));
#4609=DIRECTION('ref_axis',(8.5348524073824E-8,-0.707106781186551,-0.707106781186539));
#4610=DIRECTION('',(0.999999999999993,0.,1.2070103943452E-7));
#4611=DIRECTION('',(-0.999999999999993,0.,-1.2070103943452E-7));
#4612=DIRECTION('center_axis',(0.,-1.,0.));
#4613=DIRECTION('ref_axis',(1.,0.,0.));
#4614=DIRECTION('',(0.,0.,-1.));
#4615=DIRECTION('center_axis',(0.,1.,0.));
#4616=DIRECTION('ref_axis',(0.707106781186548,0.,0.707106781186548));
#4617=DIRECTION('',(1.,0.,2.96059477938454E-16));
#4618=DIRECTION('center_axis',(0.,1.,0.));
#4619=DIRECTION('ref_axis',(-0.411437541767001,0.,0.91143795687075));
#4620=DIRECTION('',(6.34995752603521E-9,0.,1.));
#4621=DIRECTION('',(-0.999999999999993,0.,-1.2070103943452E-7));
#4622=DIRECTION('center_axis',(0.,-1.,0.));
#4623=DIRECTION('ref_axis',(0.707106866482385,0.,-0.7071066958907));
#4624=DIRECTION('',(-7.90974575078202E-8,0.,0.999999999999997));
#4625=DIRECTION('center_axis',(0.,1.,0.));
#4626=DIRECTION('ref_axis',(-0.707106866483251,0.,0.707106695889834));
#4627=DIRECTION('',(0.999999999999993,0.,1.20627568507929E-7));
#4628=DIRECTION('center_axis',(0.,-1.,0.));
#4629=DIRECTION('ref_axis',(0.999999999999993,0.,1.20627570154852E-7));
#4630=DIRECTION('',(-5.97897237462286E-13,8.66517735452588E-15,-1.));
#4631=DIRECTION('center_axis',(0.,-1.,0.));
#4632=DIRECTION('ref_axis',(-0.707106738537394,0.,-0.707106823835698));
#4633=DIRECTION('center_axis',(0.,0.,-1.));
#4634=DIRECTION('ref_axis',(0.707106781186549,-0.707106781186546,0.));
#4635=DIRECTION('',(1.2070104027373E-7,-2.6801014801621E-23,-0.999999999999993));
#4636=DIRECTION('center_axis',(0.,0.,-1.));
#4637=DIRECTION('ref_axis',(1.,0.,0.));
#4638=DIRECTION('center_axis',(0.999999999999993,-2.22044604925033E-16,
1.2070104027373E-7));
#4639=DIRECTION('ref_axis',(-2.22044604925031E-16,-1.,-2.67821311874126E-23));
#4640=DIRECTION('',(-1.2070104027373E-7,2.6801014801621E-23,0.999999999999993));
#4641=DIRECTION('',(-2.22044604925031E-16,-1.,-6.57384098131551E-32));
#4642=DIRECTION('',(1.2070104027373E-7,0.,-0.999999999999993));
#4643=DIRECTION('',(2.22044604925031E-16,1.,0.));
#4644=DIRECTION('',(1.2070104027373E-7,-2.68010148016206E-23,-0.999999999999993));
#4645=DIRECTION('',(-2.22044604925031E-16,-1.,-8.83137458912674E-38));
#4646=DIRECTION('',(2.22044604924499E-16,0.999999999997603,-2.18926347174969E-6));
#4647=DIRECTION('',(1.85037013262106E-16,1.,0.));
#4648=DIRECTION('',(2.22044604924499E-16,0.999999999997603,-2.18926347174969E-6));
#4649=DIRECTION('center_axis',(0.999999999999998,-2.22044604925032E-16,
6.0350520136865E-8));
#4650=DIRECTION('ref_axis',(-6.0350520136865E-8,0.,0.999999999999998));
#4651=DIRECTION('center_axis',(1.,-2.22044604925031E-16,0.));
#4652=DIRECTION('ref_axis',(-4.86114142910736E-22,-2.18926347287232E-6,
-0.999999999997604));
#4653=DIRECTION('center_axis',(0.999999999999998,-2.22044604925032E-16,
6.0350520136865E-8));
#4654=DIRECTION('ref_axis',(-6.0350520136865E-8,0.,0.999999999999998));
#4655=DIRECTION('',(2.22044604924499E-16,0.999999999997603,-2.18926347174969E-6));
#4656=DIRECTION('',(-1.85037209317869E-16,-1.,0.));
#4657=DIRECTION('',(2.22044604924499E-16,0.999999999997603,-2.18926347174969E-6));
#4658=DIRECTION('',(-2.22044604925031E-16,-1.,-8.83137458912674E-38));
#4659=DIRECTION('',(-1.2070104027373E-7,2.68010148016206E-23,0.999999999999993));
#4660=DIRECTION('',(2.22044604925031E-16,1.,0.));
#4661=DIRECTION('',(-1.2070104027373E-7,0.,0.999999999999993));
#4662=DIRECTION('',(-2.22044604925031E-16,-1.,-6.57384098131551E-32));
#4663=DIRECTION('center_axis',(0.,0.,1.));
#4664=DIRECTION('ref_axis',(0.707106781186546,0.707106781186549,0.));
#4665=DIRECTION('',(0.,0.,1.));
#4666=DIRECTION('center_axis',(0.,0.,-1.));
#4667=DIRECTION('ref_axis',(0.,1.,0.));
#4668=DIRECTION('center_axis',(0.,1.,0.));
#4669=DIRECTION('ref_axis',(-1.,0.,0.));
#4670=DIRECTION('',(0.,0.,-1.));
#4671=DIRECTION('',(-1.,0.,0.));
#4672=DIRECTION('',(0.,0.,-1.));
#4673=DIRECTION('',(0.999999999999993,0.,1.2070103943452E-7));
#4674=DIRECTION('',(0.,0.,-1.));
#4675=DIRECTION('',(-1.,6.34413113456549E-16,0.));
#4676=DIRECTION('',(0.,0.,-1.));
#4677=DIRECTION('',(0.999999999999993,0.,1.2070103943452E-7));
#4678=DIRECTION('',(-6.34995752603521E-9,0.,-1.));
#4679=DIRECTION('center_axis',(0.,-1.,0.));
#4680=DIRECTION('ref_axis',(-0.411437022322152,0.,0.911438191356211));
#4681=DIRECTION('',(-1.,0.,-2.96059477938454E-16));
#4682=DIRECTION('center_axis',(0.,-1.,0.));
#4683=DIRECTION('ref_axis',(0.707106781186547,0.,0.707106781186547));
#4684=DIRECTION('center_axis',(0.,0.,1.));
#4685=DIRECTION('ref_axis',(-0.707106781186547,0.707106781186548,0.));
#4686=DIRECTION('',(0.,0.,1.));
#4687=DIRECTION('center_axis',(0.,0.,1.));
#4688=DIRECTION('ref_axis',(-0.707106781186547,0.707106781186548,0.));
#4689=DIRECTION('center_axis',(1.,-2.22044604925031E-16,0.));
#4690=DIRECTION('ref_axis',(0.,0.,-1.));
#4691=DIRECTION('',(4.91581516835831E-22,2.21388633604407E-6,0.999999999997549));
#4692=DIRECTION('',(0.,1.,0.));
#4693=DIRECTION('',(0.,0.,1.));
#4694=DIRECTION('',(4.44089209850063E-16,1.,0.));
#4695=DIRECTION('center_axis',(-0.999999999999993,0.,-1.2070103943452E-7));
#4696=DIRECTION('ref_axis',(8.5348524073824E-8,-0.707106781186551,-0.707106781186539));
#4697=DIRECTION('center_axis',(0.999999999999993,4.44089317054112E-15,1.20701040273729E-7));
#4698=DIRECTION('ref_axis',(4.44089209850056E-15,-1.,8.88178419700113E-15));
#4699=DIRECTION('',(0.999999999999993,0.,1.2070103943452E-7));
#4700=DIRECTION('center_axis',(0.,-1.,0.));
#4701=DIRECTION('ref_axis',(-0.999999999999993,0.,-1.20701040273728E-7));
#4702=DIRECTION('center_axis',(-1.2070103943452E-7,0.,0.999999999999993));
#4703=DIRECTION('ref_axis',(-0.707106812949287,-0.707106749423801,-8.534852731421E-8));
#4704=DIRECTION('center_axis',(1.2070103943452E-7,0.,-0.999999999999993));
#4705=DIRECTION('ref_axis',(-0.707106812949287,-0.707106749423801,-8.53485272559706E-8));
#4706=DIRECTION('center_axis',(0.,1.,0.));
#4707=DIRECTION('ref_axis',(-0.707106740757332,0.,-0.707106821615761));
#4708=DIRECTION('center_axis',(0.,-1.,0.));
#4709=DIRECTION('ref_axis',(-1.,0.,6.34996055737249E-9));
#4710=DIRECTION('',(0.,-1.,0.));
#4711=DIRECTION('',(0.,1.,0.));
#4712=DIRECTION('center_axis',(-0.999999999999993,0.,-1.20701040273729E-7));
#4713=DIRECTION('ref_axis',(0.,1.,0.));
#4714=DIRECTION('center_axis',(-1.2070103943452E-7,0.,0.999999999999993));
#4715=DIRECTION('ref_axis',(-0.707106812949292,0.707106749423797,-8.53485273142106E-8));
#4716=DIRECTION('center_axis',(1.2070103943452E-7,0.,-0.999999999999993));
#4717=DIRECTION('ref_axis',(-0.707106812949292,0.707106749423797,-8.53485272559711E-8));
#4718=DIRECTION('center_axis',(0.999999999999993,0.,1.2070103943452E-7));
#4719=DIRECTION('ref_axis',(8.53485240738256E-8,0.707106781186539,-0.707106781186551));
#4720=DIRECTION('center_axis',(-0.999999999999993,8.88178419700122E-15,
-1.20701040273729E-7));
#4721=DIRECTION('ref_axis',(8.88178419700128E-15,1.,0.));
#4722=DIRECTION('',(-0.999999999999993,0.,-1.2070103943452E-7));
#4723=DIRECTION('center_axis',(1.2070103943452E-7,0.,-0.999999999999993));
#4724=DIRECTION('ref_axis',(-0.999999999999993,0.,-1.20701039385551E-7));
#4725=DIRECTION('center_axis',(0.,1.,0.));
#4726=DIRECTION('ref_axis',(0.999999999999993,0.,1.20701040273726E-7));
#4727=DIRECTION('center_axis',(-1.2070103943452E-7,0.,0.999999999999993));
#4728=DIRECTION('ref_axis',(0.707106773642727,0.707106788730363,8.53485225698674E-8));
#4729=DIRECTION('center_axis',(1.2070103943452E-7,0.,-0.999999999999993));
#4730=DIRECTION('ref_axis',(0.707106773642727,0.707106788730363,8.53485225807658E-8));
#4731=DIRECTION('center_axis',(-2.22044604925031E-16,-1.,-2.68010146152787E-23));
#4732=DIRECTION('ref_axis',(0.707106823860809,0.,-0.707106738512284));
#4733=DIRECTION('center_axis',(2.67055726057574E-13,-0.999999999997549,
-2.21388633604407E-6));
#4734=DIRECTION('ref_axis',(0.707106823859943,1.56545413535588E-6,-0.707106738511417));
#4735=DIRECTION('',(2.22044604925031E-16,1.,2.68010146152787E-23));
#4736=DIRECTION('',(-2.22044604925031E-16,-1.,-2.68010146152787E-23));
#4737=DIRECTION('center_axis',(1.,-2.22044604925031E-16,0.));
#4738=DIRECTION('ref_axis',(0.,0.,1.));
#4739=DIRECTION('',(0.,0.,-1.));
#4740=DIRECTION('',(-2.22044604925031E-16,-1.,0.));
#4741=DIRECTION('',(0.,0.,-1.));
#4742=DIRECTION('',(-4.9158151683583E-22,-2.21388633604407E-6,0.999999999997549));
#4743=DIRECTION('center_axis',(0.,0.,-1.));
#4744=DIRECTION('ref_axis',(0.707106781186548,0.707106781186547,0.));
#4745=DIRECTION('center_axis',(0.,0.,1.));
#4746=DIRECTION('ref_axis',(0.707106781186548,0.707106781186547,0.));
#4747=DIRECTION('center_axis',(-6.34995752603521E-9,0.,-1.));
#4748=DIRECTION('ref_axis',(-0.707106781186546,0.707106781186549,4.49010017038517E-9));
#4749=DIRECTION('',(6.34995752603521E-9,0.,1.));
#4750=DIRECTION('center_axis',(6.34995167558827E-9,0.,1.));
#4751=DIRECTION('ref_axis',(0.,1.,0.));
#4752=DIRECTION('center_axis',(-1.,0.,6.34995752603521E-9));
#4753=DIRECTION('ref_axis',(-6.34995752603517E-9,-1.16541223346717E-7,-0.999999999999993));
#4754=DIRECTION('',(-6.34995752603521E-9,0.,-1.));
#4755=DIRECTION('',(0.,-1.,0.));
#4756=DIRECTION('',(6.34995752603521E-9,0.,1.));
#4757=DIRECTION('',(0.,-1.,0.));
#4758=DIRECTION('',(6.34995752603521E-9,-1.40997381015922E-24,1.));
#4759=DIRECTION('',(-1.39017300589109E-14,-0.999999999997603,-2.18926347174969E-6));
#4760=DIRECTION('',(-1.85037209317869E-16,-1.,0.));
#4761=DIRECTION('',(-1.39017300589109E-14,-0.999999999997603,-2.18926347174969E-6));
#4762=DIRECTION('center_axis',(1.,0.,-6.34995752603521E-9));
#4763=DIRECTION('ref_axis',(5.69193369639216E-9,0.443299600829542,0.896373506917941));
#4764=DIRECTION('center_axis',(-1.,0.,6.34995752603521E-9));
#4765=DIRECTION('ref_axis',(-6.34995752601999E-9,2.18926347101498E-6,-0.999999999997604));
#4766=DIRECTION('center_axis',(1.,0.,-6.34995752603521E-9));
#4767=DIRECTION('ref_axis',(5.69192137107481E-9,-0.443303525620848,0.8963715659101));
#4768=DIRECTION('',(-1.39017300589109E-14,-0.999999999997603,-2.18926347174969E-6));
#4769=DIRECTION('',(1.85037013262106E-16,1.,0.));
#4770=DIRECTION('',(-1.39017300589109E-14,-0.999999999997603,-2.18926347174969E-6));
#4771=DIRECTION('',(6.34995752603521E-9,-1.40997381015922E-24,1.));
#4772=DIRECTION('',(0.,-1.,0.));
#4773=DIRECTION('',(-6.34995752603521E-9,0.,-1.));
#4774=DIRECTION('',(0.,-1.,0.));
#4775=DIRECTION('center_axis',(-6.34995752603521E-9,0.,-1.));
#4776=DIRECTION('ref_axis',(-0.707106781186549,-0.707106781186546,4.49010017038519E-9));
#4777=DIRECTION('center_axis',(6.34996055737246E-9,-2.8199489665026E-23,
1.));
#4778=DIRECTION('ref_axis',(-1.,0.,6.34996055737246E-9));
#4779=DIRECTION('center_axis',(0.,1.,0.));
#4780=DIRECTION('ref_axis',(0.707106866482385,0.,-0.7071066958907));
#4781=DIRECTION('',(0.,-1.,0.));
#4782=DIRECTION('center_axis',(-2.57421216917268E-13,0.999999999997549,
2.21388633618614E-6));
#4783=DIRECTION('ref_axis',(0.707106866481518,1.56545403428438E-6,-0.707106695889834));
#4784=DIRECTION('',(0.,1.,0.));
#4785=DIRECTION('center_axis',(-2.57421216917268E-13,0.999999999997549,
2.21388633618614E-6));
#4786=DIRECTION('ref_axis',(-0.999999999999993,5.81707618257111E-16,-1.16538469170004E-7));
#4787=DIRECTION('',(-0.999999999999993,9.79716505030534E-15,-1.2070103943452E-7));
#4788=DIRECTION('center_axis',(-2.57421216917268E-13,0.999999999997549,
2.21388633618614E-6));
#4789=DIRECTION('ref_axis',(-0.707106695889979,1.56545404790608E-6,-0.707106866481373));
#4790=DIRECTION('',(1.206275691753E-7,2.21388633618616E-6,-0.999999999997542));
#4791=DIRECTION('center_axis',(2.57421216917268E-13,-0.999999999997549,
-2.21388633618614E-6));
#4792=DIRECTION('ref_axis',(0.707106695889101,-1.56545404790802E-6,0.70710686648225));
#4793=DIRECTION('center_axis',(2.57421216917268E-13,-0.999999999997549,
-2.21388633618614E-6));
#4794=DIRECTION('ref_axis',(-9.83163033734753E-22,-2.21388633618614E-6,
0.999999999997549));
#4795=DIRECTION('',(-0.999999999999993,9.63450995801212E-15,-1.20627569044629E-7));
#4796=DIRECTION('center_axis',(2.57421216917268E-13,-0.999999999997549,
-2.21388633618614E-6));
#4797=DIRECTION('ref_axis',(0.,-2.21388633618614E-6,0.999999999997549));
#4798=DIRECTION('center_axis',(-2.57421216917268E-13,0.999999999997549,
2.21388633618614E-6));
#4799=DIRECTION('ref_axis',(-0.707106695889109,1.56545404790801E-6,-0.707106866482243));
#4800=DIRECTION('',(7.90974575076264E-8,2.21388633618615E-6,-0.999999999997546));
#4801=DIRECTION('center_axis',(-1.2070103943452E-7,0.,0.999999999999993));
#4802=DIRECTION('ref_axis',(0.999999999999993,0.,1.2070103943452E-7));
#4803=DIRECTION('',(0.999999999999993,-1.62655892827798E-16,1.2070103943452E-7));
#4804=DIRECTION('',(0.,1.,0.));
#4805=DIRECTION('center_axis',(1.2070103943452E-7,0.,-0.999999999999993));
#4806=DIRECTION('ref_axis',(-0.707106781186545,0.707106781186545,-8.5348523480414E-8));
#4807=DIRECTION('center_axis',(1.2070103943452E-7,0.,-0.999999999999993));
#4808=DIRECTION('ref_axis',(0.707106781186545,0.707106781186545,8.5348523480414E-8));
#4809=DIRECTION('',(0.,-1.,0.));
#4810=DIRECTION('',(0.999999999999993,-2.81433317022292E-16,1.2070103943452E-7));
#4811=DIRECTION('center_axis',(2.22044604924487E-16,0.999999999997549,2.21388633610775E-6));
#4812=DIRECTION('ref_axis',(-0.707106738538261,1.56545413571783E-6,-0.707106823833099));
#4813=DIRECTION('',(2.22044604924487E-16,0.999999999997549,2.21388633610775E-6));
#4814=DIRECTION('center_axis',(-2.67499815267423E-13,-0.999999999997549,
2.21388633604407E-6));
#4815=DIRECTION('ref_axis',(0.999999999999993,-4.44089209850059E-16,1.20627568683027E-7));
#4816=DIRECTION('',(0.,-2.21388633604407E-6,-0.999999999997549));
#4817=DIRECTION('center_axis',(2.67499815267423E-13,0.999999999997549,-2.21388633604407E-6));
#4818=DIRECTION('ref_axis',(9.83163033671661E-22,2.21388633604407E-6,0.999999999997549));
#4819=DIRECTION('center_axis',(-1.,0.,0.));
#4820=DIRECTION('ref_axis',(0.,0.,1.));
#4821=DIRECTION('',(0.,0.,-1.));
#4822=DIRECTION('',(2.22044604925031E-16,1.,0.));
#4823=DIRECTION('',(0.,0.,-1.));
#4824=DIRECTION('',(4.44089209850063E-16,1.,0.));
#4825=DIRECTION('center_axis',(-2.67055726057574E-13,0.999999999997549,
2.21388633604407E-6));
#4826=DIRECTION('ref_axis',(-0.999999999999993,-1.65112845378346E-21,-1.20627567937222E-7));
#4827=DIRECTION('',(4.9158151683583E-22,2.21388633604407E-6,-0.999999999997549));
#4828=DIRECTION('center_axis',(2.67055726057574E-13,-0.999999999997549,
-2.21388633604407E-6));
#4829=DIRECTION('ref_axis',(0.,-2.21388633604407E-6,0.999999999997549));
#4830=DIRECTION('center_axis',(0.,0.,-1.));
#4831=DIRECTION('ref_axis',(0.707106781186547,0.707106781186548,0.));
#4832=DIRECTION('center_axis',(0.,0.,1.));
#4833=DIRECTION('ref_axis',(0.707106781186547,0.707106781186548,0.));
#4834=DIRECTION('center_axis',(0.,0.,1.));
#4835=DIRECTION('ref_axis',(-0.707106781186547,0.707106781186548,0.));
#4836=DIRECTION('',(0.,0.,1.));
#4837=DIRECTION('center_axis',(0.,0.,1.));
#4838=DIRECTION('ref_axis',(-0.707106781186547,0.707106781186548,0.));
#4839=DIRECTION('center_axis',(1.,0.,0.));
#4840=DIRECTION('ref_axis',(0.,0.,-1.));
#4841=DIRECTION('',(0.,0.,-1.));
#4842=DIRECTION('',(-2.22044604925031E-16,-1.,0.));
#4843=DIRECTION('center_axis',(2.22044604925031E-16,1.,0.));
#4844=DIRECTION('ref_axis',(0.,0.,-1.));
#4845=DIRECTION('center_axis',(-2.22044604925031E-16,-1.,0.));
#4846=DIRECTION('ref_axis',(0.707106781186549,-3.92523114670944E-16,0.707106781186546));
#4847=DIRECTION('center_axis',(-2.22044604925031E-16,-1.,0.));
#4848=DIRECTION('ref_axis',(0.707106781186548,0.,0.707106781186548));
#4849=DIRECTION('',(1.,-2.22044604925031E-16,3.97729753087605E-22));
#4850=DIRECTION('center_axis',(-2.22044604925031E-16,-1.,0.));
#4851=DIRECTION('ref_axis',(-0.524886064100797,0.,0.851172497037336));
#4852=DIRECTION('center_axis',(-2.22044604925031E-16,-1.,0.));
#4853=DIRECTION('ref_axis',(1.,-4.44089209850063E-16,0.));
#4854=DIRECTION('center_axis',(2.22044604925031E-16,1.,0.));
#4855=DIRECTION('ref_axis',(0.707106695889968,0.,0.707106866483117));
#4856=DIRECTION('',(0.999999999999993,-2.2204460492503E-16,1.20627569044629E-7));
#4857=DIRECTION('center_axis',(-2.22044604925031E-16,-1.,0.));
#4858=DIRECTION('ref_axis',(1.,-4.44089209850063E-16,0.));
#4859=DIRECTION('center_axis',(-2.22044604925031E-16,-1.,0.));
#4860=DIRECTION('ref_axis',(0.59203600082297,0.,0.805911517307914));
#4861=DIRECTION('',(-1.,2.22044604925031E-16,0.));
#4862=DIRECTION('center_axis',(-2.22044604925031E-16,-1.,0.));
#4863=DIRECTION('ref_axis',(-0.591812890537074,0.,0.806075370293717));
#4864=DIRECTION('center_axis',(0.,-1.,0.));
#4865=DIRECTION('ref_axis',(1.,0.,0.));
#4866=DIRECTION('',(-0.999999999999993,2.2204460492503E-16,-1.20627569044629E-7));
#4867=DIRECTION('center_axis',(2.22044604925031E-16,1.,0.));
#4868=DIRECTION('ref_axis',(-0.707106866483251,1.57009269651057E-16,0.707106695889834));
#4869=DIRECTION('center_axis',(0.,-1.,0.));
#4870=DIRECTION('ref_axis',(1.,0.,0.));
#4871=DIRECTION('',(1.,0.,0.));
#4872=DIRECTION('center_axis',(-2.22044604925031E-16,-1.,0.));
#4873=DIRECTION('ref_axis',(0.707106783430748,-1.57009203476421E-16,0.707106778942347));
#4874=DIRECTION('center_axis',(-2.22044604925031E-16,-1.,0.));
#4875=DIRECTION('ref_axis',(-0.707106778941499,0.,0.707106783431596));
#4876=DIRECTION('',(1.,-2.22044604925031E-16,0.));
#4877=DIRECTION('center_axis',(-2.22044604925031E-16,-1.,0.));
#4878=DIRECTION('ref_axis',(0.707106781186549,0.,0.707106781186546));
#4879=DIRECTION('',(0.,0.,1.));
#4880=DIRECTION('',(-1.,2.22044604925031E-16,0.));
#4881=DIRECTION('',(0.,0.,-1.));
#4882=DIRECTION('center_axis',(-2.22044604925031E-16,-1.,0.));
#4883=DIRECTION('ref_axis',(-0.707106781186548,0.,0.707106781186547));
#4884=DIRECTION('',(-1.,2.22044604925031E-16,0.));
#4885=DIRECTION('center_axis',(-2.22044604925031E-16,-1.,0.));
#4886=DIRECTION('ref_axis',(0.707106781186543,0.,0.707106781186552));
#4887=DIRECTION('',(0.,0.,1.));
#4888=DIRECTION('',(-1.,2.22044604925031E-16,0.));
#4889=DIRECTION('',(0.,0.,-1.));
#4890=DIRECTION('center_axis',(-2.22044604925031E-16,-1.,0.));
#4891=DIRECTION('ref_axis',(-0.707106781186548,0.,0.707106781186548));
#4892=DIRECTION('',(-1.,2.22044604925031E-16,0.));
#4893=DIRECTION('center_axis',(0.,-1.,0.));
#4894=DIRECTION('ref_axis',(1.,0.,0.));
#4895=DIRECTION('center_axis',(0.,-1.,0.));
#4896=DIRECTION('ref_axis',(0.707106781186549,-3.92523114670944E-16,0.707106781186546));
#4897=DIRECTION('',(1.,-2.22044604925031E-16,0.));
#4898=DIRECTION('',(0.,0.,1.));
#4899=DIRECTION('',(1.,-2.22044604925031E-16,0.));
#4900=DIRECTION('',(0.,0.,1.));
#4901=DIRECTION('',(-0.999999999999993,0.,-1.20627568507929E-7));
#4902=DIRECTION('',(0.,0.,-1.));
#4903=DIRECTION('',(1.,-2.22044604925031E-16,0.));
#4904=DIRECTION('',(0.,0.,1.));
#4905=DIRECTION('',(-1.,2.22044604925031E-16,0.));
#4906=DIRECTION('',(-1.,2.22044604925031E-16,0.));
#4907=DIRECTION('',(0.,0.,1.));
#4908=DIRECTION('',(-1.,2.22044604925031E-16,0.));
#4909=DIRECTION('',(0.,0.,-1.));
#4910=DIRECTION('',(-0.999999999999993,0.,-1.20627568507929E-7));
#4911=DIRECTION('',(0.,0.,1.));
#4912=DIRECTION('',(-1.,2.22044604925031E-16,0.));
#4913=DIRECTION('',(0.,0.,1.));
#4914=DIRECTION('',(1.,-2.22044604925031E-16,0.));
#4915=DIRECTION('',(1.,0.,0.));
#4916=DIRECTION('center_axis',(0.,-1.,0.));
#4917=DIRECTION('ref_axis',(-0.707106778941499,0.,0.707106783431596));
#4918=DIRECTION('center_axis',(0.,-1.,0.));
#4919=DIRECTION('ref_axis',(-0.707106778941498,0.,0.707106783431597));
#4920=DIRECTION('',(-1.,0.,-2.96059477938454E-16));
#4921=DIRECTION('center_axis',(0.,-1.,0.));
#4922=DIRECTION('ref_axis',(0.707106781186548,-1.57006594544619E-16,0.707106781186547));
#4923=DIRECTION('center_axis',(-2.22044604925031E-16,-1.,-6.57384098131551E-32));
#4924=DIRECTION('ref_axis',(0.707106781186548,-1.57006594544619E-16,0.707106781186547));
#4925=DIRECTION('',(-2.22044604925031E-16,-1.,-6.57384098131551E-32));
#4926=DIRECTION('center_axis',(0.,-1.,0.));
#4927=DIRECTION('ref_axis',(0.707106781186548,0.,0.707106781186548));
#4928=DIRECTION('center_axis',(-2.22044604925031E-16,-1.,-8.83137458912674E-38));
#4929=DIRECTION('ref_axis',(0.707106781186548,0.,0.707106781186548));
#4930=DIRECTION('center_axis',(0.,-1.,0.));
#4931=DIRECTION('ref_axis',(1.,0.,0.));
#4932=DIRECTION('',(-2.22044604925031E-16,-1.,-8.83137458912674E-38));
#4933=DIRECTION('center_axis',(-1.,2.22044604925031E-16,0.));
#4934=DIRECTION('ref_axis',(0.,0.,1.));
#4935=DIRECTION('center_axis',(0.,0.606965709333296,-0.794728021208217));
#4936=DIRECTION('ref_axis',(2.22044604925032E-15,0.794728021208217,0.606965709333296));
#4937=DIRECTION('center_axis',(1.,-2.22044604925031E-16,0.));
#4938=DIRECTION('ref_axis',(1.04083408558608E-16,0.443303524990036,0.896371566222071));
#4939=DIRECTION('center_axis',(0.,0.999999999997604,-2.18926347272942E-6));
#4940=DIRECTION('ref_axis',(0.,2.18926347272942E-6,0.999999999997604));
#4941=DIRECTION('center_axis',(-1.,2.22044604925031E-16,0.));
#4942=DIRECTION('ref_axis',(0.,0.,1.));
#4943=DIRECTION('center_axis',(0.,0.999999999997604,-2.18926347272941E-6));
#4944=DIRECTION('ref_axis',(0.,2.18926347272941E-6,0.999999999997604));
#4945=DIRECTION('center_axis',(1.,-2.22044604925031E-16,0.));
#4946=DIRECTION('ref_axis',(-1.04083408558608E-16,-0.443299600198733,0.896373507229907));
#4947=DIRECTION('center_axis',(0.,0.606969189065533,0.794725363584886));
#4948=DIRECTION('ref_axis',(0.,-0.794725363584886,0.606969189065533));
#4949=DIRECTION('center_axis',(-2.22044604925031E-16,-1.,-8.83137458912674E-38));
#4950=DIRECTION('ref_axis',(0.707106781186548,0.,0.707106781186548));
#4951=DIRECTION('center_axis',(2.22044604925031E-16,1.,0.));
#4952=DIRECTION('ref_axis',(0.707106781186548,0.,0.707106781186548));
#4953=DIRECTION('',(-2.22044604925031E-16,-1.,-8.83137458912674E-38));
#4954=DIRECTION('center_axis',(-4.44089209848999E-15,-0.999999999997604,
2.18926346384763E-6));
#4955=DIRECTION('ref_axis',(1.,-4.44089209850063E-15,0.));
#4956=DIRECTION('center_axis',(-2.22044604925031E-16,-1.,0.));
#4957=DIRECTION('ref_axis',(0.,0.,1.));
#4958=DIRECTION('center_axis',(2.22044604925031E-16,1.,0.));
#4959=DIRECTION('ref_axis',(0.707106781186549,-3.92523114670944E-16,0.707106781186546));
#4960=DIRECTION('',(1.,-2.22044604925031E-16,0.));
#4961=DIRECTION('center_axis',(2.22044604925031E-16,1.,0.));
#4962=DIRECTION('ref_axis',(-0.707106781186549,0.,0.707106781186546));
#4963=DIRECTION('',(0.,0.,1.));
#4964=DIRECTION('',(1.,-2.22044604925031E-16,0.));
#4965=DIRECTION('',(0.,0.,-1.));
#4966=DIRECTION('center_axis',(2.22044604925031E-16,1.,0.));
#4967=DIRECTION('ref_axis',(0.707106781186549,0.,0.707106781186546));
#4968=DIRECTION('',(1.,-2.22044604925031E-16,0.));
#4969=DIRECTION('center_axis',(2.22044604925031E-16,1.,0.));
#4970=DIRECTION('ref_axis',(-0.707106781186548,0.,0.707106781186547));
#4971=DIRECTION('',(0.,0.,1.));
#4972=DIRECTION('',(1.,-2.22044604925031E-16,0.));
#4973=DIRECTION('',(0.,0.,1.));
#4974=DIRECTION('center_axis',(2.22044604925031E-16,1.,0.));
#4975=DIRECTION('ref_axis',(0.707106781186549,0.,0.707106781186546));
#4976=DIRECTION('',(1.,-2.22044604925031E-16,0.));
#4977=DIRECTION('center_axis',(2.22044604925031E-16,1.,0.));
#4978=DIRECTION('ref_axis',(-0.707106778941499,0.,0.707106783431596));
#4979=DIRECTION('center_axis',(2.22044604925031E-16,1.,0.));
#4980=DIRECTION('ref_axis',(0.707106783430748,-1.57009203476421E-16,0.707106778942347));
#4981=DIRECTION('',(1.,0.,0.));
#4982=DIRECTION('center_axis',(0.,-1.,0.));
#4983=DIRECTION('ref_axis',(1.,0.,0.));
#4984=DIRECTION('',(1.,-2.22044604925031E-16,0.));
#4985=DIRECTION('center_axis',(0.,-1.,0.));
#4986=DIRECTION('ref_axis',(1.,0.,0.));
#4987=DIRECTION('center_axis',(2.22044604925031E-16,1.,0.));
#4988=DIRECTION('ref_axis',(-0.591812890537074,0.,0.806075370293717));
#4989=DIRECTION('',(-1.,2.22044604925031E-16,0.));
#4990=DIRECTION('center_axis',(2.22044604925031E-16,1.,0.));
#4991=DIRECTION('ref_axis',(0.59203600082297,0.,0.805911517307914));
#4992=DIRECTION('center_axis',(2.22044604925031E-16,1.,0.));
#4993=DIRECTION('ref_axis',(1.,-4.44089209850063E-16,0.));
#4994=DIRECTION('',(-1.,2.22044604925031E-16,0.));
#4995=DIRECTION('center_axis',(2.22044604925031E-16,1.,0.));
#4996=DIRECTION('ref_axis',(1.,-4.44089209850063E-16,0.));
#4997=DIRECTION('center_axis',(2.22044604925031E-16,1.,0.));
#4998=DIRECTION('ref_axis',(-0.524878931760507,0.,0.851176895242082));
#4999=DIRECTION('',(-1.,2.22044604925031E-16,-3.97729753087605E-22));
#5000=DIRECTION('center_axis',(0.,1.,0.));
#5001=DIRECTION('ref_axis',(-1.,0.,0.));
#5002=DIRECTION('center_axis',(0.,1.,0.));
#5003=DIRECTION('ref_axis',(0.707106781186549,-3.92523114670944E-16,0.707106781186546));
#5004=DIRECTION('center_axis',(0.,-1.,0.));
#5005=DIRECTION('ref_axis',(0.707106781186548,-1.57006594544619E-16,0.707106781186547));
#5006=DIRECTION('',(1.,0.,2.96059477938454E-16));
#5007=DIRECTION('center_axis',(0.,1.,0.));
#5008=DIRECTION('ref_axis',(-0.7071067789415,0.,0.707106783431595));
#5009=DIRECTION('center_axis',(0.,1.,0.));
#5010=DIRECTION('ref_axis',(-0.707106778941499,0.,0.707106783431596));
#5011=DIRECTION('',(1.,-2.22044604925031E-16,0.));
#5012=DIRECTION('',(0.,0.,1.));
#5013=DIRECTION('',(1.,-2.22044604925031E-16,0.));
#5014=DIRECTION('',(0.,0.,-1.));
#5015=DIRECTION('',(1.,-6.34413113456549E-16,0.));
#5016=DIRECTION('',(0.,0.,1.));
#5017=DIRECTION('',(1.,-2.22044604925031E-16,0.));
#5018=DIRECTION('',(0.,0.,1.));
#5019=DIRECTION('',(-1.,2.22044604925031E-16,0.));
#5020=DIRECTION('',(-1.,2.22044604925031E-16,0.));
#5021=DIRECTION('',(0.,0.,1.));
#5022=DIRECTION('',(-1.,2.22044604925031E-16,0.));
#5023=DIRECTION('',(0.,0.,1.));
#5024=DIRECTION('',(1.,0.,0.));
#5025=DIRECTION('',(0.,0.,-1.));
#5026=DIRECTION('',(-1.,2.22044604925031E-16,0.));
#5027=DIRECTION('',(0.,0.,1.));
#5028=DIRECTION('',(1.,-2.22044604925031E-16,0.));
#5029=DIRECTION('',(-1.,0.,0.));
#5030=DIRECTION('center_axis',(-2.22044604925031E-16,-1.,-6.57384098131551E-32));
#5031=DIRECTION('ref_axis',(0.707106781186547,-1.57006949281933E-16,0.707106781186547));
#5032=DIRECTION('center_axis',(0.,1.,0.));
#5033=DIRECTION('ref_axis',(0.707106781186547,0.,0.707106781186547));
#5034=DIRECTION('',(-2.22044604925031E-16,-1.,-6.57384098131551E-32));
#5035=DIRECTION('center_axis',(9.72228285322925E-22,2.18926347174969E-6,
0.999999999997604));
#5036=DIRECTION('ref_axis',(-2.54224982005012E-16,-0.999999999997603,2.18926347174969E-6));
#5037=DIRECTION('',(-1.,2.22044604925031E-16,4.86114142662628E-22));
#5038=DIRECTION('',(1.,-2.22044604925031E-16,3.97729753087605E-22));
#5039=DIRECTION('',(-2.22044604924499E-16,-0.999999999997603,2.18926347174969E-6));
#5040=DIRECTION('center_axis',(0.,-1.,0.));
#5041=DIRECTION('ref_axis',(0.,0.,1.));
#5042=DIRECTION('center_axis',(-4.44089209850063E-16,-1.,0.));
#5043=DIRECTION('ref_axis',(-0.524886064100797,0.,0.851172497037336));
#5044=DIRECTION('',(-4.44089209850063E-16,-1.,0.));
#5045=DIRECTION('',(4.44089209850063E-16,1.,1.76627491782535E-37));
#5046=DIRECTION('',(1.10171806764893E-6,-0.999999999996997,-2.18926347174836E-6));
#5047=DIRECTION('center_axis',(2.22044604924499E-16,0.999999999997604,-2.18926347174969E-6));
#5048=DIRECTION('ref_axis',(0.70710678118655,1.54804304737098E-6,0.707106781184851));
#5049=DIRECTION('center_axis',(-2.22044604925031E-16,-1.,0.));
#5050=DIRECTION('ref_axis',(0.707106781185698,-1.57009203476421E-16,-0.707106781187397));
#5051=DIRECTION('center_axis',(3.97729753087605E-22,0.,-1.));
#5052=DIRECTION('ref_axis',(1.,-2.22044604925031E-16,3.97729753087605E-22));
#5053=DIRECTION('center_axis',(1.39017300589109E-14,0.999999999997604,2.18926347174969E-6));
#5054=DIRECTION('ref_axis',(-0.7071067789415,-1.54804304167093E-6,0.707106783429901));
#5055=DIRECTION('center_axis',(-2.22044604925031E-16,-1.,0.));
#5056=DIRECTION('ref_axis',(0.707106783430748,-1.57009203476421E-16,0.707106778942347));
#5057=DIRECTION('',(1.39017300589109E-14,0.999999999997603,2.18926347174969E-6));
#5058=DIRECTION('center_axis',(0.,2.18926347174969E-6,-0.999999999997604));
#5059=DIRECTION('ref_axis',(1.89864227843986E-16,0.999999999997603,2.18926347174969E-6));
#5060=DIRECTION('',(-1.,2.22044604925031E-16,4.86114142662628E-22));
#5061=DIRECTION('center_axis',(0.,-1.,0.));
#5062=DIRECTION('ref_axis',(0.,0.,-1.));
#5063=DIRECTION('center_axis',(-1.,0.,-2.22044604925032E-15));
#5064=DIRECTION('ref_axis',(0.,-1.,0.));
#5065=DIRECTION('center_axis',(0.,-1.,0.));
#5066=DIRECTION('ref_axis',(-0.411437541767001,0.,0.91143795687075));
#5067=DIRECTION('center_axis',(-1.,0.,-2.96059477938454E-16));
#5068=DIRECTION('ref_axis',(0.,-0.707106781186548,0.707106781186548));
#5069=DIRECTION('center_axis',(-1.,0.,-2.22044604925032E-15));
#5070=DIRECTION('ref_axis',(0.,-1.,0.));
#5071=DIRECTION('',(-1.,0.,-2.96059477938454E-16));
#5072=DIRECTION('center_axis',(0.,1.,0.));
#5073=DIRECTION('ref_axis',(0.,0.,1.));
#5074=DIRECTION('center_axis',(0.,1.,0.));
#5075=DIRECTION('ref_axis',(-0.707106778941498,0.,0.707106783431597));
#5076=DIRECTION('',(0.,1.,0.));
#5077=DIRECTION('center_axis',(-2.96059477938454E-16,0.,1.));
#5078=DIRECTION('ref_axis',(1.,-5.92118955876909E-16,2.96059477938454E-16));
#5079=DIRECTION('center_axis',(2.22044604925031E-16,1.,0.));
#5080=DIRECTION('ref_axis',(0.707106781186549,-3.92523114670944E-16,0.707106781186546));
#5081=DIRECTION('',(-2.22044604925031E-16,-1.,0.));
#5082=DIRECTION('center_axis',(0.,1.,0.));
#5083=DIRECTION('ref_axis',(-0.707106778941499,0.,0.707106783431596));
#5084=DIRECTION('',(0.,1.,0.));
#5085=DIRECTION('center_axis',(0.,0.,1.));
#5086=DIRECTION('ref_axis',(-2.22044604925031E-16,-1.,0.));
#5087=DIRECTION('',(-2.22044604925031E-16,-1.,0.));
#5088=DIRECTION('',(1.,-2.22044604925031E-16,0.));
#5089=DIRECTION('',(-2.22044604925031E-16,-1.,0.));
#5090=DIRECTION('center_axis',(0.,0.,-1.));
#5091=DIRECTION('ref_axis',(2.22044604925031E-16,1.,0.));
#5092=DIRECTION('',(2.22044604925031E-16,1.,0.));
#5093=DIRECTION('',(1.,-2.22044604925031E-16,0.));
#5094=DIRECTION('',(2.22044604925031E-16,1.,0.));
#5095=DIRECTION('center_axis',(-2.22044604925031E-16,-1.,0.));
#5096=DIRECTION('ref_axis',(0.707106781186549,0.,0.707106781186546));
#5097=DIRECTION('center_axis',(2.22044604925031E-16,1.,0.));
#5098=DIRECTION('ref_axis',(0.707106781186549,0.,0.707106781186546));
#5099=DIRECTION('',(2.22044604925031E-16,1.,0.));
#5100=DIRECTION('center_axis',(1.,-2.22044604925031E-16,0.));
#5101=DIRECTION('ref_axis',(0.,0.,1.));
#5102=DIRECTION('',(0.,0.,1.));
#5103=DIRECTION('',(2.22044604925031E-16,1.,0.));
#5104=DIRECTION('center_axis',(-2.22044604925031E-16,-1.,0.));
#5105=DIRECTION('ref_axis',(0.,0.,-1.));
#5106=DIRECTION('',(0.,0.,1.));
#5107=DIRECTION('',(1.,-2.22044604925031E-16,0.));
#5108=DIRECTION('center_axis',(-2.22044604925031E-16,-1.,0.));
#5109=DIRECTION('ref_axis',(-0.707106781186548,0.,0.707106781186547));
#5110=DIRECTION('center_axis',(2.22044604925031E-16,1.,0.));
#5111=DIRECTION('ref_axis',(-0.707106781186548,0.,0.707106781186547));
#5112=DIRECTION('',(2.22044604925031E-16,1.,0.));
#5113=DIRECTION('',(-2.22044604925031E-16,-1.,0.));
#5114=DIRECTION('center_axis',(0.,0.,1.));
#5115=DIRECTION('ref_axis',(2.22044604925031E-16,1.,0.));
#5116=DIRECTION('',(1.,-2.22044604925031E-16,0.));
#5117=DIRECTION('',(2.22044604925031E-16,1.,0.));
#5118=DIRECTION('',(2.22044604925031E-16,1.,0.));
#5119=DIRECTION('',(1.,-2.22044604925031E-16,0.));
#5120=DIRECTION('',(-2.22044604925031E-16,-1.,0.));
#5121=DIRECTION('center_axis',(2.22044604925031E-16,1.,0.));
#5122=DIRECTION('ref_axis',(0.707106781186543,0.,0.707106781186552));
#5123=DIRECTION('center_axis',(2.22044604925031E-16,1.,0.));
#5124=DIRECTION('ref_axis',(0.707106781186543,0.,0.707106781186552));
#5125=DIRECTION('',(2.22044604925031E-16,1.,0.));
#5126=DIRECTION('center_axis',(2.22044604925031E-16,1.,0.));
#5127=DIRECTION('ref_axis',(0.,0.,1.));
#5128=DIRECTION('',(0.,0.,1.));
#5129=DIRECTION('',(-1.,2.22044604925031E-16,0.));
#5130=DIRECTION('',(0.,0.,1.));
#5131=DIRECTION('center_axis',(2.22044604925031E-16,1.,0.));
#5132=DIRECTION('ref_axis',(-0.707106781186548,0.,0.707106781186548));
#5133=DIRECTION('',(-2.22044604925031E-16,-1.,0.));
#5134=DIRECTION('center_axis',(2.22044604925031E-16,1.,0.));
#5135=DIRECTION('ref_axis',(-0.707106781186548,0.,0.707106781186548));
#5136=DIRECTION('center_axis',(2.22044604925031E-16,1.,0.));
#5137=DIRECTION('ref_axis',(0.,0.,1.));
#5138=DIRECTION('',(0.,0.,1.));
#5139=DIRECTION('',(-1.,2.22044604925031E-16,0.));
#5140=DIRECTION('',(0.,0.,1.));
#5141=DIRECTION('center_axis',(1.,-2.22044604925031E-16,0.));
#5142=DIRECTION('ref_axis',(0.,0.,-1.));
#5143=DIRECTION('',(2.22044604925031E-16,1.,0.));
#5144=DIRECTION('center_axis',(-1.20627569044629E-7,0.,0.999999999999993));
#5145=DIRECTION('ref_axis',(0.999999999999993,0.,1.20627569044629E-7));
#5146=DIRECTION('',(-1.67635645372929E-7,0.999999999999986,-2.02214803865641E-14));
#5147=DIRECTION('',(-2.22044604925031E-16,-1.,-2.67847009115818E-23));
#5148=DIRECTION('',(0.999999999999993,-2.2204460492503E-16,1.20627569044629E-7));
#5149=DIRECTION('',(1.67635645372929E-7,-0.999999999999986,2.02214803865641E-14));
#5150=DIRECTION('',(0.,-1.,0.));
#5151=DIRECTION('',(0.,-1.,0.));
#5152=DIRECTION('',(2.22044604925025E-16,1.,2.6784700911581E-23));
#5153=DIRECTION('',(0.999999999999993,-2.2204460492503E-16,1.20627569044629E-7));
#5154=DIRECTION('',(2.22044604925031E-16,1.,2.67847009115818E-23));
#5155=DIRECTION('',(0.,1.,0.));
#5156=DIRECTION('center_axis',(1.67635645372929E-7,-0.999999999999986,2.02214803865641E-14));
#5157=DIRECTION('ref_axis',(-0.707106866483236,-1.18536303176316E-7,0.707106695889839));
#5158=DIRECTION('',(-5.29395592033945E-22,-1.,6.96192704988284E-15));
#5159=DIRECTION('',(0.,1.,0.));
#5160=DIRECTION('',(2.22044604925031E-16,1.,2.67847009115818E-23));
#5161=DIRECTION('center_axis',(0.,0.,-1.));
#5162=DIRECTION('ref_axis',(2.22044604925031E-16,1.,0.));
#5163=DIRECTION('',(-2.22044604925031E-16,-1.,0.));
#5164=DIRECTION('',(-2.22044604925031E-16,-1.,0.));
#5165=DIRECTION('',(-2.22044604925031E-16,-1.,0.));
#5166=DIRECTION('',(-1.,2.22044604925031E-16,0.));
#5167=DIRECTION('',(2.22044604925031E-16,1.,0.));
#5168=DIRECTION('',(2.22044604925031E-16,1.,0.));
#5169=DIRECTION('center_axis',(-1.,2.22044604925031E-16,0.));
#5170=DIRECTION('ref_axis',(0.,0.,1.));
#5171=DIRECTION('center_axis',(0.999999999999997,0.,7.90974575078202E-8));
#5172=DIRECTION('ref_axis',(7.90974575078202E-8,0.,-0.999999999999997));
#5173=DIRECTION('center_axis',(2.22044604925025E-16,1.,2.6784700911581E-23));
#5174=DIRECTION('ref_axis',(0.707106695889968,0.,0.707106866483117));
#5175=DIRECTION('',(0.,1.,0.));
#5176=DIRECTION('',(-2.22044604925025E-16,-1.,-2.6784700911581E-23));
#5177=DIRECTION('',(-2.22044604925031E-16,-1.,-2.67847009115818E-23));
#5178=DIRECTION('center_axis',(1.,-2.22044604925031E-16,0.));
#5179=DIRECTION('ref_axis',(0.,0.,-1.));
#5180=DIRECTION('center_axis',(-1.,2.22044604925031E-16,0.));
#5181=DIRECTION('ref_axis',(0.,0.,1.));
#5182=DIRECTION('',(0.,0.,1.));
#5183=DIRECTION('center_axis',(2.22044604925031E-16,1.,0.));
#5184=DIRECTION('ref_axis',(0.,0.,1.));
#5185=DIRECTION('',(0.,0.,1.));
#5186=DIRECTION('center_axis',(-1.,2.22044604925031E-16,0.));
#5187=DIRECTION('ref_axis',(0.,0.,-1.));
#5188=DIRECTION('',(-2.22044604925031E-16,-1.,0.));
#5189=DIRECTION('',(0.,0.,1.));
#5190=DIRECTION('center_axis',(-1.,2.22044604925031E-16,0.));
#5191=DIRECTION('ref_axis',(0.,0.,-1.));
#5192=DIRECTION('',(0.,0.,1.));
#5193=DIRECTION('',(-2.22044604925031E-16,-1.,0.));
#5194=DIRECTION('center_axis',(-2.22044604925031E-16,-1.,0.));
#5195=DIRECTION('ref_axis',(0.,0.,-1.));
#5196=DIRECTION('',(0.,0.,1.));
#5197=DIRECTION('',(1.,-2.22044604925031E-16,0.));
#5198=DIRECTION('center_axis',(-1.,2.22044604925031E-16,0.));
#5199=DIRECTION('ref_axis',(0.,0.,-1.));
#5200=DIRECTION('',(-2.22044604925031E-16,-1.,0.));
#5201=DIRECTION('center_axis',(2.22044604925031E-16,1.,0.));
#5202=DIRECTION('ref_axis',(0.,0.,1.));
#5203=DIRECTION('center_axis',(-2.22044604925031E-16,-1.,0.));
#5204=DIRECTION('ref_axis',(1.,-4.44089209850063E-16,0.));
#5205=DIRECTION('',(0.,0.,1.));
#5206=DIRECTION('',(1.,-2.22044604925031E-16,0.));
#5207=DIRECTION('',(0.,0.,1.));
#5208=DIRECTION('center_axis',(-1.,2.22044604925031E-16,0.));
#5209=DIRECTION('ref_axis',(0.,0.,1.));
#5210=DIRECTION('',(4.44089209850063E-16,1.,0.));
#5211=DIRECTION('',(0.,0.,1.));
#5212=DIRECTION('',(2.22044604925031E-16,1.,0.));
#5213=DIRECTION('center_axis',(-2.22044604925031E-16,-1.,0.));
#5214=DIRECTION('ref_axis',(0.,0.,-1.));
#5215=DIRECTION('center_axis',(2.22044604925031E-16,1.,0.));
#5216=DIRECTION('ref_axis',(1.,-4.44089209850063E-16,0.));
#5217=DIRECTION('',(0.,0.,1.));
#5218=DIRECTION('',(1.,-2.22044604925031E-16,0.));
#5219=DIRECTION('center_axis',(1.,-2.22044604925031E-16,0.));
#5220=DIRECTION('ref_axis',(0.,0.,-1.));
#5221=DIRECTION('',(-4.44089209850063E-16,-1.,0.));
#5222=DIRECTION('',(2.22044604925031E-16,1.,0.));
#5223=DIRECTION('center_axis',(0.,0.,-1.));
#5224=DIRECTION('ref_axis',(2.22044604925031E-16,1.,0.));
#5225=DIRECTION('center_axis',(1.,-2.22044604925031E-16,0.));
#5226=DIRECTION('ref_axis',(0.,0.,-1.));
#5227=DIRECTION('center_axis',(-1.,2.22044604925031E-16,0.));
#5228=DIRECTION('ref_axis',(0.,0.,1.));
#5229=DIRECTION('center_axis',(1.,-2.22044604925031E-16,0.));
#5230=DIRECTION('ref_axis',(0.,0.,-1.));
#5231=DIRECTION('center_axis',(1.,-2.22044604925031E-16,0.));
#5232=DIRECTION('ref_axis',(0.,0.,1.));
#5233=DIRECTION('',(0.,0.,1.));
#5234=DIRECTION('',(2.22044604925031E-16,1.,0.));
#5235=DIRECTION('center_axis',(-2.22044604925031E-16,-1.,0.));
#5236=DIRECTION('ref_axis',(0.,0.,-1.));
#5237=DIRECTION('',(1.,-2.22044604925031E-16,0.));
#5238=DIRECTION('center_axis',(0.,0.,1.));
#5239=DIRECTION('ref_axis',(-2.22044604925031E-16,-1.,0.));
#5240=DIRECTION('',(1.,-2.22044604925031E-16,0.));
#5241=DIRECTION('',(-2.22044604925031E-16,-1.,0.));
#5242=DIRECTION('',(1.,-2.22044604925031E-16,0.));
#5243=DIRECTION('',(-2.22044604925031E-16,-1.,0.));
#5244=DIRECTION('',(1.,-2.22044604925031E-16,0.));
#5245=DIRECTION('',(-2.22044604925031E-16,-1.,0.));
#5246=DIRECTION('',(1.,-2.22044604925031E-16,0.));
#5247=DIRECTION('',(-2.22044604925031E-16,-1.,0.));
#5248=DIRECTION('',(1.,-2.22044604925031E-16,0.));
#5249=DIRECTION('',(-2.22044604925031E-16,-1.,0.));
#5250=DIRECTION('',(1.,-2.22044604925031E-16,0.));
#5251=DIRECTION('',(-2.22044604925031E-16,-1.,0.));
#5252=DIRECTION('center_axis',(1.,-2.22044604925031E-16,0.));
#5253=DIRECTION('ref_axis',(0.,0.,1.));
#5254=DIRECTION('',(2.22044604925031E-16,1.,0.));
#5255=DIRECTION('center_axis',(2.22044604925031E-16,1.,0.));
#5256=DIRECTION('ref_axis',(0.,0.,1.));
#5257=DIRECTION('center_axis',(-2.22044604925031E-16,-1.,0.));
#5258=DIRECTION('ref_axis',(1.,0.,0.));
#5259=DIRECTION('',(0.,0.,1.));
#5260=DIRECTION('',(0.,0.,1.));
#5261=DIRECTION('center_axis',(-1.,2.22044604925031E-16,0.));
#5262=DIRECTION('ref_axis',(0.,0.,-1.));
#5263=DIRECTION('',(0.,1.,0.));
#5264=DIRECTION('',(0.,0.,1.));
#5265=DIRECTION('center_axis',(-2.22044604925031E-16,-1.,0.));
#5266=DIRECTION('ref_axis',(0.,0.,-1.));
#5267=DIRECTION('center_axis',(2.22044604925031E-16,1.,0.));
#5268=DIRECTION('ref_axis',(1.,0.,0.));
#5269=DIRECTION('',(0.,0.,1.));
#5270=DIRECTION('center_axis',(-1.,2.22044604925031E-16,0.));
#5271=DIRECTION('ref_axis',(0.,0.,-1.));
#5272=DIRECTION('',(0.,1.,0.));
#5273=DIRECTION('',(0.,0.,1.));
#5274=DIRECTION('center_axis',(1.,-2.22044604925031E-16,0.));
#5275=DIRECTION('ref_axis',(0.,0.,1.));
#5276=DIRECTION('',(0.,-1.,0.));
#5277=DIRECTION('',(0.,0.,1.));
#5278=DIRECTION('',(0.,0.,-1.));
#5279=DIRECTION('center_axis',(-2.22044604925031E-16,-1.,0.));
#5280=DIRECTION('ref_axis',(0.,0.,-1.));
#5281=DIRECTION('center_axis',(2.22044604925031E-16,1.,0.));
#5282=DIRECTION('ref_axis',(1.,0.,0.));
#5283=DIRECTION('',(0.,0.,1.));
#5284=DIRECTION('center_axis',(1.,-2.22044604925031E-16,0.));
#5285=DIRECTION('ref_axis',(0.,0.,1.));
#5286=DIRECTION('',(0.,-1.,0.));
#5287=DIRECTION('',(0.,0.,1.));
#5288=DIRECTION('center_axis',(2.22044604925031E-16,1.,0.));
#5289=DIRECTION('ref_axis',(0.,0.,1.));
#5290=DIRECTION('center_axis',(-2.22044604925031E-16,-1.,0.));
#5291=DIRECTION('ref_axis',(1.,0.,0.));
#5292=DIRECTION('',(0.,0.,1.));
#5293=DIRECTION('center_axis',(1.,-2.22044604925031E-16,0.));
#5294=DIRECTION('ref_axis',(0.,0.,1.));
#5295=DIRECTION('',(0.,-1.,0.));
#5296=DIRECTION('',(0.,0.,1.));
#5297=DIRECTION('center_axis',(2.22044604925031E-16,1.,0.));
#5298=DIRECTION('ref_axis',(0.,0.,1.));
#5299=DIRECTION('center_axis',(-2.22044604925031E-16,-1.,0.));
#5300=DIRECTION('ref_axis',(1.,0.,0.));
#5301=DIRECTION('',(0.,0.,1.));
#5302=DIRECTION('center_axis',(-1.,2.22044604925031E-16,0.));
#5303=DIRECTION('ref_axis',(0.,0.,-1.));
#5304=DIRECTION('',(0.,1.,0.));
#5305=DIRECTION('center_axis',(0.,0.,1.));
#5306=DIRECTION('ref_axis',(-2.22044604925031E-16,-1.,0.));
#5307=DIRECTION('',(-1.85037209317869E-16,-1.,0.));
#5308=DIRECTION('',(-1.85037209317869E-16,-1.,0.));
#5309=DIRECTION('center_axis',(4.86114142662628E-22,-8.99492043682412E-38,
1.));
#5310=DIRECTION('ref_axis',(-1.,2.22044604925031E-16,4.86114142662628E-22));
#5311=DIRECTION('',(-1.,2.22044604925031E-16,4.86114142662628E-22));
#5312=DIRECTION('',(-1.85037209317869E-16,-1.,0.));
#5313=DIRECTION('center_axis',(-1.85037209317869E-16,-1.,0.));
#5314=DIRECTION('ref_axis',(0.707106781185698,-1.30841065480343E-16,-0.707106781187397));
#5315=DIRECTION('center_axis',(-2.22044604925031E-16,-1.,0.));
#5316=DIRECTION('ref_axis',(0.707106781185698,-1.57009203476421E-16,-0.707106781187397));
#5317=DIRECTION('center_axis',(-1.85037209317869E-16,-1.,0.));
#5318=DIRECTION('ref_axis',(0.707106783430748,-1.30841065895761E-16,0.707106778942347));
#5319=DIRECTION('center_axis',(-2.22044604925031E-16,-1.,0.));
#5320=DIRECTION('ref_axis',(0.707106783430748,-1.57009203476421E-16,0.707106778942347));
#5321=DIRECTION('',(-1.85037209317869E-16,-1.,0.));
#5322=DIRECTION('center_axis',(4.86114142662628E-22,-8.99492043682412E-38,
1.));
#5323=DIRECTION('ref_axis',(-1.,2.22044604925031E-16,4.86114142662628E-22));
#5324=DIRECTION('',(-1.,2.22044604925031E-16,4.86114142662628E-22));
#5325=DIRECTION('',(-1.85037209317869E-16,-1.,0.));
#5326=DIRECTION('',(-1.85037209317869E-16,-1.,0.));
#5327=DIRECTION('center_axis',(-2.22044604925031E-16,-1.,0.));
#5328=DIRECTION('ref_axis',(0.,0.,-1.));
#5329=DIRECTION('center_axis',(2.22044604925031E-16,1.,0.));
#5330=DIRECTION('ref_axis',(1.,0.,0.));
#5331=DIRECTION('center_axis',(1.10011856703511E-6,-0.999999999996999,2.18926349049166E-6));
#5332=DIRECTION('ref_axis',(0.,2.18926349049299E-6,0.999999999997604));
#5333=DIRECTION('center_axis',(2.22044604925031E-16,1.,0.));
#5334=DIRECTION('ref_axis',(0.,0.,1.));
#5335=DIRECTION('center_axis',(-2.22044604925031E-16,-1.,0.));
#5336=DIRECTION('ref_axis',(1.,0.,0.));
#5337=DIRECTION('',(0.,0.,1.));
#5338=DIRECTION('',(1.,-2.22044604925031E-16,0.));
#5339=DIRECTION('',(0.,0.,1.));
#5340=DIRECTION('center_axis',(1.,-2.22044604925031E-16,0.));
#5341=DIRECTION('ref_axis',(0.,0.,1.));
#5342=DIRECTION('',(0.,-1.,0.));
#5343=DIRECTION('',(-2.22044604925031E-16,-1.,0.));
#5344=DIRECTION('',(0.,0.,1.));
#5345=DIRECTION('center_axis',(-2.22044604925031E-16,-1.,0.));
#5346=DIRECTION('ref_axis',(0.,0.,-1.));
#5347=DIRECTION('center_axis',(2.22044604925031E-16,1.,0.));
#5348=DIRECTION('ref_axis',(1.,0.,0.));
#5349=DIRECTION('',(1.,-2.22044604925031E-16,0.));
#5350=DIRECTION('',(0.,0.,1.));
#5351=DIRECTION('center_axis',(-1.,2.22044604925031E-16,0.));
#5352=DIRECTION('ref_axis',(0.,0.,-1.));
#5353=DIRECTION('',(0.,1.,0.));
#5354=DIRECTION('',(-2.22044604925031E-16,-1.,0.));
#5355=DIRECTION('center_axis',(0.,0.,1.));
#5356=DIRECTION('ref_axis',(2.22044604925031E-16,1.,0.));
#5357=DIRECTION('',(2.22044604925031E-16,1.,0.));
#5358=DIRECTION('',(-2.22044604925031E-16,-1.,0.));
#5359=DIRECTION('',(1.,-2.22044604925031E-16,0.));
#5360=DIRECTION('',(2.22044604925031E-16,1.,0.));
#5361=DIRECTION('',(2.22044604925031E-16,1.,0.));
#5362=DIRECTION('',(1.,-2.22044604925031E-16,0.));
#5363=DIRECTION('center_axis',(0.,0.,1.));
#5364=DIRECTION('ref_axis',(-2.22044604925031E-16,-1.,0.));
#5365=DIRECTION('',(2.22044604925031E-16,1.,0.));
#5366=DIRECTION('',(-1.,2.22044604925031E-16,0.));
#5367=DIRECTION('',(2.22044604925031E-16,1.,0.));
#5368=DIRECTION('',(-2.22044604925031E-16,-1.,0.));
#5369=DIRECTION('',(-1.,2.22044604925031E-16,0.));
#5370=DIRECTION('',(-2.22044604925031E-16,-1.,0.));
#5371=DIRECTION('',(-2.22044604925031E-16,-1.,0.));
#5372=DIRECTION('',(-1.,2.22044604925031E-16,0.));
#5373=DIRECTION('',(2.22044604925031E-16,1.,0.));
#5374=DIRECTION('center_axis',(1.,-2.22044604925031E-16,0.));
#5375=DIRECTION('ref_axis',(0.,0.,1.));
#5376=DIRECTION('',(2.22044604925031E-16,1.,0.));
#5377=DIRECTION('',(0.,0.,1.));
#5378=DIRECTION('center_axis',(0.,0.,1.));
#5379=DIRECTION('ref_axis',(-2.22044604925031E-16,-1.,0.));
#5380=DIRECTION('center_axis',(-1.,2.22044604925031E-16,0.));
#5381=DIRECTION('ref_axis',(0.,0.,-1.));
#5382=DIRECTION('',(0.,0.,1.));
#5383=DIRECTION('center_axis',(1.,-2.22044604925031E-16,0.));
#5384=DIRECTION('ref_axis',(0.,0.,1.));
#5385=DIRECTION('',(-2.22044604925031E-16,-1.,0.));
#5386=DIRECTION('',(0.,0.,1.));
#5387=DIRECTION('center_axis',(-1.,2.22044604925031E-16,0.));
#5388=DIRECTION('ref_axis',(0.,0.,-1.));
#5389=DIRECTION('',(2.22044604925031E-16,1.,0.));
#5390=DIRECTION('',(0.,0.,1.));
#5391=DIRECTION('center_axis',(2.22044604925031E-16,1.,0.));
#5392=DIRECTION('ref_axis',(0.,0.,1.));
#5393=DIRECTION('',(1.,-2.22044604925031E-16,0.));
#5394=DIRECTION('',(0.,0.,1.));
#5395=DIRECTION('center_axis',(1.,-2.22044604925031E-16,0.));
#5396=DIRECTION('ref_axis',(0.,0.,1.));
#5397=DIRECTION('',(-2.22044604925031E-16,-1.,0.));
#5398=DIRECTION('center_axis',(0.,0.,-1.));
#5399=DIRECTION('ref_axis',(2.22044604925031E-16,1.,0.));
#5400=DIRECTION('',(1.,-2.22044604925031E-16,0.));
#5401=DIRECTION('',(2.22044604925031E-16,1.,0.));
#5402=DIRECTION('',(1.,-2.22044604925031E-16,0.));
#5403=DIRECTION('',(2.22044604925031E-16,1.,0.));
#5404=DIRECTION('',(1.,-2.22044604925031E-16,0.));
#5405=DIRECTION('',(2.22044604925031E-16,1.,0.));
#5406=DIRECTION('',(-1.,2.22044604925031E-16,0.));
#5407=DIRECTION('',(2.22044604925031E-16,1.,0.));
#5408=DIRECTION('',(1.,-2.22044604925031E-16,0.));
#5409=DIRECTION('',(2.22044604925031E-16,1.,0.));
#5410=DIRECTION('',(1.,-2.22044604925031E-16,0.));
#5411=DIRECTION('',(2.22044604925031E-16,1.,0.));
#5412=DIRECTION('center_axis',(1.,-2.22044604925031E-16,0.));
#5413=DIRECTION('ref_axis',(0.,0.,-1.));
#5414=DIRECTION('',(-2.22044604925031E-16,-1.,0.));
#5415=DIRECTION('',(0.,0.,1.));
#5416=DIRECTION('',(2.22044604925031E-16,1.,0.));
#5417=DIRECTION('center_axis',(-2.22044604925031E-16,-1.,0.));
#5418=DIRECTION('ref_axis',(0.,0.,-1.));
#5419=DIRECTION('',(-1.,2.22044604925031E-16,0.));
#5420=DIRECTION('',(0.,0.,1.));
#5421=DIRECTION('',(1.,-2.22044604925031E-16,0.));
#5422=DIRECTION('center_axis',(-1.,2.22044604925031E-16,0.));
#5423=DIRECTION('ref_axis',(0.,0.,1.));
#5424=DIRECTION('',(2.22044604925031E-16,1.,0.));
#5425=DIRECTION('',(-2.22044604925031E-16,-1.,0.));
#5426=DIRECTION('center_axis',(1.,-2.22044604925031E-16,0.));
#5427=DIRECTION('ref_axis',(0.,0.,-1.));
#5428=DIRECTION('',(2.22044604925031E-16,1.,0.));
#5429=DIRECTION('',(0.,0.,1.));
#5430=DIRECTION('',(2.22044604925031E-16,1.,0.));
#5431=DIRECTION('center_axis',(-1.,2.22044604925031E-16,0.));
#5432=DIRECTION('ref_axis',(0.,0.,1.));
#5433=DIRECTION('',(0.,0.,1.));
#5434=DIRECTION('',(-2.22044604925031E-16,-1.,0.));
#5435=DIRECTION('center_axis',(2.22044604925031E-16,1.,0.));
#5436=DIRECTION('ref_axis',(0.,0.,1.));
#5437=DIRECTION('center_axis',(-2.22044604925031E-16,-1.,0.));
#5438=DIRECTION('ref_axis',(1.,-4.44089209850063E-16,0.));
#5439=DIRECTION('',(0.,0.,1.));
#5440=DIRECTION('',(0.,0.,1.));
#5441=DIRECTION('center_axis',(1.,-2.22044604925031E-16,0.));
#5442=DIRECTION('ref_axis',(0.,0.,-1.));
#5443=DIRECTION('',(-4.44089209850063E-16,-1.,0.));
#5444=DIRECTION('',(0.,0.,1.));
#5445=DIRECTION('center_axis',(-2.22044604925031E-16,-1.,0.));
#5446=DIRECTION('ref_axis',(0.,0.,-1.));
#5447=DIRECTION('center_axis',(2.22044604925031E-16,1.,0.));
#5448=DIRECTION('ref_axis',(1.,-4.44089209850063E-16,0.));
#5449=DIRECTION('',(0.,0.,1.));
#5450=DIRECTION('center_axis',(1.,-2.22044604925031E-16,0.));
#5451=DIRECTION('ref_axis',(0.,0.,-1.));
#5452=DIRECTION('',(-4.44089209850063E-16,-1.,0.));
#5453=DIRECTION('',(0.,0.,-1.));
#5454=DIRECTION('center_axis',(-1.,2.22044604925031E-16,0.));
#5455=DIRECTION('ref_axis',(0.,0.,1.));
#5456=DIRECTION('',(4.44089209850063E-16,1.,0.));
#5457=DIRECTION('',(0.,0.,1.));
#5458=DIRECTION('',(0.,0.,1.));
#5459=DIRECTION('center_axis',(-2.22044604925031E-16,-1.,0.));
#5460=DIRECTION('ref_axis',(0.,0.,-1.));
#5461=DIRECTION('center_axis',(2.22044604925031E-16,1.,0.));
#5462=DIRECTION('ref_axis',(1.,-4.44089209850063E-16,0.));
#5463=DIRECTION('',(0.,0.,1.));
#5464=DIRECTION('center_axis',(-1.,2.22044604925031E-16,0.));
#5465=DIRECTION('ref_axis',(0.,0.,1.));
#5466=DIRECTION('',(4.44089209850063E-16,1.,0.));
#5467=DIRECTION('',(0.,0.,1.));
#5468=DIRECTION('center_axis',(2.22044604925031E-16,1.,0.));
#5469=DIRECTION('ref_axis',(0.,0.,1.));
#5470=DIRECTION('center_axis',(-2.22044604925031E-16,-1.,0.));
#5471=DIRECTION('ref_axis',(1.,-4.44089209850063E-16,0.));
#5472=DIRECTION('',(0.,0.,1.));
#5473=DIRECTION('center_axis',(-1.,2.22044604925031E-16,0.));
#5474=DIRECTION('ref_axis',(0.,0.,1.));
#5475=DIRECTION('',(4.44089209850063E-16,1.,0.));
#5476=DIRECTION('',(0.,0.,1.));
#5477=DIRECTION('center_axis',(2.22044604925031E-16,1.,0.));
#5478=DIRECTION('ref_axis',(0.,0.,1.));
#5479=DIRECTION('center_axis',(-2.22044604925031E-16,-1.,0.));
#5480=DIRECTION('ref_axis',(1.,-4.44089209850063E-16,0.));
#5481=DIRECTION('',(0.,0.,1.));
#5482=DIRECTION('center_axis',(1.,-2.22044604925031E-16,0.));
#5483=DIRECTION('ref_axis',(0.,0.,-1.));
#5484=DIRECTION('',(-4.44089209850063E-16,-1.,0.));
#5485=DIRECTION('center_axis',(1.,-2.22044604925031E-16,0.));
#5486=DIRECTION('ref_axis',(0.,0.,-1.));
#5487=DIRECTION('',(-2.22044604925031E-16,-1.,0.));
#5488=DIRECTION('',(0.,0.,1.));
#5489=DIRECTION('',(2.22044604925031E-16,1.,0.));
#5490=DIRECTION('center_axis',(0.,0.,-1.));
#5491=DIRECTION('ref_axis',(2.22044604925031E-16,1.,0.));
#5492=DIRECTION('',(1.,-2.22044604925031E-16,0.));
#5493=DIRECTION('',(1.,-2.22044604925031E-16,0.));
#5494=DIRECTION('',(-2.22044604925031E-16,-1.,0.));
#5495=DIRECTION('center_axis',(0.,0.,-1.));
#5496=DIRECTION('ref_axis',(2.22044604925031E-16,1.,0.));
#5497=DIRECTION('center_axis',(-2.96059477938454E-16,0.,1.));
#5498=DIRECTION('ref_axis',(1.,-5.92118955876909E-16,2.96059477938454E-16));
#5499=DIRECTION('',(1.,0.,2.96059477938454E-16));
#5500=DIRECTION('',(0.,1.,0.));
#5501=DIRECTION('center_axis',(0.,0.,1.));
#5502=DIRECTION('ref_axis',(-2.22044604925031E-16,-1.,0.));
#5503=DIRECTION('center_axis',(2.22044604925031E-16,1.,0.));
#5504=DIRECTION('ref_axis',(0.,0.,1.));
#5505=DIRECTION('center_axis',(-2.22044604925031E-16,-1.,0.));
#5506=DIRECTION('ref_axis',(0.707106781186549,0.,0.707106781186546));
#5507=DIRECTION('',(1.,-2.22044604925031E-16,0.));
#5508=DIRECTION('center_axis',(-2.22044604925031E-16,-1.,0.));
#5509=DIRECTION('ref_axis',(0.707106781186549,0.,0.707106781186546));
#5510=DIRECTION('',(-2.22044604925031E-16,-1.,0.));
#5511=DIRECTION('center_axis',(-1.,2.22044604925031E-16,0.));
#5512=DIRECTION('ref_axis',(0.,0.,1.));
#5513=DIRECTION('',(2.22044604925031E-16,1.,0.));
#5514=DIRECTION('',(0.,0.,1.));
#5515=DIRECTION('center_axis',(-2.22044604925031E-16,-1.,0.));
#5516=DIRECTION('ref_axis',(0.,0.,-1.));
#5517=DIRECTION('center_axis',(-2.22044604925031E-16,-1.,0.));
#5518=DIRECTION('ref_axis',(0.707106781186549,0.,0.707106781186546));
#5519=DIRECTION('center_axis',(2.22044604925031E-16,1.,0.));
#5520=DIRECTION('ref_axis',(0.707106781186549,0.,0.707106781186546));
#5521=DIRECTION('center_axis',(2.22044604925031E-16,1.,0.));
#5522=DIRECTION('ref_axis',(0.,0.,1.));
#5523=DIRECTION('center_axis',(-2.22044604925031E-16,-1.,0.));
#5524=DIRECTION('ref_axis',(-0.707106781186548,0.,0.707106781186547));
#5525=DIRECTION('',(0.,0.,1.));
#5526=DIRECTION('center_axis',(-1.,2.22044604925031E-16,0.));
#5527=DIRECTION('ref_axis',(0.,0.,-1.));
#5528=DIRECTION('',(-2.22044604925031E-16,-1.,0.));
#5529=DIRECTION('center_axis',(-2.22044604925031E-16,-1.,0.));
#5530=DIRECTION('ref_axis',(-0.707106781186548,0.,0.707106781186547));
#5531=DIRECTION('center_axis',(-2.22044604925031E-16,-1.,0.));
#5532=DIRECTION('ref_axis',(0.,0.,-1.));
#5533=DIRECTION('center_axis',(-2.22044604925031E-16,-1.,0.));
#5534=DIRECTION('ref_axis',(-0.707106781186549,0.,0.707106781186546));
#5535=DIRECTION('',(1.,-2.22044604925031E-16,0.));
#5536=DIRECTION('center_axis',(2.22044604925031E-16,1.,0.));
#5537=DIRECTION('ref_axis',(-0.707106781186549,0.,0.707106781186546));
#5538=DIRECTION('',(2.22044604925031E-16,1.,0.));
#5539=DIRECTION('center_axis',(0.,0.,1.));
#5540=DIRECTION('ref_axis',(-2.22044604925031E-16,-1.,0.));
#5541=DIRECTION('',(0.,1.,0.));
#5542=DIRECTION('center_axis',(0.,1.,0.));
#5543=DIRECTION('ref_axis',(-0.707106778941499,0.,0.707106783431596));
#5544=DIRECTION('center_axis',(0.,1.,0.));
#5545=DIRECTION('ref_axis',(-0.7071067789415,0.,0.707106783431595));
#5546=DIRECTION('center_axis',(0.,1.,0.));
#5547=DIRECTION('ref_axis',(-0.411437022322152,0.,0.911438191356211));
#5548=DIRECTION('center_axis',(0.,0.,-1.));
#5549=DIRECTION('ref_axis',(2.22044604925031E-16,1.,0.));
#5550=DIRECTION('',(-2.22044604925031E-16,-1.,0.));
#5551=DIRECTION('center_axis',(2.22044604925031E-16,1.,0.));
#5552=DIRECTION('ref_axis',(0.707106781186549,-3.92523114670944E-16,0.707106781186546));
#5553=DIRECTION('center_axis',(1.,0.,2.96059477938454E-16));
#5554=DIRECTION('ref_axis',(0.,0.707106781186551,0.707106781186544));
#5555=DIRECTION('center_axis',(1.,0.,0.));
#5556=DIRECTION('ref_axis',(0.,1.,0.));
#5557=DIRECTION('center_axis',(-1.,0.,0.));
#5558=DIRECTION('ref_axis',(0.,0.,1.));
#5559=DIRECTION('center_axis',(0.,-1.,0.));
#5560=DIRECTION('ref_axis',(0.,0.,-1.));
#5561=DIRECTION('center_axis',(0.,1.,0.));
#5562=DIRECTION('ref_axis',(0.,0.,1.));
#5563=DIRECTION('center_axis',(0.,2.18926347174969E-6,-0.999999999997604));
#5564=DIRECTION('ref_axis',(1.89864227843986E-16,0.999999999997603,2.18926347174969E-6));
#5565=DIRECTION('',(1.,-2.22044604925031E-16,-4.86114142662628E-22));
#5566=DIRECTION('',(1.10171672279391E-6,-0.999999999996997,-2.18926347174836E-6));
#5567=DIRECTION('',(1.39017300589109E-14,0.999999999997603,2.18926347174969E-6));
#5568=DIRECTION('center_axis',(1.39017300589109E-14,0.999999999997604,2.18926347174969E-6));
#5569=DIRECTION('ref_axis',(-0.7071067789415,-1.54804304167093E-6,0.707106783429901));
#5570=DIRECTION('center_axis',(2.22044604925031E-16,1.,0.));
#5571=DIRECTION('ref_axis',(0.707106783430748,-1.57009203476421E-16,0.707106778942347));
#5572=DIRECTION('center_axis',(3.97729753087605E-22,0.,-1.));
#5573=DIRECTION('ref_axis',(-1.,2.22044604925031E-16,-3.97729753087605E-22));
#5574=DIRECTION('',(4.44089209850063E-16,1.,1.76627491782535E-37));
#5575=DIRECTION('',(-1.,2.22044604925031E-16,-3.97729753087605E-22));
#5576=DIRECTION('center_axis',(8.83843895748112E-23,2.18926347174969E-6,
0.999999999997604));
#5577=DIRECTION('ref_axis',(2.54224982005012E-16,0.999999999997603,-2.18926347174969E-6));
#5578=DIRECTION('',(1.,-2.22044604925031E-16,3.97729753087605E-22));
#5579=DIRECTION('',(-2.22044604924499E-16,-0.999999999997603,2.18926347174969E-6));
#5580=DIRECTION('center_axis',(-2.22044604924499E-16,-0.999999999997604,
2.18926347174969E-6));
#5581=DIRECTION('ref_axis',(0.707106781186545,1.54804304658593E-6,0.707106781184856));
#5582=DIRECTION('center_axis',(2.22044604925031E-16,1.,0.));
#5583=DIRECTION('ref_axis',(-0.707106781185703,1.57009203476421E-16,0.707106781187392));
#5584=DIRECTION('center_axis',(4.44089209850063E-16,1.,0.));
#5585=DIRECTION('ref_axis',(-0.524878931760507,0.,0.851176895242082));
#5586=DIRECTION('',(-4.44089209850063E-16,-1.,0.));
#5587=DIRECTION('',(1.85037013262106E-16,1.,0.));
#5588=DIRECTION('',(1.85037013262106E-16,1.,0.));
#5589=DIRECTION('center_axis',(4.86114142662628E-22,-8.99491090627617E-38,
1.));
#5590=DIRECTION('ref_axis',(1.,-2.22044604925031E-16,-4.86114142662628E-22));
#5591=DIRECTION('',(1.,-2.22044604925031E-16,-4.86114142662628E-22));
#5592=DIRECTION('',(1.85037013262106E-16,1.,0.));
#5593=DIRECTION('center_axis',(1.85037013262106E-16,1.,0.));
#5594=DIRECTION('ref_axis',(0.707106783430748,-1.308409272634E-16,0.707106778942347));
#5595=DIRECTION('center_axis',(2.22044604925031E-16,1.,0.));
#5596=DIRECTION('ref_axis',(0.707106783430748,-1.57009203476421E-16,0.707106778942347));
#5597=DIRECTION('center_axis',(1.85037013262106E-16,1.,0.));
#5598=DIRECTION('ref_axis',(-0.707106781185703,1.30840926847984E-16,0.707106781187392));
#5599=DIRECTION('',(1.85037013262106E-16,1.,0.));
#5600=DIRECTION('center_axis',(2.22044604925031E-16,1.,0.));
#5601=DIRECTION('ref_axis',(-0.707106781185703,1.57009203476421E-16,0.707106781187392));
#5602=DIRECTION('center_axis',(-3.97729753087605E-22,7.35947255968051E-38,
1.));
#5603=DIRECTION('ref_axis',(1.,-2.22044604925031E-16,3.97729753087605E-22));
#5604=DIRECTION('',(1.,-2.22044604925031E-16,3.97729753087605E-22));
#5605=DIRECTION('',(1.85037013262106E-16,1.,0.));
#5606=DIRECTION('',(1.85037013262106E-16,1.,0.));
#5607=DIRECTION('center_axis',(-2.22044604925031E-16,-1.,0.));
#5608=DIRECTION('ref_axis',(0.,0.,-1.));
#5609=DIRECTION('center_axis',(-2.22044604925031E-16,-1.,0.));
#5610=DIRECTION('ref_axis',(1.,-4.44089209850063E-16,0.));
#5611=DIRECTION('center_axis',(-2.22044604924499E-16,-0.999999999997604,
2.18926347174969E-6));
#5612=DIRECTION('ref_axis',(0.707106781186545,1.54804304658593E-6,0.707106781184856));
#5613=DIRECTION('',(-2.22044604924499E-16,-0.999999999997603,2.18926347174969E-6));
#5614=DIRECTION('center_axis',(1.39017300589109E-14,0.999999999997604,2.18926347174969E-6));
#5615=DIRECTION('ref_axis',(-0.7071067789415,-1.54804304167093E-6,0.707106783429901));
#5616=DIRECTION('',(1.39017300589109E-14,0.999999999997603,2.18926347174969E-6));
#5617=DIRECTION('center_axis',(-1.39017269510457E-14,-0.999999999997604,
-2.18926346828852E-6));
#5618=DIRECTION('ref_axis',(0.,-2.18926346828852E-6,0.999999999997604));
#5619=DIRECTION('center_axis',(0.,2.18926347174969E-6,-0.999999999997604));
#5620=DIRECTION('ref_axis',(1.89864227843986E-16,0.999999999997603,2.18926347174969E-6));
#5621=DIRECTION('',(1.10171806764893E-6,-0.999999999996997,-2.18926347174836E-6));
#5622=DIRECTION('',(1.,0.,0.));
#5623=DIRECTION('center_axis',(1.10172487318574E-6,-0.999999999996997,-2.18926347050764E-6));
#5624=DIRECTION('ref_axis',(0.893266533600392,2.22044605007536E-15,0.449527418462478));
#5625=DIRECTION('center_axis',(-1.1001030413156E-6,0.999999999996999,-2.18926348383032E-6));
#5626=DIRECTION('ref_axis',(-0.893532178301945,0.,0.448999160733047));
#5627=DIRECTION('center_axis',(0.479838039117035,0.532528718962579,0.697257929102562));
#5628=DIRECTION('ref_axis',(-0.82378083340078,0.,0.566908403996198));
#5629=DIRECTION('center_axis',(-0.479835601514556,0.532526475172534,-0.697261320280625));
#5630=DIRECTION('ref_axis',(-0.823783465976528,0.,0.566904578552422));
#5631=DIRECTION('center_axis',(-1.10008809268441E-6,0.999999999996999,-2.18926347272808E-6));
#5632=DIRECTION('ref_axis',(-0.893534625144606,0.,0.448994291353118));
#5633=DIRECTION('center_axis',(-4.44089209850063E-16,-1.,0.));
#5634=DIRECTION('ref_axis',(1.,-4.44089209850063E-16,0.));
#5635=DIRECTION('',(-1.85037209317869E-16,-1.,0.));
#5636=DIRECTION('center_axis',(-0.480345308451608,-0.532360210483508,0.697037295230668));
#5637=DIRECTION('ref_axis',(0.823417047995682,1.11022302462515E-15,0.567436661725409));
#5638=DIRECTION('center_axis',(0.480342869992548,-0.532357969056093,-0.697040687499513));
#5639=DIRECTION('ref_axis',(0.823419684188678,0.,0.567432836281632));
#5640=DIRECTION('center_axis',(1.101709915429E-6,-0.999999999996997,-2.18926347272809E-6));
#5641=DIRECTION('ref_axis',(0.89326898405045,0.,0.449522549082331));
#5642=DIRECTION('center_axis',(0.,-1.,0.));
#5643=DIRECTION('ref_axis',(1.,0.,0.));
#5644=DIRECTION('',(-1.85037209317869E-16,-1.,0.));
#5645=DIRECTION('center_axis',(1.,-2.22044604925031E-16,0.));
#5646=DIRECTION('ref_axis',(0.,0.,-1.));
#5647=DIRECTION('center_axis',(-1.,2.22044604925031E-16,0.));
#5648=DIRECTION('ref_axis',(0.,-2.18926347287232E-6,-0.999999999997604));
#5649=DIRECTION('center_axis',(9.72228285322925E-22,2.18926347174969E-6,
0.999999999997604));
#5650=DIRECTION('ref_axis',(-2.54224982005012E-16,-0.999999999997603,2.18926347174969E-6));
#5651=DIRECTION('',(1.,-4.44089209850063E-16,0.));
#5652=DIRECTION('center_axis',(-1.,4.44089209850063E-16,0.));
#5653=DIRECTION('ref_axis',(6.19286613062466E-16,0.443303524990037,0.896371566222071));
#5654=DIRECTION('',(-1.,4.44089209850063E-16,0.));
#5655=DIRECTION('center_axis',(-1.,4.44089209850063E-16,0.));
#5656=DIRECTION('ref_axis',(-9.72228285308414E-22,-2.18926347171702E-6,
-0.999999999997604));
#5657=DIRECTION('',(1.,-4.44089209850063E-16,0.));
#5658=DIRECTION('center_axis',(1.,-4.44089209850063E-16,0.));
#5659=DIRECTION('ref_axis',(-6.19286613062466E-16,-0.443299600198733,0.896373507229907));
#5660=DIRECTION('',(-1.,4.44089209850063E-16,0.));
#5661=DIRECTION('center_axis',(1.,0.,-6.34995752603521E-9));
#5662=DIRECTION('ref_axis',(5.69193403521239E-9,0.443299600198732,0.896373507229907));
#5663=DIRECTION('center_axis',(5.04647118341794E-9,-0.606969189065533,0.794725363584886));
#5664=DIRECTION('ref_axis',(3.85423026827426E-9,0.794725363584886,0.606969189065533));
#5665=DIRECTION('center_axis',(-1.,0.,6.34995752603521E-9));
#5666=DIRECTION('ref_axis',(5.69193370330613E-9,0.443299600829542,0.896373506917941));
#5667=DIRECTION('center_axis',(1.,0.,-6.34995752603521E-9));
#5668=DIRECTION('ref_axis',(-6.34995761971329E-9,0.,-1.));
#5669=DIRECTION('center_axis',(-5.04649158851082E-9,-0.606965709333299,
-0.794728021208215));
#5670=DIRECTION('ref_axis',(3.8542058433677E-9,-0.794728021208215,0.606965709333299));
#5671=DIRECTION('center_axis',(1.,0.,-6.34995752603521E-9));
#5672=DIRECTION('ref_axis',(-6.34995751658036E-9,2.18926347101498E-6,-0.999999999997604));
#5673=DIRECTION('center_axis',(1.,0.,-6.34995752603521E-9));
#5674=DIRECTION('ref_axis',(-6.34995700465879E-9,0.,-1.));
#5675=DIRECTION('center_axis',(-1.39017269651455E-14,-0.999999999997604,
-2.18926347050897E-6));
#5676=DIRECTION('ref_axis',(6.34995833692645E-9,-2.18926347050897E-6,0.999999999997604));
#5677=DIRECTION('center_axis',(-1.,0.,6.34995752603521E-9));
#5678=DIRECTION('ref_axis',(5.69192138676941E-9,-0.443303525620848,0.896371565910101));
#5679=DIRECTION('center_axis',(-1.,0.,0.));
#5680=DIRECTION('ref_axis',(0.,-0.443303524990037,0.896371566222071));
#5681=DIRECTION('',(-1.,0.,0.));
#5682=DIRECTION('',(1.,0.,0.));
#5683=DIRECTION('center_axis',(1.,0.,0.));
#5684=DIRECTION('ref_axis',(0.,2.18926347171702E-6,-0.999999999997604));
#5685=DIRECTION('',(-1.,0.,0.));
#5686=DIRECTION('center_axis',(1.,0.,0.));
#5687=DIRECTION('ref_axis',(0.,0.443299600198733,0.896373507229906));
#5688=DIRECTION('center_axis',(0.,-1.,0.));
#5689=DIRECTION('ref_axis',(-0.591812890537074,0.,0.806075370293717));
#5690=DIRECTION('',(-1.85037209317869E-16,-1.,0.));
#5691=DIRECTION('center_axis',(-4.44089209850063E-16,-1.,0.));
#5692=DIRECTION('ref_axis',(0.59203600082297,0.,0.805911517307914));
#5693=DIRECTION('',(-1.85037209317869E-16,-1.,0.));
#5694=DIRECTION('center_axis',(0.,0.,1.));
#5695=DIRECTION('ref_axis',(2.22044604925031E-16,1.,0.));
#5696=DIRECTION('center_axis',(8.83843895748112E-23,2.18926347174969E-6,
0.999999999997604));
#5697=DIRECTION('ref_axis',(2.54224982005012E-16,0.999999999997603,-2.18926347174969E-6));
#5698=DIRECTION('',(-2.22044604924499E-16,-0.999999999997603,2.18926347174969E-6));
#5699=DIRECTION('center_axis',(-2.22044604924499E-16,-0.999999999997604,
2.18926347174969E-6));
#5700=DIRECTION('ref_axis',(0.707106781186545,1.54804304658593E-6,0.707106781184856));
#5701=DIRECTION('center_axis',(1.39017300589109E-14,0.999999999997604,2.18926347174969E-6));
#5702=DIRECTION('ref_axis',(-0.7071067789415,-1.54804304167093E-6,0.707106783429901));
#5703=DIRECTION('',(1.39017300589109E-14,0.999999999997603,2.18926347174969E-6));
#5704=DIRECTION('center_axis',(0.,2.18926347174969E-6,-0.999999999997604));
#5705=DIRECTION('ref_axis',(1.89864227843986E-16,0.999999999997603,2.18926347174969E-6));
#5706=DIRECTION('',(1.10171672279391E-6,-0.999999999996997,-2.18926347174836E-6));
#5707=CARTESIAN_POINT('',(0.,0.,0.));
#5708=CARTESIAN_POINT('Origin',(13.4999994005729,24.9997850311913,30.0001485666781));
#5709=CARTESIAN_POINT('',(12.9999994005729,36.9998076702686,30.0001485666781));
#5710=CARTESIAN_POINT('',(13.4999994609235,36.9998076702686,29.5001485666781));
#5711=CARTESIAN_POINT('Origin',(13.4999994005729,36.9998076702686,30.0001485666781));
#5712=CARTESIAN_POINT('',(13.4999994609235,35.9947163205994,29.5001485666781));
#5713=CARTESIAN_POINT('',(13.4999994609234,24.9997850311913,29.5001485666781));
#5714=CARTESIAN_POINT('',(12.9999994005729,35.9947174275427,30.0001485666781));
#5715=CARTESIAN_POINT('Origin',(13.4999994005729,35.9947174275426,30.0001485666781));
#5716=CARTESIAN_POINT('',(12.9999994005729,24.9997850311913,30.0001485666781));
#5717=CARTESIAN_POINT('Origin',(16.9999994005729,36.9998076702686,30.0001489891318));
#5718=CARTESIAN_POINT('',(16.9999994005729,40.9998076702686,30.0001489891318));
#5719=CARTESIAN_POINT('',(16.9999994609234,40.4998076702686,29.5001489891318));
#5720=CARTESIAN_POINT('Origin',(16.9999994005729,40.4998076702686,30.0001489891318));
#5721=CARTESIAN_POINT('Origin',(16.9999994609234,36.9998076702686,29.5001489891318));
#5722=CARTESIAN_POINT('Origin',(16.9999994005729,36.9998076702686,30.0001489891318));
#5723=CARTESIAN_POINT('Origin',(9.99999741502517,40.4998076702686,30.0001481442243));
#5724=CARTESIAN_POINT('',(18.9999996389915,40.9998076702686,30.0001492305339));
#5725=CARTESIAN_POINT('',(18.999999699342,40.4998076702686,29.5001492305339));
#5726=CARTESIAN_POINT('Origin',(18.9999996389915,40.4998076702686,30.0001492305339));
#5727=CARTESIAN_POINT('',(9.99999747537569,40.4998076702686,29.5001481442243));
#5728=CARTESIAN_POINT('',(9.99999741502517,40.9998076702686,30.0001481442243));
#5729=CARTESIAN_POINT('Ctrl Pts',(18.9999996389915,40.9998076702686,30.0001492305339));
#5730=CARTESIAN_POINT('Ctrl Pts',(19.9999996389915,40.9998076702686,30.0001493512349));
#5731=CARTESIAN_POINT('Ctrl Pts',(19.9999996389915,39.9998076702686,30.0001493512349));
#5732=CARTESIAN_POINT('Ctrl Pts',(18.999999699342,40.9998076702686,29.5001492305339));
#5733=CARTESIAN_POINT('Ctrl Pts',(19.999999699342,40.9998076702686,29.5001493512349));
#5734=CARTESIAN_POINT('Ctrl Pts',(19.999999699342,39.9998076702686,29.5001493512349));
#5735=CARTESIAN_POINT('Ctrl Pts',(18.999999699342,40.4998076702686,29.5001492305339));
#5736=CARTESIAN_POINT('Ctrl Pts',(19.499999699342,40.4998076702686,29.5001492908844));
#5737=CARTESIAN_POINT('Ctrl Pts',(19.499999699342,39.9998076702686,29.5001492908844));
#5738=CARTESIAN_POINT('',(19.9999995786429,39.9998076702686,30.0001493512349));
#5739=CARTESIAN_POINT('',(19.499999699342,39.9998076702686,29.5001492908844));
#5740=CARTESIAN_POINT('Origin',(19.4999996389915,39.9998076702686,30.0001492908844));
#5741=CARTESIAN_POINT('Origin',(18.999999699342,39.9998076702686,29.5001492305339));
#5742=CARTESIAN_POINT('Origin',(18.9999996389915,39.9998076702686,30.0001492305339));
#5743=CARTESIAN_POINT('Origin',(19.4999995786429,17.749785431194,30.0001492908844));
#5744=CARTESIAN_POINT('',(19.9999995786429,-40.0002161609016,30.0001493512349));
#5745=CARTESIAN_POINT('',(19.4999996389934,-40.0002161609016,29.5001492908844));
#5746=CARTESIAN_POINT('Origin',(19.4999995786429,-40.0002161609016,30.0001492908844));
#5747=CARTESIAN_POINT('',(19.4999996389934,17.749785431194,29.5001492908844));
#5748=CARTESIAN_POINT('',(19.9999995786429,17.749785431194,30.0001493512349));
#5749=CARTESIAN_POINT('Ctrl Pts',(19.9999996389915,-40.0002161609016,30.0001493512349));
#5750=CARTESIAN_POINT('Ctrl Pts',(19.9999996389915,-41.0002161609016,30.0001493512349));
#5751=CARTESIAN_POINT('Ctrl Pts',(18.9999996389915,-41.0002161609016,30.0001492305339));
#5752=CARTESIAN_POINT('Ctrl Pts',(19.9999996639895,-40.0002161609016,29.7930425523727));
#5753=CARTESIAN_POINT('Ctrl Pts',(19.9999996639895,-41.0002161609016,29.7930425523727));
#5754=CARTESIAN_POINT('Ctrl Pts',(18.9999996639895,-41.0002161609016,29.7930424316716));
#5755=CARTESIAN_POINT('Ctrl Pts',(19.8535530509226,-40.0002161609016,29.6465959216289));
#5756=CARTESIAN_POINT('Ctrl Pts',(19.8535530509226,-40.8537695301584,29.6465959216289));
#5757=CARTESIAN_POINT('Ctrl Pts',(18.9999996816658,-40.8537695301584,29.6465958186042));
#5758=CARTESIAN_POINT('Ctrl Pts',(19.7071064378556,-40.0002161609016,29.5001492908852));
#5759=CARTESIAN_POINT('Ctrl Pts',(19.7071064378556,-40.7073228994152,29.5001492908852));
#5760=CARTESIAN_POINT('Ctrl Pts',(18.999999699342,-40.7073228994152,29.5001492055367));
#5761=CARTESIAN_POINT('Ctrl Pts',(19.4999996389934,-40.0002161609016,29.5001492908844));
#5762=CARTESIAN_POINT('Ctrl Pts',(19.4999996389934,-40.500216100553,29.5001492908844));
#5763=CARTESIAN_POINT('Ctrl Pts',(18.999999699342,-40.500216100553,29.5001492305339));
#5764=CARTESIAN_POINT('',(18.9999996389915,-41.0002161609016,30.0001492305339));
#5765=CARTESIAN_POINT('',(18.999999699342,-40.5002161609016,29.5001492305339));
#5766=CARTESIAN_POINT('Origin',(18.9999996389915,-40.5002161609016,30.0001492305339));
#5767=CARTESIAN_POINT('Origin',(18.999999699342,-40.0002161609016,29.5001492305339));
#5768=CARTESIAN_POINT('Origin',(18.9999996389915,-40.0002161609016,30.0001492305339));
#5769=CARTESIAN_POINT('Origin',(10.0000003729601,-40.5002161609016,30.0001481442246));
#5770=CARTESIAN_POINT('',(13.133901954716,-41.0002161609016,30.0001485224898));
#5771=CARTESIAN_POINT('',(13.9842647681437,-40.5002161609016,29.5001486251295));
#5772=CARTESIAN_POINT('Ctrl Pts',(13.1339025935989,-41.0002161609004,30.0001474155468));
#5773=CARTESIAN_POINT('Ctrl Pts',(13.1673941142706,-41.0002160324326,29.9421192618082));
#5774=CARTESIAN_POINT('Ctrl Pts',(13.2055481286013,-40.9903013391912,29.8895502562216));
#5775=CARTESIAN_POINT('Ctrl Pts',(13.303346761789,-40.9531333015679,29.7773670698668));
#5776=CARTESIAN_POINT('Ctrl Pts',(13.3655831733282,-40.9204481631019,29.7232002939831));
#5777=CARTESIAN_POINT('Ctrl Pts',(13.5243068257725,-40.827986044492,29.6127569082648));
#5778=CARTESIAN_POINT('Ctrl Pts',(13.6246898920998,-40.7613128436892,29.567449691626));
#5779=CARTESIAN_POINT('Ctrl Pts',(13.8238758541687,-40.6245752605583,29.5101202681407));
#5780=CARTESIAN_POINT('Ctrl Pts',(13.9013717970078,-40.5693671436059,29.5041986610585));
#5781=CARTESIAN_POINT('Ctrl Pts',(13.9503299914572,-40.5335944650753,29.5011907947291));
#5782=CARTESIAN_POINT('Ctrl Pts',(13.9727775227646,-40.5176582419077,29.5003650716238));
#5783=CARTESIAN_POINT('Ctrl Pts',(13.982218831147,-40.506289967845,29.5001815241009));
#5784=CARTESIAN_POINT('Ctrl Pts',(13.983240832877,-40.5045734734311,29.5001651063496));
#5785=CARTESIAN_POINT('Ctrl Pts',(13.9839703574546,-40.5024421067001,29.5001532789349));
#5786=CARTESIAN_POINT('Ctrl Pts',(13.9841048621109,-40.5018954263392,29.5001511475114));
#5787=CARTESIAN_POINT('Ctrl Pts',(13.9842350513081,-40.5009881356391,29.5001490901552));
#5788=CARTESIAN_POINT('Ctrl Pts',(13.9842612540481,-40.5006343975095,29.5001486795045));
#5789=CARTESIAN_POINT('Ctrl Pts',(13.9842646550383,-40.5002634706119,29.5001486268046));
#5790=CARTESIAN_POINT('Ctrl Pts',(13.9842647648193,-40.5002397912515,29.5001486251295));
#5791=CARTESIAN_POINT('Ctrl Pts',(13.9842647681437,-40.5002161609016,29.5001486251295));
#5792=CARTESIAN_POINT('',(10.0000004333106,-40.5002161609016,29.5001481442246));
#5793=CARTESIAN_POINT('',(10.0000003729601,-41.0002161609016,30.0001481442246));
#5794=CARTESIAN_POINT('Origin',(-1.60417201744423E-7,-41.0002161609016,
41.0000223605096));
#5795=CARTESIAN_POINT('',(18.9999996389915,-41.0002161609016,48.5000187655388));
#5796=CARTESIAN_POINT('',(18.9999996389915,-41.0002161609016,34.7500233414999));
#5797=CARTESIAN_POINT('',(15.9999931283657,-41.0002161609016,51.5000252761645));
#5798=CARTESIAN_POINT('Origin',(15.9999931283657,-41.0002161609016,48.5000187655388));
#5799=CARTESIAN_POINT('',(-16.000008366037,-41.0002161609016,51.5000252761645));
#5800=CARTESIAN_POINT('',(-7.50000049916484,-41.0002161609016,51.5000252761645));
#5801=CARTESIAN_POINT('',(-19.0000017915867,-41.0002161609016,48.5000318696646));
#5802=CARTESIAN_POINT('Origin',(-16.000008366037,-41.0002161609016,48.5000318506148));
#5803=CARTESIAN_POINT('',(-19.0000019090602,-41.0002161609016,30.0001446438942));
#5804=CARTESIAN_POINT('',(-19.0000018153991,-41.0002161609016,44.7500234018245));
#5805=CARTESIAN_POINT('',(-13.1339040348427,-41.0002161609016,30.0001453519383));
#5806=CARTESIAN_POINT('',(10.0000003729601,-41.0002161609016,30.0001481442246));
#5807=CARTESIAN_POINT('',(-13.0000016001821,-41.0002161609016,30.5000204642526));
#5808=CARTESIAN_POINT('Origin',(-14.0000016001833,-41.0002161609016,30.500020343625));
#5809=CARTESIAN_POINT('',(-13.0000019680979,-41.0002161609016,33.5500153705865));
#5810=CARTESIAN_POINT('',(-13.0000016001821,-41.0002161609016,30.5000204642526));
#5811=CARTESIAN_POINT('',(-12.0000020887255,-41.0002161609016,34.5500154912144));
#5812=CARTESIAN_POINT('Origin',(-12.0000019680979,-41.0002161609016,33.5500154912144));
#5813=CARTESIAN_POINT('',(11.9999991593178,-41.0002161609016,34.5500183862762));
#5814=CARTESIAN_POINT('',(-12.0000020887255,-41.0002161609016,34.5500154912144));
#5815=CARTESIAN_POINT('',(12.9999992799453,-41.0002161609016,33.5500185069038));
#5816=CARTESIAN_POINT('Origin',(11.9999992799454,-41.0002161609016,33.5500183862762));
#5817=CARTESIAN_POINT('',(12.9999994005717,-41.0002161609016,30.500023721197));
#5818=CARTESIAN_POINT('',(12.9999994005729,-41.0002161609016,32.5500185069038));
#5819=CARTESIAN_POINT('Origin',(13.9999994005729,-41.0002161609016,30.500023721197));
#5820=CARTESIAN_POINT('Origin',(18.9999996389915,-40.0002161609016,34.7500233414999));
#5821=CARTESIAN_POINT('',(19.9999996389915,-40.0002161609016,48.5000187655388));
#5822=CARTESIAN_POINT('',(19.9999990053281,-40.0002161609016,34.7500234622008));
#5823=CARTESIAN_POINT('Origin',(18.9999996389915,-40.0002161609016,48.5000187655388));
#5824=CARTESIAN_POINT('Origin',(19.9999996389915,18.4997860696153,29.5001650880672));
#5825=CARTESIAN_POINT('',(19.9999996389915,39.9998076702686,48.5000278030468));
#5826=CARTESIAN_POINT('',(19.9999990053229,39.9998076702686,34.7500672603757));
#5827=CARTESIAN_POINT('',(19.9999973456894,37.9998076702686,48.5000192483434));
#5828=CARTESIAN_POINT('',(19.9999973456893,-1.50021568406444,48.5000192483434));
#5829=CARTESIAN_POINT('',(19.9999996389915,37.9998076702686,47.0000247993274));
#5830=CARTESIAN_POINT('',(19.9999989449637,37.9998076702686,35.2501387294739));
#5831=CARTESIAN_POINT('',(19.9999996389915,35.9998076702686,47.0000247993274));
#5832=CARTESIAN_POINT('',(19.9999996389915,3.49978479277271,47.0000247993274));
#5833=CARTESIAN_POINT('',(19.9999996389915,35.9998076702686,37.9998501340392));
#5834=CARTESIAN_POINT('',(19.9999989751441,35.9998076702686,35.0000960903571));
#5835=CARTESIAN_POINT('',(19.9999996389915,35.6997826035092,37.9998501340416));
#5836=CARTESIAN_POINT('',(19.9999986130707,38.3497847927727,37.9998502547401));
#5837=CARTESIAN_POINT('',(19.9999996389915,18.4997860696153,37.9998877893685));
#5838=CARTESIAN_POINT('',(19.9999996389915,3.99979362010193,37.9999195336695));
#5839=CARTESIAN_POINT('',(19.9999996389915,16.9997847927727,37.9998877893685));
#5840=CARTESIAN_POINT('',(19.9999986130661,16.9997847927727,37.9998879100694));
#5841=CARTESIAN_POINT('',(19.9999996389915,11.1177225224568,37.9999006667526));
#5842=CARTESIAN_POINT('',(19.9999996389915,2.49979362010193,37.9999195336695));
#5843=CARTESIAN_POINT('',(19.9999996389915,8.73353986391169,36.8208082339564));
#5844=CARTESIAN_POINT('Origin',(19.9999993070796,11.1177159546663,34.9999007271103));
#5845=CARTESIAN_POINT('',(19.9999996389915,-8.74011656623126,36.8208464883941));
#5846=CARTESIAN_POINT('Origin',(19.9999996389915,-0.00327374286820548,43.4935242600348));
#5847=CARTESIAN_POINT('',(19.9999996389915,-11.1242940620655,37.999949360387));
#5848=CARTESIAN_POINT('Origin',(19.9999993070767,-11.1243006298559,34.9999494207447));
#5849=CARTESIAN_POINT('',(19.9999996389915,-17.0001932834058,37.9999622242786));
#5850=CARTESIAN_POINT('',(19.9999996389915,36.9997940969391,37.9998440040787));
#5851=CARTESIAN_POINT('',(19.9999996389915,-18.5001929709253,37.9999622242786));
#5852=CARTESIAN_POINT('',(19.9999996389915,-17.0001932834058,37.9999622242786));
#5853=CARTESIAN_POINT('',(19.9999996389915,-35.7002161609016,37.9999998796628));
#5854=CARTESIAN_POINT('',(19.9999986130714,35.4997940969394,37.9998441247796));
#5855=CARTESIAN_POINT('',(19.9999996389915,-36.0001932834058,37.9999998796628));
#5856=CARTESIAN_POINT('',(19.9999986130526,1.14978431593555,38.0000000003637));
#5857=CARTESIAN_POINT('',(19.9999996389915,-36.0001932834058,47.0000247993274));
#5858=CARTESIAN_POINT('',(19.9999985225152,-36.0001932834058,38.7500960903571));
#5859=CARTESIAN_POINT('',(19.9999996389915,-38.0002161609016,47.0000247993274));
#5860=CARTESIAN_POINT('',(19.9999996389915,0.49978479277271,47.0000247993274));
#5861=CARTESIAN_POINT('',(19.9999996389915,-38.0002161609016,48.5000187655388));
#5862=CARTESIAN_POINT('',(19.999998944969,-38.0002161609016,35.2500949312987));
#5863=CARTESIAN_POINT('',(19.9999973456893,-1.50021568406444,48.5000192483434));
#5864=CARTESIAN_POINT('Origin',(18.9999996389915,39.9998076702686,34.7500671396747));
#5865=CARTESIAN_POINT('',(18.9999996389915,40.9998076702686,48.5000278030468));
#5866=CARTESIAN_POINT('',(18.9999996389915,40.9998076702686,34.7500671396747));
#5867=CARTESIAN_POINT('Origin',(18.9999996389915,39.9998076702686,48.5000278030468));
#5868=CARTESIAN_POINT('Origin',(-6.07629763615947E-6,40.9998076702686,41.0001099568592));
#5869=CARTESIAN_POINT('',(16.9999994005729,40.9998076702686,34.5500237979693));
#5870=CARTESIAN_POINT('',(16.9999994005729,40.9998076702686,36.2750668774142));
#5871=CARTESIAN_POINT('',(1.99999916215435,40.9998076702686,34.5500237979693));
#5872=CARTESIAN_POINT('',(12.9999994005729,40.9998076702686,34.5500237979693));
#5873=CARTESIAN_POINT('',(1.99999916215435,40.9998076702686,29.5001471786161));
#5874=CARTESIAN_POINT('',(1.99999916215435,40.9998076702686,36.2750668774142));
#5875=CARTESIAN_POINT('',(-2.00000107350476,40.9998076702686,29.500146695812));
#5876=CARTESIAN_POINT('',(9.99999747537569,40.9998076702686,29.5001481442243));
#5877=CARTESIAN_POINT('',(-2.00000107350476,40.9998076702686,34.5500237979693));
#5878=CARTESIAN_POINT('',(-2.00000107350476,40.9998076702686,36.2750668774142));
#5879=CARTESIAN_POINT('',(-17.0000015531682,40.9998076702686,34.5500237979693));
#5880=CARTESIAN_POINT('',(-6.00000107350476,40.9998076702686,34.5500237979693));
#5881=CARTESIAN_POINT('',(-17.0000015531682,40.9998076702686,30.0001448852963));
#5882=CARTESIAN_POINT('',(-17.0000015531682,40.9998076702686,36.2750668774142));
#5883=CARTESIAN_POINT('',(-19.0000019090602,40.9998076702686,30.0001446438942));
#5884=CARTESIAN_POINT('',(9.99999741502517,40.9998076702686,30.0001481442243));
#5885=CARTESIAN_POINT('',(-19.0000017915867,40.9998076702686,48.5000439324925));
#5886=CARTESIAN_POINT('',(-19.0000018153989,40.9998076702686,44.7500671999993));
#5887=CARTESIAN_POINT('',(-16.0000204288649,40.9998076702686,51.5000252761645));
#5888=CARTESIAN_POINT('Origin',(-16.0000204288649,40.9998076702686,48.5000439134427));
#5889=CARTESIAN_POINT('',(16.0000021658738,40.9998076702686,51.5000252761645));
#5890=CARTESIAN_POINT('',(-7.50000345710506,40.9998076702686,51.5000252761645));
#5891=CARTESIAN_POINT('Origin',(16.0000021658738,40.9998076702686,48.5000278030468));
#5892=CARTESIAN_POINT('Origin',(16.9999994005729,36.9998076702686,36.2750668774142));
#5893=CARTESIAN_POINT('',(12.9999994005729,36.9998076702686,34.5500237979693));
#5894=CARTESIAN_POINT('',(12.9999994005729,36.9998076702686,36.2750668774142));
#5895=CARTESIAN_POINT('Origin',(16.9999994005729,36.9998076702686,34.5500237979693));
#5896=CARTESIAN_POINT('Origin',(12.9999994005729,32.9997852696099,31.5500237979693));
#5897=CARTESIAN_POINT('',(12.9999994005729,35.994726292968,34.0046112842697));
#5898=CARTESIAN_POINT('',(12.9999994005729,35.9947174825233,30.0249829858586));
#5899=CARTESIAN_POINT('',(12.9999994005729,35.999806276823,34.0046112842697));
#5900=CARTESIAN_POINT('',(12.9999994005729,35.6997847927727,34.0046112842697));
#5901=CARTESIAN_POINT('',(12.9999994005729,35.999806276823,34.5500237979693));
#5902=CARTESIAN_POINT('',(12.9999994005729,35.999806276823,39.7750242986483));
#5903=CARTESIAN_POINT('',(12.9999994005729,40.9997847927727,34.5500237979693));
#5904=CARTESIAN_POINT('Origin',(10.0000003729601,-40.5002161609016,30.0001481442246));
#5905=CARTESIAN_POINT('',(-13.984196671661,-40.5002161609016,29.5001452493071));
#5906=CARTESIAN_POINT('Ctrl Pts',(-13.984196671661,-40.5002161609016,29.5001452493071));
#5907=CARTESIAN_POINT('Ctrl Pts',(-13.984196671661,-40.5005265406034,29.5001452493071));
#5908=CARTESIAN_POINT('Ctrl Pts',(-13.9841783876048,-40.5008356416804,29.5001455378363));
#5909=CARTESIAN_POINT('Ctrl Pts',(-13.9840840163371,-40.5016420646894,29.5001470346892));
#5910=CARTESIAN_POINT('Ctrl Pts',(-13.9839802997004,-40.5021303841627,29.5001486827603));
#5911=CARTESIAN_POINT('Ctrl Pts',(-13.9834521308598,-40.5039131104842,29.5001572210083));
#5912=CARTESIAN_POINT('Ctrl Pts',(-13.9827491338284,-40.5052729895627,29.5001686153412));
#5913=CARTESIAN_POINT('Ctrl Pts',(-13.980453607332,-40.5084862328384,29.5002106614895));
#5914=CARTESIAN_POINT('Ctrl Pts',(-13.9787258074331,-40.5103989336739,29.5002439164943));
#5915=CARTESIAN_POINT('Ctrl Pts',(-13.971516858119,-40.5172546762242,29.5004143394135));
#5916=CARTESIAN_POINT('Ctrl Pts',(-13.9639843504034,-40.5232580132143,29.5006136345817));
#5917=CARTESIAN_POINT('Ctrl Pts',(-13.9257637294544,-40.5519726274819,29.5023944312794));
#5918=CARTESIAN_POINT('Ctrl Pts',(-13.8304240740595,-40.620330569175,29.5066731132047));
#5919=CARTESIAN_POINT('Ctrl Pts',(-13.5997744407977,-40.7781562505713,29.5762375854629));
#5920=CARTESIAN_POINT('Ctrl Pts',(-13.4971142782994,-40.8450107218269,29.6283946967702));
#5921=CARTESIAN_POINT('Ctrl Pts',(-13.3390988043899,-40.9347107418809,29.744869695317));
#5922=CARTESIAN_POINT('Ctrl Pts',(-13.2751050830561,-40.9663832142363,29.8052998229252));
#5923=CARTESIAN_POINT('Ctrl Pts',(-13.1877017806546,-40.9944947481302,29.9146475935635));
#5924=CARTESIAN_POINT('Ctrl Pts',(-13.159160917595,-41.0002161609016,29.9563845616933));
#5925=CARTESIAN_POINT('Ctrl Pts',(-13.1339040348426,-41.0002161609016,30.0001453519383));
#5926=CARTESIAN_POINT('',(-19.0000018487097,-40.5002161609016,29.5001446438942));
#5927=CARTESIAN_POINT('Origin',(-19.0000019090602,-40.5002161609016,30.0001446438942));
#5928=CARTESIAN_POINT('',(10.0000004333106,-40.5002161609016,29.5001481442246));
#5929=CARTESIAN_POINT('Ctrl Pts',(-19.0000019090602,-41.0002161609016,30.0001446438942));
#5930=CARTESIAN_POINT('Ctrl Pts',(-20.0000019090602,-41.0002161609016,30.0001445231932));
#5931=CARTESIAN_POINT('Ctrl Pts',(-20.0000019090602,-40.0002161609016,30.0001445231932));
#5932=CARTESIAN_POINT('Ctrl Pts',(-19.0000018487097,-41.0002161609016,29.5001446438942));
#5933=CARTESIAN_POINT('Ctrl Pts',(-20.0000018487097,-41.0002161609016,29.5001445231931));
#5934=CARTESIAN_POINT('Ctrl Pts',(-20.0000018487097,-40.0002161609016,29.5001445231931));
#5935=CARTESIAN_POINT('Ctrl Pts',(-19.0000018487097,-40.5002161609016,29.5001446438942));
#5936=CARTESIAN_POINT('Ctrl Pts',(-19.5000018487097,-40.5002161609016,29.5001445835437));
#5937=CARTESIAN_POINT('Ctrl Pts',(-19.5000018487097,-40.0002161609016,29.5001445835437));
#5938=CARTESIAN_POINT('',(-20.0000019090602,-40.0002161609016,30.0001445231932));
#5939=CARTESIAN_POINT('',(-19.5000018487097,-40.0002161609016,29.5001445835437));
#5940=CARTESIAN_POINT('Origin',(-19.5000019090602,-40.0002161609016,30.0001445835437));
#5941=CARTESIAN_POINT('Origin',(-19.0000018487097,-40.0002161609016,29.5001446438942));
#5942=CARTESIAN_POINT('Origin',(-19.0000019090602,-40.0002161609016,30.0001446438942));
#5943=CARTESIAN_POINT('Origin',(-19.5000019090602,28.2497962315206,30.0001445835437));
#5944=CARTESIAN_POINT('',(-20.0000019090602,39.9998076702686,30.0001445867187));
#5945=CARTESIAN_POINT('',(-19.5000018487097,39.9998076702686,29.5001445835437));
#5946=CARTESIAN_POINT('Origin',(-19.5000019090602,39.9998076702686,30.0001445835437));
#5947=CARTESIAN_POINT('',(-19.5000018487097,28.2497962315206,29.5001445835437));
#5948=CARTESIAN_POINT('',(-20.0000019090602,28.2497962315206,30.0001445867187));
#5949=CARTESIAN_POINT('Ctrl Pts',(-20.0000019090602,39.9998076702686,30.0001445867187));
#5950=CARTESIAN_POINT('Ctrl Pts',(-20.0000019090602,40.9998076702686,30.0001445867187));
#5951=CARTESIAN_POINT('Ctrl Pts',(-19.0000019090602,40.9998076702686,30.0001447074197));
#5952=CARTESIAN_POINT('Ctrl Pts',(-20.0000019103754,39.9998076702686,29.7930377869259));
#5953=CARTESIAN_POINT('Ctrl Pts',(-20.0000019103754,40.9998076965817,29.7930377869259));
#5954=CARTESIAN_POINT('Ctrl Pts',(-19.0000018840622,40.9998076965817,29.793037907627));
#5955=CARTESIAN_POINT('Ctrl Pts',(-19.8535552794389,39.9998076702686,29.6465911727358));
#5956=CARTESIAN_POINT('Ctrl Pts',(-19.8535552794389,40.8533610833215,29.6465911727358));
#5957=CARTESIAN_POINT('Ctrl Pts',(-19.000001866386,40.8533610833215,29.6465912757606));
#5958=CARTESIAN_POINT('Ctrl Pts',(-19.7071086485024,39.9998076702686,29.5001445585457));
#5959=CARTESIAN_POINT('Ctrl Pts',(-19.7071086485024,40.7069144700613,29.5001445585457));
#5960=CARTESIAN_POINT('Ctrl Pts',(-19.0000018487097,40.7069144700613,29.5001446438942));
#5961=CARTESIAN_POINT('Ctrl Pts',(-19.5000018487097,39.9998076702686,29.5001445835437));
#5962=CARTESIAN_POINT('Ctrl Pts',(-19.5000018487097,40.4998076702686,29.5001445835437));
#5963=CARTESIAN_POINT('Ctrl Pts',(-19.0000018487097,40.4998076702686,29.5001446438942));
#5964=CARTESIAN_POINT('',(-19.0000018487097,40.4998076702686,29.5001446438942));
#5965=CARTESIAN_POINT('Origin',(-19.0000019090602,40.4998076702686,30.0001446438942));
#5966=CARTESIAN_POINT('Origin',(-19.0000018487097,39.9998076702686,29.5001446438942));
#5967=CARTESIAN_POINT('Origin',(-19.0000019090602,39.9998076702686,30.0001446438942));
#5968=CARTESIAN_POINT('Origin',(9.99999741502517,40.4998076702686,30.0001481442243));
#5969=CARTESIAN_POINT('',(-17.0000014928177,40.4998076702686,29.5001448852963));
#5970=CARTESIAN_POINT('Origin',(-17.0000015531682,40.4998076702686,30.0001448852963));
#5971=CARTESIAN_POINT('',(9.99999747537569,40.4998076702686,29.5001481442243));
#5972=CARTESIAN_POINT('Origin',(-17.0000015531682,36.9998076702686,30.0001448852963));
#5973=CARTESIAN_POINT('',(-13.0000015531682,36.9998076702686,30.0001453681005));
#5974=CARTESIAN_POINT('',(-13.5000014928177,36.9998076702686,29.50014530775));
#5975=CARTESIAN_POINT('Origin',(-13.5000015531682,36.9998076702686,30.00014530775));
#5976=CARTESIAN_POINT('Origin',(-17.0000014928177,36.9998076702686,29.5001448852963));
#5977=CARTESIAN_POINT('Origin',(-17.0000015531682,36.9998076702686,30.0001448852963));
#5978=CARTESIAN_POINT('Origin',(-13.5000015531682,24.9997964699392,30.00014530775));
#5979=CARTESIAN_POINT('',(-13.0000015531682,35.9998048260157,30.00014530775));
#5980=CARTESIAN_POINT('',(-13.5000014928177,35.9998059329588,29.50014530775));
#5981=CARTESIAN_POINT('Origin',(-13.5000015531682,35.9998048260156,30.00014530775));
#5982=CARTESIAN_POINT('',(-13.5000014928177,24.9997964699392,29.50014530775));
#5983=CARTESIAN_POINT('',(-13.0000015531682,24.9997964699392,30.00014530775));
#5984=CARTESIAN_POINT('Origin',(-13.0000015531682,32.9998081471057,31.5500237979693));
#5985=CARTESIAN_POINT('',(-13.0000015531682,36.9998076702686,34.5500237979693));
#5986=CARTESIAN_POINT('',(-13.0000015531682,36.9998076702686,36.2750668774142));
#5987=CARTESIAN_POINT('',(-13.0000015531682,35.9998076702686,34.5500237979693));
#5988=CARTESIAN_POINT('',(-13.0000015531682,32.9998081471057,34.5500237979693));
#5989=CARTESIAN_POINT('',(-13.0000015531682,35.9998076702686,34.0090203932245));
#5990=CARTESIAN_POINT('',(-13.0000015531682,35.9998076702686,36.0250242986483));
#5991=CARTESIAN_POINT('',(-13.0000015531682,35.999804770846,30.0250651456508));
#5992=CARTESIAN_POINT('Origin',(-17.0000015531682,36.9998076702686,36.2750668774142));
#5993=CARTESIAN_POINT('Origin',(-17.0000015531682,36.9998076702686,34.5500237979693));
#5994=CARTESIAN_POINT('Origin',(-19.0000018153989,39.9998076702686,44.7500671999993));
#5995=CARTESIAN_POINT('',(-20.0000017915867,39.9998076702686,48.5000439388424));
#5996=CARTESIAN_POINT('',(-20.0000018153989,39.9998076702686,44.7500672063492));
#5997=CARTESIAN_POINT('Origin',(-19.0000017915867,39.9998076702686,48.5000439324925));
#5998=CARTESIAN_POINT('Origin',(-20.0000017915868,39.4998076702686,48.5000243288402));
#5999=CARTESIAN_POINT('',(-20.0000017915867,-40.0002161609016,48.5000318760146));
#6000=CARTESIAN_POINT('',(-20.0000018153991,-40.0002161609016,44.7500234081744));
#6001=CARTESIAN_POINT('',(-20.0000017915867,-38.0002161609016,48.5000318760146));
#6002=CARTESIAN_POINT('',(-20.0000017915867,-1.50020424531651,48.5000318760146));
#6003=CARTESIAN_POINT('',(-20.0000018011117,-38.0002161609016,47.0000248056773));
#6004=CARTESIAN_POINT('',(-20.0000018153991,-38.0002161609016,44.7500234081744));
#6005=CARTESIAN_POINT('',(-20.0000018011117,-36.0001932834057,47.0000248056773));
#6006=CARTESIAN_POINT('',(-20.0000018011117,0.999807193431406,47.0000248056773));
#6007=CARTESIAN_POINT('',(-20.0000018582625,-36.0001932834057,37.9998494836077));
#6008=CARTESIAN_POINT('',(-20.0000017931743,-36.0001932834057,48.2500246307583));
#6009=CARTESIAN_POINT('',(-20.0000018582622,-18.5001929709253,37.9998877957185));
#6010=CARTESIAN_POINT('',(-20.0000018582619,0.999819781710426,37.9999304863848));
#6011=CARTESIAN_POINT('',(-20.0000018582622,-17.0001932834057,37.9998877957185));
#6012=CARTESIAN_POINT('',(-20.0000018582622,-17.0001932834057,37.9998877957185));
#6013=CARTESIAN_POINT('',(-20.0000018582621,-11.1181310130898,37.9999006731025));
#6014=CARTESIAN_POINT('',(-20.0000018582619,2.49981978171042,37.9999304863848));
#6015=CARTESIAN_POINT('',(-20.0000018657493,-8.73394835454473,36.8208082403063));
#6016=CARTESIAN_POINT('Origin',(-20.000001877312,-11.1181244452994,34.9999006731097));
#6017=CARTESIAN_POINT('',(-20.0000018657491,8.73970807559821,36.8208464947441));
#6018=CARTESIAN_POINT('Origin',(-20.0000018233779,0.00286525223515799,43.4935242663848));
#6019=CARTESIAN_POINT('',(-20.0000018582618,11.1238855714324,37.999949366737));
#6020=CARTESIAN_POINT('Origin',(-20.0000018773117,11.1238921392229,34.9999493667442));
#6021=CARTESIAN_POINT('',(-20.0000018582617,16.9997847927727,37.9999622306285));
#6022=CARTESIAN_POINT('',(-20.0000018582619,2.49981978171042,37.9999304863848));
#6023=CARTESIAN_POINT('',(-20.0000018582617,18.4997860696153,37.9999622306285));
#6024=CARTESIAN_POINT('',(-20.0000018582617,16.9997847927727,37.9999622306285));
#6025=CARTESIAN_POINT('',(-20.0000018582615,35.9998076702686,38.0000005427894));
#6026=CARTESIAN_POINT('',(-20.0000018582619,3.99981978171042,37.9999304863848));
#6027=CARTESIAN_POINT('',(-20.0000018011117,35.9998076702686,47.0000248056773));
#6028=CARTESIAN_POINT('',(-20.0000018169866,35.9998076702686,44.5000246307583));
#6029=CARTESIAN_POINT('',(-20.0000018011117,37.9998076702686,47.0000248056773));
#6030=CARTESIAN_POINT('',(-20.0000018011117,3.9998071934314,47.0000248056773));
#6031=CARTESIAN_POINT('',(-20.0000017915867,37.9998076702686,48.5000439388424));
#6032=CARTESIAN_POINT('',(-20.0000018153989,37.9998076702686,44.7500672063492));
#6033=CARTESIAN_POINT('',(-20.0000017915867,1.49979575468349,48.5000439388424));
#6034=CARTESIAN_POINT('Origin',(-19.0000018153991,-40.0002161609016,44.7500234018245));
#6035=CARTESIAN_POINT('Origin',(-19.0000017915867,-40.0002161609016,48.5000318696646));
#6036=CARTESIAN_POINT('Origin',(-14.0000016001833,-41.0002161609016,30.500020343625));
#6037=CARTESIAN_POINT('',(-13.9841966717385,-36.0001158449885,29.5001452493071));
#6038=CARTESIAN_POINT('',(-13.984196671661,-41.0002161609016,29.5001452493071));
#6039=CARTESIAN_POINT('',(-13.0000016001819,-36.0001180585983,30.5000204642526));
#6040=CARTESIAN_POINT('Origin',(-14.0000016001833,-36.0001180585983,30.500020343625));
#6041=CARTESIAN_POINT('',(-13.0000016001821,-41.0002161609016,30.5000204642526));
#6042=CARTESIAN_POINT('Origin',(-1.20000319663455,-36.0001158447366,29.500032957309));
#6043=CARTESIAN_POINT('',(13.9849113377747,-36.000164027605,29.5001486252075));
#6044=CARTESIAN_POINT('',(9.39999822117136,-36.0001158449887,29.5001480718037));
#6045=CARTESIAN_POINT('',(12.999999610482,-36.0001662414067,30.5000347304255));
#6046=CARTESIAN_POINT('Origin',(13.999999820391,-36.0001180586231,30.500034790846));
#6047=CARTESIAN_POINT('',(12.9999998203903,-36.0001197150219,33.5500185069042));
#6048=CARTESIAN_POINT('',(12.9999998203961,-36.0001180585288,30.4999920910048));
#6049=CARTESIAN_POINT('',(12.9065366143502,-36.0001240735492,33.9721440326544));
#6050=CARTESIAN_POINT('Origin',(11.9999992799454,-36.0001248109406,33.5500183862762));
#6051=CARTESIAN_POINT('',(5.76226416589572,-36.0001240735492,34.5500176338334));
#6052=CARTESIAN_POINT('Origin',(9.99999831278815,-36.0001446028058,42.4898922739182));
#6053=CARTESIAN_POINT('',(-5.77465301168614,-36.0001240735492,34.5500162421632));
#6054=CARTESIAN_POINT('',(-3.62184607315863E-6,-36.0001270248268,34.5500169387451));
#6055=CARTESIAN_POINT('',(-12.9047461287858,-36.0001240735492,33.9759726726334));
#6056=CARTESIAN_POINT('Origin',(-10.0024721512761,-36.0001446145059,42.4951748512103));
#6057=CARTESIAN_POINT('',(-13.0000026796242,-36.000124073549,33.5500153705864));
#6058=CARTESIAN_POINT('Origin',(-12.0000028062914,-36.0001248109404,33.5500154912143));
#6059=CARTESIAN_POINT('',(-13.0000016812577,-36.0001203278512,31.5250292320898));
#6060=CARTESIAN_POINT('Origin',(19.9999996389915,16.9997847927727,29.5001493512349));
#6061=CARTESIAN_POINT('',(-6.00000107350476,35.9998059329588,29.5001462130078));
#6062=CARTESIAN_POINT('',(6.47724473059686,35.9998059329588,29.5001477190243));
#6063=CARTESIAN_POINT('',(-6.00000107350476,36.9998076702686,29.5001462130078));
#6064=CARTESIAN_POINT('',(-6.00000107350476,27.9997959931021,29.5001462130078));
#6065=CARTESIAN_POINT('Origin',(-2.00000107350476,36.9998076702686,29.500146695812));
#6066=CARTESIAN_POINT('',(5.99999916215435,36.9998076702686,29.5001476614203));
#6067=CARTESIAN_POINT('Origin',(1.99999916215435,36.9998076702686,29.5001471786161));
#6068=CARTESIAN_POINT('',(5.99999916215435,35.9947163205994,29.5001476614203));
#6069=CARTESIAN_POINT('',(5.99999916215435,27.9997845543541,29.5001476614203));
#6070=CARTESIAN_POINT('',(13.5214096266415,35.9947163205994,29.5001485692624));
#6071=CARTESIAN_POINT('Ctrl Pts',(13.9842647681437,-40.5002161609016,29.5001486251295));
#6072=CARTESIAN_POINT('Ctrl Pts',(13.984587942863,-38.2030322761437,29.5001486251685));
#6073=CARTESIAN_POINT('Ctrl Pts',(13.984911120797,-36.0002122102212,29.5001486252075));
#6074=CARTESIAN_POINT('Origin',(13.9999994005729,14.2498067976412,30.5001460384679));
#6075=CARTESIAN_POINT('',(12.9999994005729,14.2498067976412,30.5001460384679));
#6076=CARTESIAN_POINT('Origin',(7.04281973501655,35.9947141062725,28.4999488041948));
#6077=CARTESIAN_POINT('',(5.99999916215435,35.9947278060871,34.4276341042161));
#6078=CARTESIAN_POINT('',(5.99999916215435,35.9947174825399,30.0249896275165));
#6079=CARTESIAN_POINT('Origin',(9.99999831278818,35.9947450784164,42.4898922739182));
#6080=CARTESIAN_POINT('Origin',(5.99999916215435,38.9997843159356,31.5500237979693));
#6081=CARTESIAN_POINT('',(5.99999916215435,36.9998076702686,34.5500237979693));
#6082=CARTESIAN_POINT('',(5.99999916215435,36.9998076702686,36.2750668774142));
#6083=CARTESIAN_POINT('',(5.99999916215435,35.999806276823,34.5500237979693));
#6084=CARTESIAN_POINT('',(5.99999916215435,35.9997847927727,34.5500237979693));
#6085=CARTESIAN_POINT('',(5.99999916215435,35.999806276823,34.4276341042161));
#6086=CARTESIAN_POINT('',(5.99999916215435,35.999806276823,39.7750242986483));
#6087=CARTESIAN_POINT('',(5.99999916215435,-33.0002161609016,34.4276341042161));
#6088=CARTESIAN_POINT('Origin',(-7.0455100570912,35.9998081469475,28.5000998516883));
#6089=CARTESIAN_POINT('',(-6.00000131474963,35.9998076702686,34.4341434530111));
#6090=CARTESIAN_POINT('',(-6.00000131474963,35.9998047708623,30.0250585039929));
#6091=CARTESIAN_POINT('Origin',(-10.0024721512761,35.9997771634414,42.4951748512103));
#6092=CARTESIAN_POINT('Origin',(1.99999916215435,36.9998076702686,36.2750668774142));
#6093=CARTESIAN_POINT('Origin',(1.99999916215435,36.9998076702686,34.5500237979693));
#6094=CARTESIAN_POINT('Origin',(-2.00000107350476,36.9998076702686,36.2750668774142));
#6095=CARTESIAN_POINT('',(-6.00000131474963,36.9998076702686,34.5500237979693));
#6096=CARTESIAN_POINT('',(-6.00000107350476,36.9998076702686,36.2750668774142));
#6097=CARTESIAN_POINT('Origin',(-2.00000107350476,36.9998076702686,34.5500237979693));
#6098=CARTESIAN_POINT('Origin',(-6.00000107350476,38.9998071934314,31.5500237979693));
#6099=CARTESIAN_POINT('',(-6.00000131474963,35.9998076702686,34.5500237979693));
#6100=CARTESIAN_POINT('',(-6.00000107350476,35.9998076702686,36.0250242986483));
#6101=CARTESIAN_POINT('',(-6.00000131474963,35.9998076702686,34.5500237979693));
#6102=CARTESIAN_POINT('Origin',(0.999998923668937,-36.0001932834057,48.0000247993274));
#6103=CARTESIAN_POINT('',(18.9999996389915,-36.0001941046467,48.0000247993274));
#6104=CARTESIAN_POINT('Origin',(18.9999996389915,-36.0001932834058,47.0000247993274));
#6105=CARTESIAN_POINT('',(18.9999996389915,-36.0001941046467,38.9999998796628));
#6106=CARTESIAN_POINT('Origin',(18.9999996389915,-36.0001932834058,37.9999998796628));
#6107=CARTESIAN_POINT('',(18.9353699496036,-36.0001941046467,38.9999998796628));
#6108=CARTESIAN_POINT('',(11.9999985661079,-36.0001941046467,38.9999998796628));
#6109=CARTESIAN_POINT('',(18.0418327859221,-36.0001941046467,38.4489891190883));
#6110=CARTESIAN_POINT('Origin',(18.9353699496036,-36.0001932834058,37.9999998796628));
#6111=CARTESIAN_POINT('',(12.9065366143502,-36.0001941046467,33.9721440326544));
#6112=CARTESIAN_POINT('Origin',(9.99999831278815,-36.0001941046467,42.4898922739182));
#6113=CARTESIAN_POINT('',(11.9999991593178,-36.0001941046467,34.5500183862762));
#6114=CARTESIAN_POINT('Origin',(11.9999992799454,-36.0001941046467,33.5500183862762));
#6115=CARTESIAN_POINT('',(5.76226416589574,-36.0001941046467,34.5500176338334));
#6116=CARTESIAN_POINT('',(1.09999810179018,-36.0001941046467,34.5500170714356));
#6117=CARTESIAN_POINT('',(1.41168294175347,-36.0001941046467,39.7990115467864));
#6118=CARTESIAN_POINT('Origin',(9.99999831278815,-36.0001941046467,42.4898922739182));
#6119=CARTESIAN_POINT('',(0.457425678305169,-36.0001932834057,40.5000247993274));
#6120=CARTESIAN_POINT('Origin',(0.457425678305169,-36.0001932834057,39.5000247993274));
#6121=CARTESIAN_POINT('',(-0.461556253590769,-36.0001932834057,40.5000247993274));
#6122=CARTESIAN_POINT('',(0.999998923668937,-36.0001932834057,40.5000247993274));
#6123=CARTESIAN_POINT('',(-1.41564784335931,-36.0001932834057,39.7995398045157));
#6124=CARTESIAN_POINT('Origin',(-0.461556253590769,-36.0001932834057,39.5000247993274));
#6125=CARTESIAN_POINT('',(-5.77465301168616,-36.0001932834057,34.5500162421632));
#6126=CARTESIAN_POINT('Origin',(-10.0024721512761,-36.0001932834057,42.4951748512103));
#6127=CARTESIAN_POINT('',(-12.0000029269075,-36.0001932834057,34.5500154912143));
#6128=CARTESIAN_POINT('',(1.09999855411015,-36.0001932834057,34.5500170714357));
#6129=CARTESIAN_POINT('',(-12.9047461287756,-36.0001932834057,33.9759726726299));
#6130=CARTESIAN_POINT('Origin',(-12.00000280628,-36.0001932834057,33.5500154912143));
#6131=CARTESIAN_POINT('',(-18.041847769037,-36.0001932834057,38.4493820146266));
#6132=CARTESIAN_POINT('Origin',(-10.0024721512761,-36.0001932834057,42.4951748512103));
#6133=CARTESIAN_POINT('',(-18.9351117265101,-36.0001932834057,38.9998494772602));
#6134=CARTESIAN_POINT('Ctrl Pts',(-18.041847769037,-36.0001932834057,38.4493820146266));
#6135=CARTESIAN_POINT('Ctrl Pts',(-18.124603290949,-36.0001937345883,38.613825116873));
#6136=CARTESIAN_POINT('Ctrl Pts',(-18.2539473774279,-36.0001941852109,38.7545668951826));
#6137=CARTESIAN_POINT('Ctrl Pts',(-18.4105513873051,-36.0001945690236,38.851072985262));
#6138=CARTESIAN_POINT('Ctrl Pts',(-18.5671553971822,-36.0001949528362,38.9475790753414));
#6139=CARTESIAN_POINT('Ctrl Pts',(-18.7510193304575,-36.0001952698389,38.9998494771906));
#6140=CARTESIAN_POINT('Ctrl Pts',(-18.9351117265077,-36.0001954726602,38.9998494771901));
#6141=CARTESIAN_POINT('',(-19.0000018582625,-36.0001932834057,38.9998494772602));
#6142=CARTESIAN_POINT('',(-19.0000017915868,-36.0001932834057,38.9998494772602));
#6143=CARTESIAN_POINT('Origin',(-19.0000018582625,-36.0001932834057,37.9998494772578));
#6144=CARTESIAN_POINT('',(-19.0000018011117,-36.0001932834057,48.0000247993274));
#6145=CARTESIAN_POINT('Origin',(-19.0000018011117,-36.0001932834057,47.0000247993274));
#6146=CARTESIAN_POINT('',(-15.0000017915868,-36.0001932834057,48.0000247993274));
#6147=CARTESIAN_POINT('',(-17.3057612215184,-36.0001932834057,48.0000247993274));
#6148=CARTESIAN_POINT('',(-14.0000017915868,-36.0001932834057,47.0000247993274));
#6149=CARTESIAN_POINT('Origin',(-15.0000017915868,-36.0001932834057,47.0000247993274));
#6150=CARTESIAN_POINT('',(-14.0000017915868,-36.0001932834057,38.5000244416995));
#6151=CARTESIAN_POINT('',(-14.0000017915868,-36.0001932834057,36.5000244416995));
#6152=CARTESIAN_POINT('',(-6.00000107633107,-36.0001932834057,38.5000244416995));
#6153=CARTESIAN_POINT('',(-14.0000017915868,-36.0001932834057,38.5000244416995));
#6154=CARTESIAN_POINT('',(-6.00000107633107,-36.0001932834057,47.0000247993274));
#6155=CARTESIAN_POINT('',(-6.00000107633107,-36.0001932834057,38.6568086781306));
#6156=CARTESIAN_POINT('',(-5.00000107633107,-36.0001932834057,48.0000247993274));
#6157=CARTESIAN_POINT('Origin',(-5.00000107633107,-36.0001932834057,47.0000247993274));
#6158=CARTESIAN_POINT('',(4.99999892373576,-36.0001932834057,48.0000247993274));
#6159=CARTESIAN_POINT('',(0.999998923668937,-36.0001932834057,48.0000247993274));
#6160=CARTESIAN_POINT('',(5.99999892373576,-36.0001941046467,47.0000247993273));
#6161=CARTESIAN_POINT('Origin',(4.99999892373576,-36.0001932834057,47.0000247993273));
#6162=CARTESIAN_POINT('',(5.99999892373576,-36.0001941046467,38.5000244416995));
#6163=CARTESIAN_POINT('',(5.99999892373576,-36.0001941046467,44.2500247993274));
#6164=CARTESIAN_POINT('',(13.9999996389915,-36.0001941046467,38.5000244416995));
#6165=CARTESIAN_POINT('',(7.49999928136363,-36.0001941046467,38.5000244416995));
#6166=CARTESIAN_POINT('',(13.9999996389915,-36.0001941046467,47.0000247993274));
#6167=CARTESIAN_POINT('',(13.9999996389915,-36.0001941046467,38.5000246205134));
#6168=CARTESIAN_POINT('',(14.9999996389915,-36.0001941046467,48.0000247993274));
#6169=CARTESIAN_POINT('Origin',(14.9999996389915,-36.0001932834058,47.0000247993274));
#6170=CARTESIAN_POINT('',(8.49999892373576,-36.0001941046467,48.0000247993274));
#6171=CARTESIAN_POINT('Origin',(-1.60417201744423E-7,-38.0002161609016,
41.0000223605096));
#6172=CARTESIAN_POINT('',(18.9999996389915,-38.0002166377388,48.0000247993274));
#6173=CARTESIAN_POINT('Origin',(18.9999996389915,-38.0002161609016,47.0000247993274));
#6174=CARTESIAN_POINT('',(15.9999989237358,-38.0002166377388,48.0000247993274));
#6175=CARTESIAN_POINT('',(15.9999989237358,-38.0002166377388,48.0000247993274));
#6176=CARTESIAN_POINT('',(15.9999989237358,-38.0002166377388,38.5000244416995));
#6177=CARTESIAN_POINT('',(15.9999989237358,-38.0002166377388,36.5000244416995));
#6178=CARTESIAN_POINT('',(11.9999991621543,-38.0002166377388,38.5000244416995));
#6179=CARTESIAN_POINT('',(12.9999994005729,-38.0002166377388,38.5000244416995));
#6180=CARTESIAN_POINT('',(11.9999989208992,-38.0002166377388,34.5500183862762));
#6181=CARTESIAN_POINT('',(11.9999991621543,-38.0002166377388,31.5500237979693));
#6182=CARTESIAN_POINT('',(7.99999856327133,-38.0002166377388,34.5500179037659));
#6183=CARTESIAN_POINT('',(-12.0000020887255,-38.0002161609016,34.5500154912144));
#6184=CARTESIAN_POINT('',(7.99999880452647,-38.0002166377388,38.5000244416995));
#6185=CARTESIAN_POINT('',(7.99999880452647,-38.0002166377388,44.500024858932));
#6186=CARTESIAN_POINT('',(3.99999904294505,-38.0002166377388,38.5000244416995));
#6187=CARTESIAN_POINT('',(12.9999994005729,-38.0002166377388,38.5000244416995));
#6188=CARTESIAN_POINT('',(3.99999904294505,-38.0002166377388,48.0000247993274));
#6189=CARTESIAN_POINT('',(3.99999904294505,-38.0002166377388,36.5000244416995));
#6190=CARTESIAN_POINT('',(1.19999680336223,-38.0001939986615,48.0000247993274));
#6191=CARTESIAN_POINT('',(0.999998923735756,-38.0002166377388,48.0000247993274));
#6192=CARTESIAN_POINT('',(-4.00000119554035,-38.0001937602429,48.0000247993274));
#6193=CARTESIAN_POINT('',(0.999998923668937,-38.0001937602429,48.0000247993274));
#6194=CARTESIAN_POINT('',(-4.00000119554035,-38.0001937602429,38.5000244416995));
#6195=CARTESIAN_POINT('',(-4.00000119554035,-38.0001937602429,36.5000244416995));
#6196=CARTESIAN_POINT('',(-8.00000095712178,-38.0001937602429,38.5000244416995));
#6197=CARTESIAN_POINT('',(-1.00000107633107,-38.0001937602429,38.5000244416995));
#6198=CARTESIAN_POINT('',(-8.00000119837611,-38.0001937602429,34.5500159737248));
#6199=CARTESIAN_POINT('',(-8.00000095712178,-38.0001937602429,34.0250241198344));
#6200=CARTESIAN_POINT('',(-12.0000015560048,-38.0001937602429,34.5500221328724));
#6201=CARTESIAN_POINT('',(-12.0000020887255,-38.0002161609016,34.5500154912144));
#6202=CARTESIAN_POINT('',(-12.0000013147496,-38.0001937602429,38.5000244416995));
#6203=CARTESIAN_POINT('',(-12.0000013147496,-38.0001937602429,31.5500237979693));
#6204=CARTESIAN_POINT('',(-16.0000010763311,-38.0001937602429,38.5000244416995));
#6205=CARTESIAN_POINT('',(-1.00000107633107,-38.0001937602429,38.5000244416995));
#6206=CARTESIAN_POINT('',(-16.0000010763311,-38.0001937602429,48.0000247993274));
#6207=CARTESIAN_POINT('',(-16.0000010763311,-38.0001937602429,36.5000244416995));
#6208=CARTESIAN_POINT('',(-17.3057612215184,-38.0001937602429,48.0000247993274));
#6209=CARTESIAN_POINT('',(-17.3057612215184,-38.0001937602429,48.0000247993274));
#6210=CARTESIAN_POINT('',(-19.0000018011117,-38.0002161609016,48.0000247993274));
#6211=CARTESIAN_POINT('',(-8.65288069096782,-38.0002161609016,48.0000247993274));
#6212=CARTESIAN_POINT('Origin',(-19.0000018011117,-38.0002161609016,47.0000247993274));
#6213=CARTESIAN_POINT('',(-16.000008366037,-38.0002161609016,52.5000252761645));
#6214=CARTESIAN_POINT('Origin',(-16.000008366037,-38.0002161609016,48.5000318506148));
#6215=CARTESIAN_POINT('',(15.9999931283657,-38.0002161609016,52.5000252761645));
#6216=CARTESIAN_POINT('',(-7.50000049916484,-38.0002161609016,52.5000252761645));
#6217=CARTESIAN_POINT('Origin',(15.9999931283657,-38.0002161609016,48.5000187655388));
#6218=CARTESIAN_POINT('Origin',(15.9999931283657,-1.50021568406444,48.5000187655388));
#6219=CARTESIAN_POINT('',(15.9999931283657,-40.0002161609016,52.5000252761645));
#6220=CARTESIAN_POINT('',(15.9999931283657,-1.50021568406444,52.5000252761645));
#6221=CARTESIAN_POINT('Origin',(15.9999931283657,-40.0002161609016,48.5000187655388));
#6222=CARTESIAN_POINT('Origin',(18.9999996389915,1.14978431593555,37.9999998796628));
#6223=CARTESIAN_POINT('',(18.9999996389915,-35.7002161609016,38.9999998796628));
#6224=CARTESIAN_POINT('Origin',(18.9999996389915,-35.7002161609016,37.9999998796628));
#6225=CARTESIAN_POINT('',(18.9999996389915,1.14978431593555,38.9999998796628));
#6226=CARTESIAN_POINT('Origin',(18.9999996389915,-11.1243006298559,34.9999493603942));
#6227=CARTESIAN_POINT('',(18.9999996389915,-7.94538854502304,37.4278121977274));
#6228=CARTESIAN_POINT('Origin',(18.9999996389915,-8.74011656623126,36.8208464883941));
#6229=CARTESIAN_POINT('',(18.9999996389915,-11.124291872802,38.9999493603846));
#6230=CARTESIAN_POINT('Origin',(18.9999996389915,-11.1243006298559,34.9999493603942));
#6231=CARTESIAN_POINT('Origin',(18.9999996389915,-11.1242940620655,37.999949360387));
#6232=CARTESIAN_POINT('Origin',(18.9999996389915,11.1177159546663,34.9999006667598));
#6233=CARTESIAN_POINT('',(18.9999996389915,11.1177247117202,38.9999006667502));
#6234=CARTESIAN_POINT('Origin',(18.9999996389915,11.1177225224568,37.9999006667526));
#6235=CARTESIAN_POINT('',(18.9999996389915,7.9388145003268,37.4277774230219));
#6236=CARTESIAN_POINT('Origin',(18.9999996389915,11.1177159546663,34.9999006667598));
#6237=CARTESIAN_POINT('Origin',(18.9999996389915,8.73353986391169,36.8208082339564));
#6238=CARTESIAN_POINT('Origin',(18.9999996389915,38.3497847927727,37.9998501340392));
#6239=CARTESIAN_POINT('',(18.9999996389915,35.999806276823,38.9998501340392));
#6240=CARTESIAN_POINT('Origin',(18.9999996389915,35.9998076702686,37.9998501340392));
#6241=CARTESIAN_POINT('',(18.9999996389915,35.6997847927727,38.9998501340392));
#6242=CARTESIAN_POINT('',(18.9999996389915,38.3497847927727,38.9998501340392));
#6243=CARTESIAN_POINT('Origin',(18.9999996389915,35.6997826035092,37.9998501340416));
#6244=CARTESIAN_POINT('Origin',(0.999998923668952,35.9998076702686,40.5000247993274));
#6245=CARTESIAN_POINT('',(18.9999996389915,35.999806276823,48.0000247993274));
#6246=CARTESIAN_POINT('Origin',(18.9999996389915,35.9998076702686,47.0000247993274));
#6247=CARTESIAN_POINT('',(14.9999996389915,35.999806276823,48.0000247993274));
#6248=CARTESIAN_POINT('',(9.15287899632946,35.999806276823,48.0000247993274));
#6249=CARTESIAN_POINT('',(13.9999996389915,35.999806276823,47.0000247993274));
#6250=CARTESIAN_POINT('Origin',(14.9999996389915,35.9998076702686,47.0000247993274));
#6251=CARTESIAN_POINT('',(13.9999996389915,35.999806276823,38.5000244416995));
#6252=CARTESIAN_POINT('',(13.9999996389915,35.999806276823,48.0000247993274));
#6253=CARTESIAN_POINT('',(5.99999892373577,35.999806276823,38.5000244416995));
#6254=CARTESIAN_POINT('',(3.49999892373577,35.999806276823,38.5000244416995));
#6255=CARTESIAN_POINT('',(5.99999892373577,35.999806276823,47.0000247993274));
#6256=CARTESIAN_POINT('',(5.99999892373577,35.999806276823,42.2500246205134));
#6257=CARTESIAN_POINT('',(4.99999892373577,35.999806276823,48.0000247993274));
#6258=CARTESIAN_POINT('Origin',(4.99999892373577,35.9998076702686,47.0000247993274));
#6259=CARTESIAN_POINT('',(-5.00000107633105,35.999806276823,48.0000247993274));
#6260=CARTESIAN_POINT('',(0.999998923702362,35.999806276823,48.0000247993274));
#6261=CARTESIAN_POINT('',(-6.00000107633105,35.9998076702686,47.0000247993274));
#6262=CARTESIAN_POINT('Origin',(-5.00000107633105,35.9998076702686,47.0000247993274));
#6263=CARTESIAN_POINT('',(-6.00000107633105,35.9998076702686,38.5000244416995));
#6264=CARTESIAN_POINT('',(-6.00000107633105,35.9998076702686,44.4068088569445));
#6265=CARTESIAN_POINT('',(-14.0000017915868,35.9998076702686,38.5000244416995));
#6266=CARTESIAN_POINT('',(-14.0000017915868,35.9998076702686,38.5000244416995));
#6267=CARTESIAN_POINT('',(-14.0000017915868,35.9998076702686,47.0000247993274));
#6268=CARTESIAN_POINT('',(-14.0000017915868,35.9998076702686,36.5000244416995));
#6269=CARTESIAN_POINT('',(-15.0000017915868,35.9998076702686,48.0000247993274));
#6270=CARTESIAN_POINT('Origin',(-15.0000017915868,35.9998076702686,47.0000247993274));
#6271=CARTESIAN_POINT('',(-19.0000018011117,35.9998076702686,48.0000247993274));
#6272=CARTESIAN_POINT('',(-17.3057612215184,35.9998076702686,48.0000247993274));
#6273=CARTESIAN_POINT('Origin',(-19.0000018011117,35.9998076702686,47.0000247993274));
#6274=CARTESIAN_POINT('',(-19.0000018582615,35.9998076702686,39.0000005364418));
#6275=CARTESIAN_POINT('Origin',(-19.0000018582615,35.9998076702686,38.0000005364394));
#6276=CARTESIAN_POINT('',(-18.9351877450114,35.9998076702686,39.0000005364418));
#6277=CARTESIAN_POINT('',(-19.0000017915868,35.9998076702686,39.0000005364418));
#6278=CARTESIAN_POINT('',(-18.0419161856882,35.9998076702686,38.4495179678901));
#6279=CARTESIAN_POINT('Ctrl Pts',(-18.9351877450114,35.9998076702595,39.0000005363765));
#6280=CARTESIAN_POINT('Ctrl Pts',(-18.7510925304859,35.999807873077,39.000000536377));
#6281=CARTESIAN_POINT('Ctrl Pts',(-18.5672257965329,35.9998081900805,38.9477284898951));
#6282=CARTESIAN_POINT('Ctrl Pts',(-18.4106202123292,35.9998085738969,38.8512196026127));
#6283=CARTESIAN_POINT('Ctrl Pts',(-18.2540146281256,35.9998089577134,38.7547107153303));
#6284=CARTESIAN_POINT('Ctrl Pts',(-18.1246701936713,35.9998094083427,38.6139649872475));
#6285=CARTESIAN_POINT('Ctrl Pts',(-18.0419161856904,35.999809859532,38.4495179678944));
#6286=CARTESIAN_POINT('Origin',(-10.0024721512761,35.9998076702686,42.4951748512103));
#6287=CARTESIAN_POINT('',(-3.00000119554034,35.9998076702686,34.5500237979693));
#6288=CARTESIAN_POINT('',(-1.41564784335931,35.9998076702686,39.7995398045157));
#6289=CARTESIAN_POINT('Origin',(-10.0024721512761,35.9998076702686,42.4951748512103));
#6290=CARTESIAN_POINT('',(-0.461556253590769,35.999806276823,40.5000247993274));
#6291=CARTESIAN_POINT('Origin',(-0.461556253590769,35.9998076702686,39.5000247993274));
#6292=CARTESIAN_POINT('',(0.4574256783052,35.999806276823,40.5000247993274));
#6293=CARTESIAN_POINT('',(0.999998923702362,35.999806276823,40.5000247993274));
#6294=CARTESIAN_POINT('',(1.4116829417535,35.999806276823,39.7990115467864));
#6295=CARTESIAN_POINT('Origin',(0.4574256783052,35.9998076702686,39.5000247993274));
#6296=CARTESIAN_POINT('Origin',(9.99999831278818,35.999806276823,42.4898922739182));
#6297=CARTESIAN_POINT('',(6.97889613767162,35.999806276823,34.5500237979693));
#6298=CARTESIAN_POINT('',(18.0417650640382,35.999806276823,38.4488543480271));
#6299=CARTESIAN_POINT('Origin',(9.99999831278818,35.999806276823,42.4898922739182));
#6300=CARTESIAN_POINT('',(18.9352947030659,35.999806276823,38.9998501340392));
#6301=CARTESIAN_POINT('Origin',(18.9352947030659,35.9998076702686,37.9998501340392));
#6302=CARTESIAN_POINT('',(11.9999985661079,35.999806276823,38.9998501340392));
#6303=CARTESIAN_POINT('Origin',(-6.07629763615947E-6,37.9998076702686,41.0001099568592));
#6304=CARTESIAN_POINT('',(18.9999996389915,37.9998076702686,48.0000247993274));
#6305=CARTESIAN_POINT('Origin',(18.9999996389915,37.9998076702686,47.0000247993274));
#6306=CARTESIAN_POINT('',(16.0000021658738,37.9998076702686,52.5000252761645));
#6307=CARTESIAN_POINT('Origin',(15.9999931283658,37.9998076702686,48.5000187655388));
#6308=CARTESIAN_POINT('',(-16.0000204288649,37.9998076702686,52.5000252761645));
#6309=CARTESIAN_POINT('',(-7.50000345710506,37.9998076702686,52.5000252761645));
#6310=CARTESIAN_POINT('Origin',(-16.0000204288649,37.9998076702686,48.5000439134427));
#6311=CARTESIAN_POINT('',(-19.0000018011117,37.9998081471057,48.0000247993274));
#6312=CARTESIAN_POINT('Origin',(-19.0000018011117,37.9998076702686,47.0000247993274));
#6313=CARTESIAN_POINT('',(-16.000001076331,37.9998081471057,48.0000247993274));
#6314=CARTESIAN_POINT('',(-17.3057612215184,37.9998081471057,48.0000247993274));
#6315=CARTESIAN_POINT('',(-16.000001076331,37.9998081471057,38.5000244416995));
#6316=CARTESIAN_POINT('',(-16.000001076331,37.9998081471057,36.5000244416995));
#6317=CARTESIAN_POINT('',(-12.0000013147496,37.9998081471057,38.5000244416995));
#6318=CARTESIAN_POINT('',(1.99999904287824,37.9998081471057,38.5000244416995));
#6319=CARTESIAN_POINT('',(-12.0000013147496,37.9998081471057,34.5500237979693));
#6320=CARTESIAN_POINT('',(-12.0000013147496,37.9998081471057,44.500024858932));
#6321=CARTESIAN_POINT('',(-8.00000095712176,37.9998081471057,34.5500237979693));
#6322=CARTESIAN_POINT('',(-6.00000107350476,37.9998076702686,34.5500237979693));
#6323=CARTESIAN_POINT('',(-8.00000095712176,37.9998081471057,38.5000244416995));
#6324=CARTESIAN_POINT('',(-8.00000095712176,37.9998081471057,31.5500237979693));
#6325=CARTESIAN_POINT('',(-4.00000119554034,37.9998081471057,38.5000244416995));
#6326=CARTESIAN_POINT('',(1.99999904287824,37.9998081471057,38.5000244416995));
#6327=CARTESIAN_POINT('',(-4.00000119554034,37.9998081471057,48.0000247993274));
#6328=CARTESIAN_POINT('',(-4.00000119554034,37.9998081471057,44.500024858932));
#6329=CARTESIAN_POINT('',(1.19999680342907,37.9997852696099,48.0000247993274));
#6330=CARTESIAN_POINT('',(0.999998923668952,37.9998081471057,48.0000247993274));
#6331=CARTESIAN_POINT('',(3.99999904294506,37.9997852696099,48.0000247993274));
#6332=CARTESIAN_POINT('',(0.999998923735773,37.9997852696099,48.0000247993274));
#6333=CARTESIAN_POINT('',(3.99999904294506,37.9997852696099,38.5000244416995));
#6334=CARTESIAN_POINT('',(3.99999904294506,37.9997852696099,34.0250241198344));
#6335=CARTESIAN_POINT('',(7.99999880452648,37.9997852696099,38.5000244416995));
#6336=CARTESIAN_POINT('',(8.99999904294506,37.9997852696099,38.5000244416995));
#6337=CARTESIAN_POINT('',(7.99999880452648,37.9997852696099,34.5500237979693));
#6338=CARTESIAN_POINT('',(7.99999880452648,37.9997852696099,31.5500237979693));
#6339=CARTESIAN_POINT('',(11.9999991621544,37.9997852696099,34.5500237979693));
#6340=CARTESIAN_POINT('',(12.9999994005729,37.9998076702686,34.5500237979693));
#6341=CARTESIAN_POINT('',(11.9999991621544,37.9997852696099,38.5000244416995));
#6342=CARTESIAN_POINT('',(11.9999991621544,37.9997852696099,34.0250241198344));
#6343=CARTESIAN_POINT('',(15.9999989237358,37.9997852696099,38.5000244416995));
#6344=CARTESIAN_POINT('',(8.99999904294506,37.9997852696099,38.5000244416995));
#6345=CARTESIAN_POINT('',(15.9999989237358,37.9997852696099,48.0000247993274));
#6346=CARTESIAN_POINT('',(15.9999989237358,37.9997852696099,36.5000244416995));
#6347=CARTESIAN_POINT('',(17.3057590689232,37.9997852696099,48.0000247993274));
#6348=CARTESIAN_POINT('',(15.9999989237358,37.9997852696099,48.0000247993274));
#6349=CARTESIAN_POINT('',(8.65287649631276,37.9998076702686,48.0000247993274));
#6350=CARTESIAN_POINT('Origin',(16.0000021658738,1.49978431593555,48.5000278030468));
#6351=CARTESIAN_POINT('',(16.0000021658738,39.9998076702686,52.5000252761645));
#6352=CARTESIAN_POINT('Origin',(16.0000021658738,39.9998076702686,48.5000278030468));
#6353=CARTESIAN_POINT('',(16.0000021658738,1.49978431593555,52.5000252761645));
#6354=CARTESIAN_POINT('Origin',(-19.00000179152,32.9997847927727,38.9998494772602));
#6355=CARTESIAN_POINT('',(18.9999996389915,-18.5001929709253,38.999962224281));
#6356=CARTESIAN_POINT('',(18.9353510278731,-18.5001929709253,38.999962224281));
#6357=CARTESIAN_POINT('',(-9.50000146407111,-18.5001929709253,38.999962224281));
#6358=CARTESIAN_POINT('',(18.9353699496036,-35.7002161609016,38.9999998796628));
#6359=CARTESIAN_POINT('Ctrl Pts',(18.9353699495322,-35.7002161609016,38.9999998796628));
#6360=CARTESIAN_POINT('Ctrl Pts',(18.9353636423125,-29.9668752017363,38.9999873278688));
#6361=CARTESIAN_POINT('Ctrl Pts',(18.9353573350928,-24.2335342425711,38.9999747760749));
#6362=CARTESIAN_POINT('Ctrl Pts',(18.9353510278731,-18.5001932834058,38.9999622242809));
#6363=CARTESIAN_POINT('',(11.9999985661079,-35.7002161609016,38.9999998796628));
#6364=CARTESIAN_POINT('',(18.9999996389915,35.4997962862026,38.9998440040763));
#6365=CARTESIAN_POINT('Ctrl Pts',(18.9353699495322,-35.7002161609016,38.9999998796628));
#6366=CARTESIAN_POINT('Ctrl Pts',(18.9353636423117,-29.9668744719786,38.9999873278672));
#6367=CARTESIAN_POINT('Ctrl Pts',(18.9353573350912,-24.2335327830556,38.9999747760717));
#6368=CARTESIAN_POINT('Ctrl Pts',(18.9353510278707,-18.5001910941326,38.9999622242762));
#6369=CARTESIAN_POINT('Ctrl Pts',(18.7511761995388,-35.7002163635322,38.9999998796632));
#6370=CARTESIAN_POINT('Ctrl Pts',(18.7511701268771,-29.966874674609,38.9999873252965));
#6371=CARTESIAN_POINT('Ctrl Pts',(18.7511640529076,-24.2335329856857,38.9999747786433));
#6372=CARTESIAN_POINT('Ctrl Pts',(18.7511579802459,-18.5001912967624,38.9999622242766));
#6373=CARTESIAN_POINT('Ctrl Pts',(18.3832467775916,-35.7002169974155,38.8953409661898));
#6374=CARTESIAN_POINT('Ctrl Pts',(18.3832411693863,-29.9668753084911,38.8953286882599));
#6375=CARTESIAN_POINT('Ctrl Pts',(18.3832355623355,-24.2335336195667,38.8953164089411));
#6376=CARTESIAN_POINT('Ctrl Pts',(18.3832299541303,-18.5001919306424,38.89530413101));
#6377=CARTESIAN_POINT('Ctrl Pts',(18.1245337975687,-35.7002178988885,38.6135730800296));
#6378=CARTESIAN_POINT('Ctrl Pts',(18.1245282496358,-29.9668762099626,38.613561457088));
#6379=CARTESIAN_POINT('Ctrl Pts',(18.1245226942127,-24.2335345210367,38.6135498370256));
#6380=CARTESIAN_POINT('Ctrl Pts',(18.1245171462828,-18.5001928321109,38.6135382140812));
#6381=CARTESIAN_POINT('Ctrl Pts',(18.041832785852,-35.7002183501851,38.4489891190934));
#6382=CARTESIAN_POINT('Ctrl Pts',(18.0418271093433,-29.9668766612587,38.4489778224826));
#6383=CARTESIAN_POINT('Ctrl Pts',(18.0418214328372,-24.2335349723322,38.4489665258704));
#6384=CARTESIAN_POINT('Ctrl Pts',(18.0418157563338,-18.5001932834058,38.4489552292569));
#6385=CARTESIAN_POINT('',(18.0418157566202,-18.5001929709253,38.448955229113));
#6386=CARTESIAN_POINT('Ctrl Pts',(18.9353510278731,-18.5001932834058,38.999962224281));
#6387=CARTESIAN_POINT('Ctrl Pts',(18.7511579802482,-18.5001934860356,38.9999622242814));
#6388=CARTESIAN_POINT('Ctrl Pts',(18.5671939671903,-18.5001938029756,38.9476331776481));
#6389=CARTESIAN_POINT('Ctrl Pts',(18.4105337586995,-18.5001941868127,38.8510271750991));
#6390=CARTESIAN_POINT('Ctrl Pts',(18.2538735502087,-18.5001945706498,38.7544211725502));
#6391=CARTESIAN_POINT('Ctrl Pts',(18.1245171462849,-18.500195021384,38.6135382140856));
#6392=CARTESIAN_POINT('Ctrl Pts',(18.041815756336,-18.5001954726789,38.4489552292612));
#6393=CARTESIAN_POINT('',(18.0418327859221,-35.7002161609016,38.4489891190883));
#6394=CARTESIAN_POINT('Ctrl Pts',(18.0418157563338,-18.5001932834058,38.4489552292569));
#6395=CARTESIAN_POINT('Ctrl Pts',(18.0418214328365,-24.233534242571,38.448966525869));
#6396=CARTESIAN_POINT('Ctrl Pts',(18.0418271093418,-29.9668752017363,38.4489778224797));
#6397=CARTESIAN_POINT('Ctrl Pts',(18.0418327858498,-35.7002161609016,38.4489891190891));
#6398=CARTESIAN_POINT('Origin',(18.9353699496036,-35.7002161609016,37.9999998796628));
#6399=CARTESIAN_POINT('Origin',(18.9353699496036,-36.0002161609016,37.9999998796628));
#6400=CARTESIAN_POINT('',(18.0418327859221,-36.0002161609016,38.4489891190883));
#6401=CARTESIAN_POINT('',(18.9353699496036,-36.0002161609016,38.9999998796628));
#6402=CARTESIAN_POINT('Ctrl Pts',(-18.041847769037,-36.0001932834057,38.4493820146266));
#6403=CARTESIAN_POINT('Ctrl Pts',(-18.0418535531519,-30.1668592203179,38.4493935082138));
#6404=CARTESIAN_POINT('Ctrl Pts',(-18.0418593372422,-24.3335251572301,38.4494050018134));
#6405=CARTESIAN_POINT('Ctrl Pts',(-18.0418651213079,-18.5001910941423,38.4494164954254));
#6406=CARTESIAN_POINT('Ctrl Pts',(-18.124603290949,-36.0001937345883,38.613825116873));
#6407=CARTESIAN_POINT('Ctrl Pts',(-18.1246089445329,-30.166859671501,38.6138369425746));
#6408=CARTESIAN_POINT('Ctrl Pts',(-18.1246146057032,-24.3335256084138,38.6138487653623));
#6409=CARTESIAN_POINT('Ctrl Pts',(-18.1246202592405,-18.5001915453266,38.6138605910987));
#6410=CARTESIAN_POINT('Ctrl Pts',(-18.3832914639069,-36.0001946358335,38.8953086734922));
#6411=CARTESIAN_POINT('Ctrl Pts',(-18.3832971792355,-30.1668605727474,38.8953211655375));
#6412=CARTESIAN_POINT('Ctrl Pts',(-18.3833028933771,-24.3335265096613,38.895333659018));
#6413=CARTESIAN_POINT('Ctrl Pts',(-18.3833086086719,-18.5001924465753,38.895346151117));
#6414=CARTESIAN_POINT('Ctrl Pts',(-18.7510193304575,-36.0001952698389,38.9998494771906));
#6415=CARTESIAN_POINT('Ctrl Pts',(-18.751025518449,-30.166861206753,38.9998622503906));
#6416=CARTESIAN_POINT('Ctrl Pts',(-18.7510317077629,-24.3335271436671,38.9998750157845));
#6417=CARTESIAN_POINT('Ctrl Pts',(-18.7510378957431,-18.5001930805811,38.9998877890459));
#6418=CARTESIAN_POINT('Ctrl Pts',(-18.9351117265077,-36.0001954726602,38.9998494771901));
#6419=CARTESIAN_POINT('Ctrl Pts',(-18.9351181531972,-30.1668614095739,38.9998622477779));
#6420=CARTESIAN_POINT('Ctrl Pts',(-18.9351245798867,-24.3335273464877,38.9998750183964));
#6421=CARTESIAN_POINT('Ctrl Pts',(-18.9351310065763,-18.5001932834014,38.9998877890455));
#6422=CARTESIAN_POINT('',(-18.0418651213057,-18.5001929709253,38.449416495421));
#6423=CARTESIAN_POINT('',(-18.9351310065763,-18.5001929709253,38.9998877893709));
#6424=CARTESIAN_POINT('Ctrl Pts',(-18.0418651213057,-18.5001932834058,38.449416495421));
#6425=CARTESIAN_POINT('Ctrl Pts',(-18.1246202592384,-18.50019373459,38.6138605910942));
#6426=CARTESIAN_POINT('Ctrl Pts',(-18.2539644339541,-18.5001941852144,38.7546033711033));
#6427=CARTESIAN_POINT('Ctrl Pts',(-18.4105688430797,-18.500194569028,38.85111017059));
#6428=CARTESIAN_POINT('Ctrl Pts',(-18.5671732522053,-18.5001949528417,38.9476169700767));
#6429=CARTESIAN_POINT('Ctrl Pts',(-18.7510378957408,-18.5001952698446,38.9998877890411));
#6430=CARTESIAN_POINT('Ctrl Pts',(-18.9351310065739,-18.5001954726649,38.9998877890407));
#6431=CARTESIAN_POINT('',(-18.935148634076,-2.5001836640873,38.9999228176075));
#6432=CARTESIAN_POINT('Ctrl Pts',(-18.041847769037,-36.0001932834057,38.4493820146266));
#6433=CARTESIAN_POINT('Ctrl Pts',(-18.0418535531512,-30.1668599500692,38.4493935082124));
#6434=CARTESIAN_POINT('Ctrl Pts',(-18.0418593372408,-24.3335266167327,38.4494050018105));
#6435=CARTESIAN_POINT('Ctrl Pts',(-18.0418651213057,-18.5001932833962,38.449416495421));
#6436=CARTESIAN_POINT('Origin',(18.9999996389915,35.4997940969391,37.9998440040787));
#6437=CARTESIAN_POINT('Origin',(18.9999996389915,-18.5001929709253,37.9999622242786));
#6438=CARTESIAN_POINT('Origin',(18.295819891191,-35.7002161609016,38.9999998796628));
#6439=CARTESIAN_POINT('Origin',(-19.0000018582619,0.999819781710426,37.9999304800348));
#6440=CARTESIAN_POINT('',(-19.0000018582622,-18.5001929709253,38.9998877893709));
#6441=CARTESIAN_POINT('Origin',(-19.0000018582622,-18.5001929709253,37.9998877893685));
#6442=CARTESIAN_POINT('',(-19.0000018582619,0.999817592446954,38.9999304800324));
#6443=CARTESIAN_POINT('Origin',(-19.0000017915868,-36.0001932834057,38.9998494772602));
#6444=CARTESIAN_POINT('',(-9.50000146410452,-18.5001929709253,38.9998877893709));
#6445=CARTESIAN_POINT('Origin',(-16.000008366037,-40.0002161609016,48.5000318506148));
#6446=CARTESIAN_POINT('',(-16.000008366037,-40.0002161609016,52.5000252761645));
#6447=CARTESIAN_POINT('Origin',(-16.000008366037,-40.0002161609016,51.5000252761645));
#6448=CARTESIAN_POINT('Origin',(-16.000008366037,-40.0002161609016,48.5000318506148));
#6449=CARTESIAN_POINT('Origin',(-7.50000049916484,-40.0002161609016,51.5000252761645));
#6450=CARTESIAN_POINT('Origin',(15.9999931283657,-40.0002161609016,51.5000252761645));
#6451=CARTESIAN_POINT('',(-7.50000049916484,-40.0002161609016,52.5000252761645));
#6452=CARTESIAN_POINT('Origin',(15.9999931283657,-40.0002161609016,48.5000187655388));
#6453=CARTESIAN_POINT('Origin',(-16.000008366037,-1.50020424531651,48.5000318506148));
#6454=CARTESIAN_POINT('',(-16.000008366037,-1.50020424531651,52.5000252761645));
#6455=CARTESIAN_POINT('Origin',(-15.0000008379125,-41.0002161609016,52.5000252761645));
#6456=CARTESIAN_POINT('Origin',(18.9999996389915,3.49978479277271,47.0000247993274));
#6457=CARTESIAN_POINT('',(18.9999996389915,0.49978479277271,48.0000247993274));
#6458=CARTESIAN_POINT('Origin',(-19.0000018011117,0.999807193431406,47.0000247993274));
#6459=CARTESIAN_POINT('',(-19.0000018011117,0.999807193431406,48.0000247993274));
#6460=CARTESIAN_POINT('Origin',(-17.3057612215184,-36.0001932834057,48.0000247993274));
#6461=CARTESIAN_POINT('',(-16.0000010763311,-37.0001923297314,48.0000247993274));
#6462=CARTESIAN_POINT('',(-16.0000010763311,-37.0001923297314,48.0000247993274));
#6463=CARTESIAN_POINT('',(-15.0000017915868,-37.0001923297314,48.0000247993274));
#6464=CARTESIAN_POINT('',(-16.0000010763311,-37.0001923297314,48.0000247993274));
#6465=CARTESIAN_POINT('',(-15.0000017915868,-36.5001928065686,48.0000247993274));
#6466=CARTESIAN_POINT('Origin',(15.9999989237358,-37.0002152072273,48.0000247993274));
#6467=CARTESIAN_POINT('',(14.9999996389915,-37.0002152072273,48.0000247993274));
#6468=CARTESIAN_POINT('',(14.9999996389915,-36.5002156840644,48.0000247993274));
#6469=CARTESIAN_POINT('',(15.9999989237358,-37.0002152072273,48.0000247993274));
#6470=CARTESIAN_POINT('',(13.9999996389915,-37.0002152072273,48.0000247993274));
#6471=CARTESIAN_POINT('',(15.9999989237358,-38.0002166377388,48.0000247993274));
#6472=CARTESIAN_POINT('Origin',(-15.0000017915868,-36.5001928065686,47.0000247993274));
#6473=CARTESIAN_POINT('',(-14.0000017915868,-37.0001923297314,47.0000247993274));
#6474=CARTESIAN_POINT('Origin',(-15.0000017915868,-37.0001923297314,47.0000247993274));
#6475=CARTESIAN_POINT('',(-14.0000017915868,-36.5001928065686,47.0000247993274));
#6476=CARTESIAN_POINT('Origin',(-14.0000017915868,-37.0001923297314,48.0000247993274));
#6477=CARTESIAN_POINT('',(-14.0000017915868,-37.0001923297314,38.5000244416995));
#6478=CARTESIAN_POINT('',(-14.0000017915868,-37.0001923297314,36.5000244416995));
#6479=CARTESIAN_POINT('',(-14.0000017915868,-37.0001923297314,38.5000244416995));
#6480=CARTESIAN_POINT('Origin',(-14.0000017915868,-37.0001923297314,48.0000247993274));
#6481=CARTESIAN_POINT('',(-16.0000010763311,-37.0001923297314,38.5000244416995));
#6482=CARTESIAN_POINT('',(-16.0000010763311,-37.0001923297314,36.5000244416995));
#6483=CARTESIAN_POINT('',(-13.0000015531682,-37.0001923297314,38.5000244416995));
#6484=CARTESIAN_POINT('Origin',(-5.00000107633107,-37.5001930449872,47.0000247993274));
#6485=CARTESIAN_POINT('',(-6.00000107633107,-37.0001923297314,47.0000247993274));
#6486=CARTESIAN_POINT('',(-5.00000107633107,-37.0001923297314,48.0000247993274));
#6487=CARTESIAN_POINT('Origin',(-5.00000107633107,-37.0001923297314,47.0000247993274));
#6488=CARTESIAN_POINT('',(-5.00000107633107,-37.5001930449872,48.0000247993274));
#6489=CARTESIAN_POINT('',(-6.00000107633107,-37.5001930449872,47.0000247993274));
#6490=CARTESIAN_POINT('Origin',(0.999998923668937,-38.0001937602429,48.0000247993274));
#6491=CARTESIAN_POINT('',(-4.00000119554035,-37.0001923297314,48.0000247993274));
#6492=CARTESIAN_POINT('',(-6.00000107633107,-37.0001923297314,48.0000247993274));
#6493=CARTESIAN_POINT('',(-4.00000119554035,-37.5001930449872,48.0000247993274));
#6494=CARTESIAN_POINT('',(3.99999904294505,-37.0002152072273,48.0000247993274));
#6495=CARTESIAN_POINT('',(3.99999904294505,-38.0002166377388,48.0000247993274));
#6496=CARTESIAN_POINT('',(4.99999892373576,-37.0002152072273,48.0000247993274));
#6497=CARTESIAN_POINT('',(3.99999904294505,-37.0002152072273,48.0000247993274));
#6498=CARTESIAN_POINT('',(4.99999892373576,-37.0002049605723,48.0000247993274));
#6499=CARTESIAN_POINT('Origin',(4.99999892373576,-37.0002049605723,47.0000247993273));
#6500=CARTESIAN_POINT('',(5.99999892373576,-37.0002152072273,47.0000247993273));
#6501=CARTESIAN_POINT('Origin',(4.99999892373576,-37.0002152072273,47.0000247993273));
#6502=CARTESIAN_POINT('',(5.99999892373576,-37.0002049605723,47.0000247993273));
#6503=CARTESIAN_POINT('Origin',(3.99999904294505,-37.0002152072273,48.0000247993274));
#6504=CARTESIAN_POINT('',(3.99999904294505,-37.0002152072273,38.5000244416995));
#6505=CARTESIAN_POINT('',(3.99999904294505,-37.0002152072273,36.5000244416995));
#6506=CARTESIAN_POINT('',(5.99999892373576,-37.0002152072273,38.5000244416995));
#6507=CARTESIAN_POINT('',(8.99999934096827,-37.0002152072273,38.5000244416995));
#6508=CARTESIAN_POINT('',(5.99999892373576,-37.0002152072273,36.5000244416995));
#6509=CARTESIAN_POINT('Origin',(14.9999996389915,-36.5002156840644,47.0000247993274));
#6510=CARTESIAN_POINT('',(13.9999996389915,-37.0002152072273,47.0000247993274));
#6511=CARTESIAN_POINT('',(13.9999996389915,-36.5002156840644,47.0000247993274));
#6512=CARTESIAN_POINT('Origin',(14.9999996389915,-37.0002152072273,47.0000247993274));
#6513=CARTESIAN_POINT('Origin',(15.9999989237358,-37.0002152072273,36.5000244416995));
#6514=CARTESIAN_POINT('',(13.9999996389915,-37.0002152072273,38.5000244416995));
#6515=CARTESIAN_POINT('',(13.9999996389915,-37.0002152072273,36.5000244416995));
#6516=CARTESIAN_POINT('',(15.9999989237358,-37.0002152072273,38.5000244416995));
#6517=CARTESIAN_POINT('',(14.9999992813636,-37.0002152072273,38.5000244416995));
#6518=CARTESIAN_POINT('',(15.9999989237358,-37.0002152072273,36.5000244416995));
#6519=CARTESIAN_POINT('Origin',(13.9999996389915,-36.0002161609016,36.5000244416995));
#6520=CARTESIAN_POINT('',(13.9999996389915,-36.5002156840644,38.5000244416995));
#6521=CARTESIAN_POINT('Origin',(1.19999656210963,-41.0002161609016,34.5500170834982));
#6522=CARTESIAN_POINT('',(-12.0000023401801,-39.5002090654699,34.5500154912144));
#6523=CARTESIAN_POINT('',(-8.00000119837691,-37.0001923297314,34.5500237979693));
#6524=CARTESIAN_POINT('',(-8.00000095712178,-39.0002042453165,34.5500159737248));
#6525=CARTESIAN_POINT('',(-12.0000015560048,-37.0001923297314,34.5500237979693));
#6526=CARTESIAN_POINT('',(-3.40000207989368,-37.0001923297314,34.5500165286115));
#6527=CARTESIAN_POINT('',(-12.0000023401801,-39.5002090654699,34.5500154912144));
#6528=CARTESIAN_POINT('',(-5.77465301168615,32.9998076702686,34.5500162421632));
#6529=CARTESIAN_POINT('',(5.76226416589574,-35.7002161609016,34.5500176338334));
#6530=CARTESIAN_POINT('',(11.9999989208992,-37.0002152072273,34.5500183862762));
#6531=CARTESIAN_POINT('',(11.9999991593178,-41.0002161609016,34.5500183862762));
#6532=CARTESIAN_POINT('',(7.99999856327133,-37.0002152072273,34.5500179037659));
#6533=CARTESIAN_POINT('',(6.59999768119096,-37.0002152072273,34.5500177348872));
#6534=CARTESIAN_POINT('',(7.99999880452647,-39.0002156840644,34.5500179037659));
#6535=CARTESIAN_POINT('',(11.9999991593178,-41.0002161609016,34.5500183862762));
#6536=CARTESIAN_POINT('Origin',(-12.0000022195526,-39.5002090654699,33.5500154912144));
#6537=CARTESIAN_POINT('',(-13.0000018414289,-39.5002090654699,33.550015412117));
#6538=CARTESIAN_POINT('',(-12.9047560968364,32.9998076702686,33.9759760684994));
#6539=CARTESIAN_POINT('',(-12.0000013147496,-39.5002049605722,34.5500154912145));
#6540=CARTESIAN_POINT('Origin',(13.9999996389915,-37.0002152072273,38.5000244416995));
#6541=CARTESIAN_POINT('',(5.99999892373576,-36.5002156840644,38.5000244416995));
#6542=CARTESIAN_POINT('',(3.99999904294505,-37.0002152072273,38.5000244416995));
#6543=CARTESIAN_POINT('',(7.99999880452647,-37.0002152072273,38.5000244416995));
#6544=CARTESIAN_POINT('',(7.99999880452647,-38.0002166377388,38.5000244416995));
#6545=CARTESIAN_POINT('',(11.9999991621543,-37.0002152072273,38.5000244416995));
#6546=CARTESIAN_POINT('',(7.99999880452647,-37.0002152072273,38.5000244416995));
#6547=CARTESIAN_POINT('',(11.9999991621543,-38.0002166377388,38.5000244416995));
#6548=CARTESIAN_POINT('',(15.9999989237358,-37.500215922483,38.5000244416995));
#6549=CARTESIAN_POINT('Origin',(5.99999892373576,-36.0002161609016,48.0000247993274));
#6550=CARTESIAN_POINT('Origin',(-13.0000018414289,-41.0002161609016,33.5500153705865));
#6551=CARTESIAN_POINT('Origin',(11.9999992799454,-41.0002161609016,33.5500183862762));
#6552=CARTESIAN_POINT('',(12.9065366143502,-35.7002161609016,33.9721440326544));
#6553=CARTESIAN_POINT('',(12.9999992799453,-41.0002161609016,33.5500185069038));
#6554=CARTESIAN_POINT('',(11.9999991621543,-39.5002163993202,34.5500183862762));
#6555=CARTESIAN_POINT('Origin',(12.9999994005729,29.9997852696099,31.5500237979693));
#6556=CARTESIAN_POINT('Origin',(7.99999880452647,-37.0002152072273,36.5000244416995));
#6557=CARTESIAN_POINT('',(7.99999880452647,-37.0002152072273,31.5500237979693));
#6558=CARTESIAN_POINT('Origin',(11.9999991621543,-37.0002152072273,31.5500237979693));
#6559=CARTESIAN_POINT('',(11.9999991621543,-37.0002152072273,36.5000244416995));
#6560=CARTESIAN_POINT('Origin',(-8.00000095712178,-37.0001923297314,36.5000244416995));
#6561=CARTESIAN_POINT('',(-8.00000095712178,-37.0001923297314,38.5000244416995));
#6562=CARTESIAN_POINT('',(-8.00000095712178,-37.0001923297314,38.5000244416995));
#6563=CARTESIAN_POINT('',(-8.00000095712178,-37.0001923297314,31.5500237979693));
#6564=CARTESIAN_POINT('Origin',(-4.00000119554035,-38.0001937602429,36.5000244416995));
#6565=CARTESIAN_POINT('',(-4.00000119554035,-37.0001923297314,38.5000244416995));
#6566=CARTESIAN_POINT('',(-4.00000119554035,-37.0001923297314,42.2500246205134));
#6567=CARTESIAN_POINT('',(-4.00000119554035,-37.5001930449872,38.5000244416995));
#6568=CARTESIAN_POINT('Origin',(-4.00000119554035,-37.0001923297314,48.0000247993274));
#6569=CARTESIAN_POINT('',(-6.00000107633107,-37.0001923297314,38.5000244416995));
#6570=CARTESIAN_POINT('',(-6.00000107633107,-37.0001923297314,36.5000244416995));
#6571=CARTESIAN_POINT('',(-8.000001255145,-37.0001923297314,38.5000244416995));
#6572=CARTESIAN_POINT('Origin',(-6.00000107633107,-37.0001923297314,36.5000244416995));
#6573=CARTESIAN_POINT('',(-6.00000107633107,-37.0001923297314,38.5000244416995));
#6574=CARTESIAN_POINT('Origin',(10.9999989237358,-18.5002161609016,33.0000247993274));
#6575=CARTESIAN_POINT('',(8.99999904294505,-18.5002161609016,33.5456202822851));
#6576=CARTESIAN_POINT('',(10.9999989237358,-18.5002161609016,33.5456204322251));
#6577=CARTESIAN_POINT('Origin',(9.99999831278816,-18.5002161609016,42.4898922739182));
#6578=CARTESIAN_POINT('',(8.99999904294505,-18.5002161609016,33.0000247993274));
#6579=CARTESIAN_POINT('',(8.99999904294505,-18.5002161609016,33.0000247993274));
#6580=CARTESIAN_POINT('',(10.9999989237358,-18.5002161609016,33.0000247993274));
#6581=CARTESIAN_POINT('',(8.99999904294505,-18.5002161609016,33.0000247993274));
#6582=CARTESIAN_POINT('',(10.9999989237358,-18.5002161609016,33.0000247993274));
#6583=CARTESIAN_POINT('Origin',(8.99999904294505,-18.5002161609016,33.5588922538562));
#6584=CARTESIAN_POINT('',(8.99999904294505,-24.5002152072273,33.5456202822851));
#6585=CARTESIAN_POINT('',(8.99999904294505,-36.0002161609016,33.5456202822851));
#6586=CARTESIAN_POINT('',(8.99999904294505,-24.5002152072273,33.0000247993274));
#6587=CARTESIAN_POINT('',(8.99999904294505,-24.5002152072273,33.0000247993274));
#6588=CARTESIAN_POINT('',(8.99999904294505,-24.5002152072273,33.0000247993274));
#6589=CARTESIAN_POINT('Origin',(10.9999989237358,-24.5002152072273,33.5588928499026));
#6590=CARTESIAN_POINT('',(10.9999989237358,-24.5002152072273,33.5456204322251));
#6591=CARTESIAN_POINT('Origin',(9.99999831278816,-24.5002152072273,42.4898922739182));
#6592=CARTESIAN_POINT('',(10.9999989237358,-24.5002152072273,33.0000247993274));
#6593=CARTESIAN_POINT('',(10.9999989237358,-24.5002152072273,33.0000247993274));
#6594=CARTESIAN_POINT('',(8.99999904294505,-24.5002152072273,33.0000247993274));
#6595=CARTESIAN_POINT('Origin',(10.9999989237358,-18.5002161609016,33.0000247993274));
#6596=CARTESIAN_POINT('',(10.9999989237358,-36.0002161609016,33.5456204322251));
#6597=CARTESIAN_POINT('',(10.9999989237358,-24.5002152072273,33.0000247993274));
#6598=CARTESIAN_POINT('Origin',(8.99999904294505,-24.5002152072273,33.0000247993274));
#6599=CARTESIAN_POINT('Origin',(15.9999989237358,-38.0002166377388,48.0000247993274));
#6600=CARTESIAN_POINT('Origin',(3.99999904294505,-37.0002152072273,48.0000247993274));
#6601=CARTESIAN_POINT('Origin',(11.9999991621543,-38.0002166377388,36.5000244416995));
#6602=CARTESIAN_POINT('Origin',(-12.0000013147496,-38.0001937602429,36.5000244416995));
#6603=CARTESIAN_POINT('',(-12.0000013147496,-37.0001923297314,38.5000244416995));
#6604=CARTESIAN_POINT('',(-12.0000013147496,-37.0001923297314,36.5000244416995));
#6605=CARTESIAN_POINT('',(-12.0000013147496,-37.0001923297314,38.5000244416995));
#6606=CARTESIAN_POINT('Origin',(-8.00000095712178,-37.0001923297314,36.5000244416995));
#6607=CARTESIAN_POINT('',(-12.0000013147496,-37.0001923297314,38.5000244416995));
#6608=CARTESIAN_POINT('Origin',(-7.00000131474964,-22.5001942370801,33.0000247993274));
#6609=CARTESIAN_POINT('',(-11.0000010763311,-18.5001932834058,33.0000247993274));
#6610=CARTESIAN_POINT('',(-9.00000119554035,-18.5001932834058,33.0000247993274));
#6611=CARTESIAN_POINT('',(-8.78255838500492,-18.5001929709253,33.0000247993274));
#6612=CARTESIAN_POINT('',(-11.0000010763311,-20.50019256815,33.0000247993274));
#6613=CARTESIAN_POINT('',(-11.0000010763311,-18.5001932834058,33.0000247993274));
#6614=CARTESIAN_POINT('',(-13.0000015531682,-20.50019256815,33.0000247993274));
#6615=CARTESIAN_POINT('',(-13.0000015531682,-20.50019256815,33.0000247993274));
#6616=CARTESIAN_POINT('',(-13.0000015531682,-22.5001942370801,33.0000247993274));
#6617=CARTESIAN_POINT('',(-13.0000015531682,-20.50019256815,33.0000247993274));
#6618=CARTESIAN_POINT('',(-11.0000010763311,-22.5001942370801,33.0000247993274));
#6619=CARTESIAN_POINT('',(-13.0000015531682,-22.5001942370801,33.0000247993274));
#6620=CARTESIAN_POINT('',(-11.0000010763311,-24.5001923297314,33.0000247993274));
#6621=CARTESIAN_POINT('',(-11.0000010763311,-22.5001942370801,33.0000247993274));
#6622=CARTESIAN_POINT('',(-9.00000119554035,-24.5001923297314,33.0000247993274));
#6623=CARTESIAN_POINT('',(-11.0000010763311,-24.5001923297314,33.0000247993274));
#6624=CARTESIAN_POINT('',(-9.00000119554035,-22.5001942370801,33.0000247993274));
#6625=CARTESIAN_POINT('',(-9.00000119554035,-22.5001942370801,33.0000247993274));
#6626=CARTESIAN_POINT('',(-7.00000131474964,-22.5001942370801,33.0000247993274));
#6627=CARTESIAN_POINT('',(-9.00000119554035,-22.5001942370801,33.0000247993274));
#6628=CARTESIAN_POINT('',(-7.00000131474964,-20.50019256815,33.0000247993274));
#6629=CARTESIAN_POINT('',(-7.00000131474964,-20.50019256815,33.0000247993274));
#6630=CARTESIAN_POINT('',(-9.00000119554035,-20.50019256815,33.0000247993274));
#6631=CARTESIAN_POINT('',(-9.00000119554035,-20.50019256815,33.0000247993274));
#6632=CARTESIAN_POINT('',(-9.00000119554035,-18.5001932834058,33.0000247993274));
#6633=CARTESIAN_POINT('Origin',(-16.0000010763311,-38.0001937602429,48.0000247993274));
#6634=CARTESIAN_POINT('',(-16.0000010763311,-37.5001930449872,38.5000244416995));
#6635=CARTESIAN_POINT('Origin',(-7.00000131474964,-22.5001942370801,34.019304756145));
#6636=CARTESIAN_POINT('',(-9.00000119554035,-22.5001942370801,33.5511795480527));
#6637=CARTESIAN_POINT('',(-7.00000131474964,-22.5001942370801,34.0107674543553));
#6638=CARTESIAN_POINT('Origin',(-10.0024721512761,-22.5001942370801,42.4951748512103));
#6639=CARTESIAN_POINT('',(-7.00000131474964,-22.5001942370801,33.0000247993274));
#6640=CARTESIAN_POINT('',(-9.00000119554035,-22.5001942370801,33.0000247993274));
#6641=CARTESIAN_POINT('Origin',(-7.00000131474964,-20.50019256815,34.019304756145));
#6642=CARTESIAN_POINT('',(-7.00000131474964,-20.50019256815,34.0107674543553));
#6643=CARTESIAN_POINT('',(-7.00000131474963,32.9998076702686,34.0107674543553));
#6644=CARTESIAN_POINT('',(-7.00000131474964,-20.50019256815,33.0000247993274));
#6645=CARTESIAN_POINT('Origin',(-8.87200200902454,-20.50019256815,33.5709919967456));
#6646=CARTESIAN_POINT('',(-9.00000119554035,-20.50019256815,33.5511795480527));
#6647=CARTESIAN_POINT('Origin',(-10.0024721512761,-20.50019256815,42.4951748512103));
#6648=CARTESIAN_POINT('',(-9.00000119554035,-20.50019256815,33.0000247993274));
#6649=CARTESIAN_POINT('Origin',(-9.00000119554035,-18.5001932834058,33.5588922538562));
#6650=CARTESIAN_POINT('',(-9.00000119554035,-18.5001932834058,33.5511795480527));
#6651=CARTESIAN_POINT('',(-9.00000119554034,32.9998076702686,33.5511795480527));
#6652=CARTESIAN_POINT('',(-9.00000119554035,-18.5001929709253,33.5383378901286));
#6653=CARTESIAN_POINT('Origin',(-11.0000010763311,-20.50019256815,33.5588928499026));
#6654=CARTESIAN_POINT('',(-11.0000010763311,-18.5001932834058,33.5506270122372));
#6655=CARTESIAN_POINT('',(-11.0000010763311,-20.50019256815,33.5506270122372));
#6656=CARTESIAN_POINT('',(-11.000001076331,32.9998076702686,33.5506270122372));
#6657=CARTESIAN_POINT('',(-11.0000010763311,-20.50019256815,33.0000247993274));
#6658=CARTESIAN_POINT('',(-11.0000010763311,-18.5001929709253,33.5383381881518));
#6659=CARTESIAN_POINT('Origin',(-12.2382100855016,-20.50019256815,33.7827756442828));
#6660=CARTESIAN_POINT('',(-13.0000015531682,-20.50019256815,34.0090203932245));
#6661=CARTESIAN_POINT('Origin',(-10.0024721512761,-20.50019256815,42.4951748512103));
#6662=CARTESIAN_POINT('',(-13.0000015531682,-20.50019256815,33.0000247993274));
#6663=CARTESIAN_POINT('Origin',(-13.0000015531682,-22.5001942370801,34.0193053521914));
#6664=CARTESIAN_POINT('',(-13.0000015531682,-22.5001942370801,34.0090203932245));
#6665=CARTESIAN_POINT('',(-13.0000015531682,32.9998076702686,34.0090203932245));
#6666=CARTESIAN_POINT('',(-13.0000015531682,-22.5001942370801,33.0000247993274));
#6667=CARTESIAN_POINT('Origin',(-11.0000010763311,-22.5001942370801,33.0000247993274));
#6668=CARTESIAN_POINT('',(-11.0000010763311,-22.5001942370801,33.5506270122372));
#6669=CARTESIAN_POINT('Origin',(-10.0024721512761,-22.5001942370801,42.4951748512103));
#6670=CARTESIAN_POINT('',(-11.0000010763311,-22.5001942370801,33.0000247993274));
#6671=CARTESIAN_POINT('Origin',(-11.0000010763311,-22.5001942370801,33.0000247993274));
#6672=CARTESIAN_POINT('',(-11.0000010763311,-24.5001923297314,33.5506270122372));
#6673=CARTESIAN_POINT('',(-11.000001076331,32.9998076702686,33.5506270122372));
#6674=CARTESIAN_POINT('',(-11.0000010763311,-24.5001923297314,33.0000247993274));
#6675=CARTESIAN_POINT('Origin',(-9.00000119554035,-24.5001923297314,33.5588922538562));
#6676=CARTESIAN_POINT('',(-9.00000119554035,-24.5001923297314,33.5511795480527));
#6677=CARTESIAN_POINT('Origin',(-10.0024721512761,-24.5001923297314,42.4951748512103));
#6678=CARTESIAN_POINT('',(-9.00000119554035,-24.5001923297314,33.0000247993274));
#6679=CARTESIAN_POINT('Origin',(-9.00000119554035,-22.5001942370801,33.5588922538562));
#6680=CARTESIAN_POINT('',(-9.00000119554034,32.9998076702686,33.5511795480527));
#6681=CARTESIAN_POINT('Origin',(-12.0000013147496,-37.0001923297314,38.5000244416995));
#6682=CARTESIAN_POINT('Ctrl Pts',(18.9353510278731,-17.0001932834058,38.999962224281));
#6683=CARTESIAN_POINT('Ctrl Pts',(18.9353510278731,-18.5001929709253,38.999962224281));
#6684=CARTESIAN_POINT('Ctrl Pts',(18.8157436606841,-17.0001932834058,38.999962224281));
#6685=CARTESIAN_POINT('Ctrl Pts',(18.8157436606841,-18.5001929709253,38.999962224281));
#6686=CARTESIAN_POINT('Ctrl Pts',(18.6971007278407,-17.0001932834058,38.9785033408521));
#6687=CARTESIAN_POINT('Ctrl Pts',(18.6971007278407,-18.5001929709253,38.9785033408521));
#6688=CARTESIAN_POINT('Ctrl Pts',(18.4730414300178,-17.0001932834058,38.8947112159076));
#6689=CARTESIAN_POINT('Ctrl Pts',(18.4730414300178,-18.5001929709253,38.8947112159076));
#6690=CARTESIAN_POINT('Ctrl Pts',(18.369431730358,-17.0001932834058,38.8330536184185));
#6691=CARTESIAN_POINT('Ctrl Pts',(18.369431730358,-18.5001929709253,38.8330536184185));
#6692=CARTESIAN_POINT('Ctrl Pts',(18.1809139272605,-17.0001932834058,38.6691263011185));
#6693=CARTESIAN_POINT('Ctrl Pts',(18.1809139272605,-18.5001929709253,38.6691263011185));
#6694=CARTESIAN_POINT('Ctrl Pts',(18.1002813016622,-17.0001932834058,38.5653067677917));
#6695=CARTESIAN_POINT('Ctrl Pts',(18.1002813016622,-18.5001929709253,38.5653067677917));
#6696=CARTESIAN_POINT('Ctrl Pts',(18.0418157563338,-17.0001932834058,38.4489552292569));
#6697=CARTESIAN_POINT('Ctrl Pts',(18.0418157563338,-18.5001929709253,38.4489552292569));
#6698=CARTESIAN_POINT('',(18.9353510278731,-17.0001932834058,38.999962224281));
#6699=CARTESIAN_POINT('',(18.0418157566202,-17.0001932834058,38.448955229113));
#6700=CARTESIAN_POINT('Ctrl Pts',(18.9353510278731,-17.0001932834058,38.999962224281));
#6701=CARTESIAN_POINT('Ctrl Pts',(18.8157436606841,-17.0001932834058,38.999962224281));
#6702=CARTESIAN_POINT('Ctrl Pts',(18.6971007278407,-17.0001932834058,38.9785033408521));
#6703=CARTESIAN_POINT('Ctrl Pts',(18.4730414300178,-17.0001932834058,38.8947112159076));
#6704=CARTESIAN_POINT('Ctrl Pts',(18.369431730358,-17.0001932834058,38.8330536184185));
#6705=CARTESIAN_POINT('Ctrl Pts',(18.1809139272605,-17.0001932834058,38.6691263011185));
#6706=CARTESIAN_POINT('Ctrl Pts',(18.1002813016622,-17.0001932834058,38.5653067677917));
#6707=CARTESIAN_POINT('Ctrl Pts',(18.0418157563338,-17.0001932834058,38.4489552292569));
#6708=CARTESIAN_POINT('',(18.0418157566202,-17.0001932834058,38.448955229113));
#6709=CARTESIAN_POINT('',(18.9353510278731,-17.0001932834058,38.999962224281));
#6710=CARTESIAN_POINT('Origin',(18.9999996389915,-17.0001932834058,38.999962224281));
#6711=CARTESIAN_POINT('',(18.9999996389915,-17.0001932834058,38.999962224281));
#6712=CARTESIAN_POINT('',(-9.50000146407111,-17.0001932834058,38.999962224281));
#6713=CARTESIAN_POINT('',(18.9999996389915,-17.0001932834058,38.999962224281));
#6714=CARTESIAN_POINT('Origin',(18.9999996389915,-17.0001932834058,37.9999622242786));
#6715=CARTESIAN_POINT('Origin',(18.9999996389915,-17.0001932834058,37.9999622242786));
#6716=CARTESIAN_POINT('Origin',(-19.0000018582622,-17.0001932834057,37.9998877893685));
#6717=CARTESIAN_POINT('',(-19.0000018582622,-17.0001932834057,38.9998877893709));
#6718=CARTESIAN_POINT('Origin',(-19.0000018582622,-17.0001932834057,37.9998877893685));
#6719=CARTESIAN_POINT('',(-19.0000018582622,-17.0001932834057,38.9998877893709));
#6720=CARTESIAN_POINT('Origin',(-18.9351310065763,-17.0001932834057,38.9998877893709));
#6721=CARTESIAN_POINT('',(-18.9351310065763,-17.0001932834057,38.9998877893709));
#6722=CARTESIAN_POINT('',(-9.50000146410452,-17.0001932834058,38.9998877893709));
#6723=CARTESIAN_POINT('',(-18.9351310065763,-17.0001932834057,38.9998877893709));
#6724=CARTESIAN_POINT('Ctrl Pts',(-18.0418651213057,-17.0001932834057,38.449416495421));
#6725=CARTESIAN_POINT('Ctrl Pts',(-18.0418651213057,-18.5001929709253,38.449416495421));
#6726=CARTESIAN_POINT('Ctrl Pts',(-18.0955867843042,-17.0001932834057,38.5561676955342));
#6727=CARTESIAN_POINT('Ctrl Pts',(-18.0955867843042,-18.5001929709253,38.5561676955342));
#6728=CARTESIAN_POINT('Ctrl Pts',(-18.1680122173651,-17.0001932834057,38.6524294343179));
#6729=CARTESIAN_POINT('Ctrl Pts',(-18.1680122173651,-18.5001929709253,38.6524294343179));
#6730=CARTESIAN_POINT('Ctrl Pts',(-18.3433854078191,-17.0001932834057,38.8148227447518));
#6731=CARTESIAN_POINT('Ctrl Pts',(-18.3433854078191,-18.5001929709253,38.8148227447518));
#6732=CARTESIAN_POINT('Ctrl Pts',(-18.4449214579957,-17.0001932834057,38.8796470937437));
#6733=CARTESIAN_POINT('Ctrl Pts',(-18.4449214579957,-18.5001929709253,38.8796470937437));
#6734=CARTESIAN_POINT('Ctrl Pts',(-18.6759462824306,-17.0001932834057,38.9744539382892));
#6735=CARTESIAN_POINT('Ctrl Pts',(-18.6759462824306,-18.5001929709253,38.9744539382892));
#6736=CARTESIAN_POINT('Ctrl Pts',(-18.8049161821564,-17.0001932834057,38.9998877890455));
#6737=CARTESIAN_POINT('Ctrl Pts',(-18.8049161821564,-18.5001929709253,38.9998877890455));
#6738=CARTESIAN_POINT('Ctrl Pts',(-18.9351310065763,-17.0001932834057,38.9998877890455));
#6739=CARTESIAN_POINT('Ctrl Pts',(-18.9351310065763,-18.5001929709253,38.9998877890455));
#6740=CARTESIAN_POINT('',(-18.0418651213057,-17.0001932834057,38.449416495421));
#6741=CARTESIAN_POINT('Ctrl Pts',(-18.0418651213057,-17.0001932834057,38.449416495421));
#6742=CARTESIAN_POINT('Ctrl Pts',(-18.0955867843042,-17.0001932834057,38.5561676955342));
#6743=CARTESIAN_POINT('Ctrl Pts',(-18.1680122173651,-17.0001932834057,38.6524294343179));
#6744=CARTESIAN_POINT('Ctrl Pts',(-18.3433854078191,-17.0001932834057,38.8148227447518));
#6745=CARTESIAN_POINT('Ctrl Pts',(-18.4449214579957,-17.0001932834057,38.8796470937437));
#6746=CARTESIAN_POINT('Ctrl Pts',(-18.6759462824306,-17.0001932834057,38.9744539382892));
#6747=CARTESIAN_POINT('Ctrl Pts',(-18.8049161821564,-17.0001932834057,38.9998877890455));
#6748=CARTESIAN_POINT('Ctrl Pts',(-18.9351310065763,-17.0001932834057,38.9998877890455));
#6749=CARTESIAN_POINT('',(-18.0418651213057,-17.0001932834057,38.449416495421));
#6750=CARTESIAN_POINT('Origin',(-10.5651154552602,-18.5001929709253,33.517783526401));
#6751=CARTESIAN_POINT('Origin',(-10.0024721512761,-18.5001929709253,42.4951748512103));
#6752=CARTESIAN_POINT('Ctrl Pts',(18.935313624648,18.4997847927727,38.9998877893709));
#6753=CARTESIAN_POINT('Ctrl Pts',(18.9353073174302,24.233118126106,38.9998752375937));
#6754=CARTESIAN_POINT('Ctrl Pts',(18.9353010102123,29.9664514594394,38.9998626858164));
#6755=CARTESIAN_POINT('Ctrl Pts',(18.9352947029945,35.6997847927727,38.9998501340392));
#6756=CARTESIAN_POINT('Ctrl Pts',(18.7511219654231,18.4997845901442,38.9998877893714));
#6757=CARTESIAN_POINT('Ctrl Pts',(18.7511158927638,24.2331179234778,38.9998752350231));
#6758=CARTESIAN_POINT('Ctrl Pts',(18.7511098187966,29.9664512568114,38.9998626883879));
#6759=CARTESIAN_POINT('Ctrl Pts',(18.7511037461372,35.699784590145,38.9998501340396));
#6760=CARTESIAN_POINT('Ctrl Pts',(18.3831966982157,18.4997839562704,38.8952313178987));
#6761=CARTESIAN_POINT('Ctrl Pts',(18.3831910900124,24.2331172896051,38.8952190399833));
#6762=CARTESIAN_POINT('Ctrl Pts',(18.3831854829634,29.9664506229398,38.895206760679));
#6763=CARTESIAN_POINT('Ctrl Pts',(18.3831798747601,35.6997839562746,38.8951944827624));
#6764=CARTESIAN_POINT('Ctrl Pts',(18.1244842310294,18.4997830548105,38.6134692931459));
#6765=CARTESIAN_POINT('Ctrl Pts',(18.1244786831071,24.2331163881467,38.6134576702133));
#6766=CARTESIAN_POINT('Ctrl Pts',(18.1244731276949,29.9664497214829,38.6134460501598));
#6767=CARTESIAN_POINT('Ctrl Pts',(18.1244675797757,35.6997830548192,38.6134344272244));
#6768=CARTESIAN_POINT('Ctrl Pts',(18.0417820934334,18.4997826035189,38.4488882378422));
#6769=CARTESIAN_POINT('Ctrl Pts',(18.0417764169423,24.2331159368557,38.4488769412402));
#6770=CARTESIAN_POINT('Ctrl Pts',(18.0417707404538,29.9664492701925,38.4488656446369));
#6771=CARTESIAN_POINT('Ctrl Pts',(18.041765063968,35.6997826035293,38.4488543480322));
#6772=CARTESIAN_POINT('',(18.0417820937176,18.4997860696153,38.448888237694));
#6773=CARTESIAN_POINT('',(18.935313624648,18.4997860696153,38.9998877893709));
#6774=CARTESIAN_POINT('Ctrl Pts',(18.0417820934312,18.4997847927824,38.4488882378379));
#6775=CARTESIAN_POINT('Ctrl Pts',(18.1244842310273,18.499785244074,38.6134692931415));
#6776=CARTESIAN_POINT('Ctrl Pts',(18.2538404646204,18.499785694804,38.7543503055177));
#6777=CARTESIAN_POINT('Ctrl Pts',(18.4104998982188,18.4997860786374,38.850954929574));
#6778=CARTESIAN_POINT('Ctrl Pts',(18.5671593318172,18.4997864624708,38.9475595536303));
#6779=CARTESIAN_POINT('Ctrl Pts',(18.7511219654208,18.4997867794077,38.9998877893666));
#6780=CARTESIAN_POINT('Ctrl Pts',(18.9353136246456,18.4997869820362,38.9998877893661));
#6781=CARTESIAN_POINT('',(18.9352947029945,35.6997847927727,38.9998501340392));
#6782=CARTESIAN_POINT('Ctrl Pts',(18.935313624648,18.4997847927727,38.9998877893709));
#6783=CARTESIAN_POINT('Ctrl Pts',(18.9353073174302,24.233118126106,38.9998752375937));
#6784=CARTESIAN_POINT('Ctrl Pts',(18.9353010102123,29.9664514594394,38.9998626858164));
#6785=CARTESIAN_POINT('Ctrl Pts',(18.9352947029945,35.6997847927727,38.9998501340392));
#6786=CARTESIAN_POINT('',(18.0417650640261,35.6997826035092,38.448854348003));
#6787=CARTESIAN_POINT('Origin',(18.9352947029945,35.6997826035092,37.9998501340416));
#6788=CARTESIAN_POINT('Ctrl Pts',(18.041765063968,35.6997826035293,38.4488543480322));
#6789=CARTESIAN_POINT('Ctrl Pts',(18.0417707404531,29.9664499999438,38.4488656446354));
#6790=CARTESIAN_POINT('Ctrl Pts',(18.0417764169408,24.2331173963582,38.4488769412373));
#6791=CARTESIAN_POINT('Ctrl Pts',(18.0417820934312,18.4997847927727,38.4488882378379));
#6792=CARTESIAN_POINT('Origin',(-9.00000119554034,18.4998076702686,33.0000247993274));
#6793=CARTESIAN_POINT('',(-11.0000010763311,18.4998076702686,33.5506270122372));
#6794=CARTESIAN_POINT('',(-9.00000119554034,18.4998076702686,33.5511795480527));
#6795=CARTESIAN_POINT('Origin',(-10.0024721512761,18.4998076702686,42.4951748512103));
#6796=CARTESIAN_POINT('',(-9.00000119554034,18.4998076702686,33.0000247993274));
#6797=CARTESIAN_POINT('',(-9.00000119554034,18.4998076702686,33.0000247993274));
#6798=CARTESIAN_POINT('',(-11.0000010763311,18.4998076702686,33.0000247993274));
#6799=CARTESIAN_POINT('',(-11.0000010763311,18.4998076702686,33.0000247993274));
#6800=CARTESIAN_POINT('',(-11.0000010763311,18.4998076702686,33.0000247993274));
#6801=CARTESIAN_POINT('Origin',(-11.0000010763311,18.4998076702686,33.5588928499026));
#6802=CARTESIAN_POINT('',(-11.0000010763311,24.4998067165943,33.5506270122372));
#6803=CARTESIAN_POINT('',(-11.000001076331,35.9998076702686,33.5506270122372));
#6804=CARTESIAN_POINT('',(-11.0000010763311,24.4998067165943,33.0000247993274));
#6805=CARTESIAN_POINT('',(-11.0000010763311,24.4998067165943,33.0000247993274));
#6806=CARTESIAN_POINT('',(-11.0000010763311,24.4998067165943,33.0000247993274));
#6807=CARTESIAN_POINT('Origin',(-9.00000119554034,24.4998067165942,33.5588922538562));
#6808=CARTESIAN_POINT('',(-9.00000119554034,24.4998067165942,33.5511795480527));
#6809=CARTESIAN_POINT('Origin',(-10.0024721512761,24.4998067165942,42.4951748512103));
#6810=CARTESIAN_POINT('',(-9.00000119554034,24.4998067165942,33.0000247993274));
#6811=CARTESIAN_POINT('',(-11.0000010763311,24.4998067165943,33.0000247993274));
#6812=CARTESIAN_POINT('',(-9.00000119554034,24.4998067165942,33.0000247993274));
#6813=CARTESIAN_POINT('Origin',(-9.00000119554034,18.4998076702686,33.0000247993274));
#6814=CARTESIAN_POINT('',(-9.00000119554034,35.9998076702686,33.5511795480527));
#6815=CARTESIAN_POINT('',(-9.00000119554034,24.4998067165942,33.0000247993274));
#6816=CARTESIAN_POINT('Origin',(0.999998923668952,35.9998076702686,48.0000247993274));
#6817=CARTESIAN_POINT('',(-5.00000107633105,36.9998067165942,48.0000247993274));
#6818=CARTESIAN_POINT('',(-5.00000107633105,36.4998071934314,48.0000247993274));
#6819=CARTESIAN_POINT('',(4.99999892373577,36.9997838390984,48.0000247993274));
#6820=CARTESIAN_POINT('',(4.99999892373577,35.9997962315206,48.0000247993274));
#6821=CARTESIAN_POINT('',(3.99999904294506,36.9997838390984,48.0000247993274));
#6822=CARTESIAN_POINT('',(3.99999904294506,36.9997838390984,48.0000247993274));
#6823=CARTESIAN_POINT('',(3.99999904294506,36.9997838390984,48.0000247993274));
#6824=CARTESIAN_POINT('',(-4.00000119554034,36.9998067165942,48.0000247993274));
#6825=CARTESIAN_POINT('',(-4.00000119554034,36.9998067165942,48.0000247993274));
#6826=CARTESIAN_POINT('',(-6.00000107633105,36.9998067165942,48.0000247993274));
#6827=CARTESIAN_POINT('Origin',(-6.00000107633105,36.9998067165942,38.5000244416995));
#6828=CARTESIAN_POINT('',(-16.000001076331,36.9998067165943,38.5000244416995));
#6829=CARTESIAN_POINT('',(-16.000001076331,37.49980743185,38.5000244416995));
#6830=CARTESIAN_POINT('',(-14.0000017915868,36.9998067165943,38.5000244416995));
#6831=CARTESIAN_POINT('',(-11.000001076331,36.9998067165943,38.5000244416995));
#6832=CARTESIAN_POINT('',(-14.0000017915868,36.4998071934314,38.5000244416995));
#6833=CARTESIAN_POINT('',(-6.00000107633105,36.9998067165942,38.5000244416995));
#6834=CARTESIAN_POINT('',(-6.00000107633105,36.9998067165942,38.5000244416995));
#6835=CARTESIAN_POINT('',(-4.00000119554034,36.9998067165942,38.5000244416995));
#6836=CARTESIAN_POINT('',(-5.00000113593569,36.9998067165942,38.5000244416995));
#6837=CARTESIAN_POINT('',(-4.00000119554034,36.9998067165942,38.5000244416995));
#6838=CARTESIAN_POINT('',(-8.00000095712176,36.9998067165942,38.5000244416995));
#6839=CARTESIAN_POINT('',(-8.00000095712176,37.9998081471057,38.5000244416995));
#6840=CARTESIAN_POINT('',(-12.0000013147496,36.9998067165943,38.5000244416995));
#6841=CARTESIAN_POINT('',(-12.0000013147496,36.9998067165943,38.5000244416995));
#6842=CARTESIAN_POINT('',(-12.0000013147496,37.9998081471057,38.5000244416995));
#6843=CARTESIAN_POINT('Origin',(-14.0000017915868,35.9998076702686,48.0000247993274));
#6844=CARTESIAN_POINT('',(-14.0000017915868,36.9998067165943,47.0000247993274));
#6845=CARTESIAN_POINT('',(-14.0000017915868,36.4998071934314,47.0000247993274));
#6846=CARTESIAN_POINT('',(-14.0000017915868,36.9998067165943,36.5000244416995));
#6847=CARTESIAN_POINT('Origin',(-11.0000010763311,24.4998067165943,33.0000247993274));
#6848=CARTESIAN_POINT('Origin',(-4.00000119554034,36.9998067165942,36.5000244416995));
#6849=CARTESIAN_POINT('',(-4.00000119554034,36.9998067165942,36.5000244416995));
#6850=CARTESIAN_POINT('Origin',(-16.000001076331,37.9998081471057,36.5000244416995));
#6851=CARTESIAN_POINT('',(-16.000001076331,36.9998067165943,48.0000247993274));
#6852=CARTESIAN_POINT('',(-16.000001076331,37.49980743185,48.0000247993274));
#6853=CARTESIAN_POINT('',(-16.000001076331,36.9998067165943,36.5000244416995));
#6854=CARTESIAN_POINT('Origin',(-8.00000095712176,37.9998081471057,36.5000244416995));
#6855=CARTESIAN_POINT('',(-8.00000095712176,36.9998067165942,34.5500237979693));
#6856=CARTESIAN_POINT('',(-8.00000095712176,35.4998081471057,34.5500237979693));
#6857=CARTESIAN_POINT('',(-8.00000095712176,36.9998067165942,36.5000244416995));
#6858=CARTESIAN_POINT('Origin',(-8.00000095712176,36.9998067165942,31.5500237979693));
#6859=CARTESIAN_POINT('',(-12.0000013147496,36.9998067165943,34.5500237979693));
#6860=CARTESIAN_POINT('',(-7.50000113593569,36.9998067165942,34.5500237979693));
#6861=CARTESIAN_POINT('',(-12.0000013147496,36.9998067165943,31.5500237979693));
#6862=CARTESIAN_POINT('Origin',(-12.0000013147496,36.9998067165943,36.5000244416995));
#6863=CARTESIAN_POINT('',(-12.0000013147496,34.99980743185,34.5500237979693));
#6864=CARTESIAN_POINT('Origin',(6.99999916215435,22.499785746447,33.0000247993274));
#6865=CARTESIAN_POINT('',(8.99999904294506,24.4997838390984,33.0000247993274));
#6866=CARTESIAN_POINT('',(10.9999989237358,24.4997838390984,33.0000247993274));
#6867=CARTESIAN_POINT('',(8.99999904294506,24.4997838390984,33.0000247993274));
#6868=CARTESIAN_POINT('',(8.99999904294506,22.499785746447,33.0000247993274));
#6869=CARTESIAN_POINT('',(8.99999904294506,22.499785746447,33.0000247993274));
#6870=CARTESIAN_POINT('',(6.99999916215435,22.499785746447,33.0000247993274));
#6871=CARTESIAN_POINT('',(6.99999916215435,22.499785746447,33.0000247993274));
#6872=CARTESIAN_POINT('',(6.99999916215435,20.499784077517,33.0000247993274));
#6873=CARTESIAN_POINT('',(6.99999916215435,20.499784077517,33.0000247993274));
#6874=CARTESIAN_POINT('',(8.99999904294506,20.499784077517,33.0000247993274));
#6875=CARTESIAN_POINT('',(6.99999916215435,20.499784077517,33.0000247993274));
#6876=CARTESIAN_POINT('',(8.99999904294506,18.4997847927727,33.0000247993274));
#6877=CARTESIAN_POINT('',(8.99999904294506,18.4997847927727,33.0000247993274));
#6878=CARTESIAN_POINT('',(10.9999989237358,18.4997847927727,33.0000247993274));
#6879=CARTESIAN_POINT('',(8.99999904294506,18.4997860696153,33.0000247993274));
#6880=CARTESIAN_POINT('',(10.9999989237358,20.499784077517,33.0000247993274));
#6881=CARTESIAN_POINT('',(10.9999989237358,18.4997847927727,33.0000247993274));
#6882=CARTESIAN_POINT('',(12.9999994005729,20.499784077517,33.0000247993274));
#6883=CARTESIAN_POINT('',(10.9999989237358,20.499784077517,33.0000247993274));
#6884=CARTESIAN_POINT('',(12.9999994005729,22.499785746447,33.0000247993274));
#6885=CARTESIAN_POINT('',(12.9999994005729,20.499784077517,33.0000247993274));
#6886=CARTESIAN_POINT('',(10.9999989237358,22.499785746447,33.0000247993274));
#6887=CARTESIAN_POINT('',(10.9999989237358,22.499785746447,33.0000247993274));
#6888=CARTESIAN_POINT('',(10.9999989237358,22.499785746447,33.0000247993274));
#6889=CARTESIAN_POINT('Origin',(11.9999991621544,36.9997838390984,36.5000244416995));
#6890=CARTESIAN_POINT('',(11.9999991621544,36.9997838390984,34.5500237979693));
#6891=CARTESIAN_POINT('',(11.9999991621544,34.9997845543541,34.5500237979693));
#6892=CARTESIAN_POINT('',(11.9999991621544,36.9997838390984,38.5000244416995));
#6893=CARTESIAN_POINT('',(11.9999991621544,36.9997838390984,31.5500237979693));
#6894=CARTESIAN_POINT('',(11.9999991621544,36.9997838390984,38.5000244416995));
#6895=CARTESIAN_POINT('Origin',(11.9999991621544,36.9997838390984,36.5000244416995));
#6896=CARTESIAN_POINT('',(7.99999880452648,36.9997838390984,34.5500237979693));
#6897=CARTESIAN_POINT('',(12.4788962568809,36.9997838390984,34.5500237979693));
#6898=CARTESIAN_POINT('',(7.99999880452648,36.9997838390984,38.5000244416995));
#6899=CARTESIAN_POINT('',(7.99999880452648,36.9997838390984,36.5000244416995));
#6900=CARTESIAN_POINT('',(7.99999880452648,36.9997838390984,38.5000244416995));
#6901=CARTESIAN_POINT('Origin',(7.99999880452648,37.9997852696099,36.5000244416995));
#6902=CARTESIAN_POINT('',(7.99999880452648,35.4997852696099,34.5500237979693));
#6903=CARTESIAN_POINT('',(7.99999880452648,36.9997838390984,38.5000244416995));
#6904=CARTESIAN_POINT('Origin',(15.9999989237358,36.9997838390984,48.0000247993274));
#6905=CARTESIAN_POINT('',(15.9999989237358,36.9997838390984,38.5000244416995));
#6906=CARTESIAN_POINT('',(15.9999989237358,36.9997838390984,38.5000244416995));
#6907=CARTESIAN_POINT('',(15.9999989237358,36.9997838390984,48.0000247993274));
#6908=CARTESIAN_POINT('',(15.9999989237358,36.9997838390984,36.5000244416995));
#6909=CARTESIAN_POINT('',(15.9999989237358,36.9997838390984,48.0000247993274));
#6910=CARTESIAN_POINT('Origin',(3.99999904294506,36.9997838390984,36.5000244416995));
#6911=CARTESIAN_POINT('',(3.99999904294506,36.9997838390984,38.5000244416995));
#6912=CARTESIAN_POINT('',(3.99999904294506,36.9997838390984,36.5000244416995));
#6913=CARTESIAN_POINT('',(3.99999904294506,36.9997838390984,38.5000244416995));
#6914=CARTESIAN_POINT('Origin',(12.9999994005729,22.499785746447,34.0193053521914));
#6915=CARTESIAN_POINT('',(10.9999989237358,22.499785746447,33.5456204322251));
#6916=CARTESIAN_POINT('',(12.9999994005729,22.499785746447,34.0046112842697));
#6917=CARTESIAN_POINT('Origin',(9.99999831278818,22.499785746447,42.4898922739182));
#6918=CARTESIAN_POINT('',(10.9999989237358,22.499785746447,33.0000247993274));
#6919=CARTESIAN_POINT('',(12.9999994005729,22.499785746447,33.0000247993274));
#6920=CARTESIAN_POINT('Origin',(12.9999994005729,20.499784077517,34.0193053521914));
#6921=CARTESIAN_POINT('',(12.9999994005729,20.499784077517,34.0046112842697));
#6922=CARTESIAN_POINT('',(12.9999994005729,-33.0002161609016,34.0046112842697));
#6923=CARTESIAN_POINT('',(12.9999994005729,20.499784077517,33.0000247993274));
#6924=CARTESIAN_POINT('Origin',(12.9999994005729,20.499784077517,34.0193053521914));
#6925=CARTESIAN_POINT('',(10.9999989237358,20.499784077517,33.5456204322251));
#6926=CARTESIAN_POINT('Origin',(9.99999831278818,20.499784077517,42.4898922739182));
#6927=CARTESIAN_POINT('',(10.9999989237358,20.499784077517,33.0000247993274));
#6928=CARTESIAN_POINT('Origin',(10.9999989237358,20.499784077517,33.0000247993274));
#6929=CARTESIAN_POINT('',(10.9999989237358,18.4997847927727,33.5456204322251));
#6930=CARTESIAN_POINT('',(10.9999989237358,-33.0002161609016,33.5456204322251));
#6931=CARTESIAN_POINT('',(10.9999989237358,18.4997860696153,33.279458824615));
#6932=CARTESIAN_POINT('Origin',(8.99999904294506,20.499784077517,33.5588922538562));
#6933=CARTESIAN_POINT('',(8.99999904294506,18.4997847927727,33.5456202822851));
#6934=CARTESIAN_POINT('',(8.99999904294506,20.499784077517,33.5456202822851));
#6935=CARTESIAN_POINT('',(8.99999904294505,-33.0002161609016,33.5456202822851));
#6936=CARTESIAN_POINT('',(8.99999904294506,18.4997860696153,33.5588925518794));
#6937=CARTESIAN_POINT('',(8.99999904294506,20.499784077517,33.0000247993274));
#6938=CARTESIAN_POINT('Origin',(8.99999904294506,20.499784077517,33.5588922538562));
#6939=CARTESIAN_POINT('',(6.99999916215435,20.499784077517,34.0046105993834));
#6940=CARTESIAN_POINT('Origin',(9.99999831278818,20.499784077517,42.4898922739182));
#6941=CARTESIAN_POINT('',(6.99999916215435,20.499784077517,33.0000247993274));
#6942=CARTESIAN_POINT('Origin',(6.99999916215435,22.499785746447,34.019304756145));
#6943=CARTESIAN_POINT('',(6.99999916215435,22.499785746447,34.0046105993834));
#6944=CARTESIAN_POINT('',(6.99999916215434,-33.0002161609016,34.0046105993834));
#6945=CARTESIAN_POINT('',(6.99999916215435,22.499785746447,33.0000247993274));
#6946=CARTESIAN_POINT('Origin',(8.99999904294506,22.499785746447,33.5588922538562));
#6947=CARTESIAN_POINT('',(8.99999904294506,22.499785746447,33.5456202822851));
#6948=CARTESIAN_POINT('Origin',(9.99999831278818,22.499785746447,42.4898922739182));
#6949=CARTESIAN_POINT('',(8.99999904294506,22.499785746447,33.0000247993274));
#6950=CARTESIAN_POINT('Origin',(8.99999904294506,24.4997838390984,33.5588922538562));
#6951=CARTESIAN_POINT('',(8.99999904294506,24.4997838390984,33.5456202822851));
#6952=CARTESIAN_POINT('',(8.99999904294505,-33.0002161609016,33.5456202822851));
#6953=CARTESIAN_POINT('',(8.99999904294506,24.4997838390984,33.0000247993274));
#6954=CARTESIAN_POINT('Origin',(10.9999989237358,24.4997838390984,33.5588928499026));
#6955=CARTESIAN_POINT('',(10.9999989237358,24.4997838390984,33.5456204322251));
#6956=CARTESIAN_POINT('Origin',(9.99999831278818,24.4997838390984,42.4898922739182));
#6957=CARTESIAN_POINT('',(10.9999989237358,24.4997838390984,33.0000247993274));
#6958=CARTESIAN_POINT('Origin',(10.9999989237358,22.499785746447,33.5588928499026));
#6959=CARTESIAN_POINT('',(10.9999989237358,-33.0002161609016,33.5456204322251));
#6960=CARTESIAN_POINT('Origin',(13.9999996389915,35.9997847927727,48.0000247993274));
#6961=CARTESIAN_POINT('',(13.9999996389915,36.9997838390984,47.0000247993274));
#6962=CARTESIAN_POINT('',(13.9999996389915,35.9997847927727,47.0000247993274));
#6963=CARTESIAN_POINT('',(13.9999996389915,36.9997838390984,38.5000244416995));
#6964=CARTESIAN_POINT('',(13.9999996389915,36.9997838390984,36.5000244416995));
#6965=CARTESIAN_POINT('',(13.9999996389915,36.4997843159356,38.5000244416995));
#6966=CARTESIAN_POINT('Origin',(5.99999892373577,36.9997838390984,38.5000244416995));
#6967=CARTESIAN_POINT('',(10.9999989237358,36.9997838390984,38.5000244416995));
#6968=CARTESIAN_POINT('',(5.99999892373577,36.9997838390984,38.5000244416995));
#6969=CARTESIAN_POINT('',(5.99999892373577,36.9997838390984,38.5000244416995));
#6970=CARTESIAN_POINT('',(5.99999892373577,36.4997843159356,38.5000244416995));
#6971=CARTESIAN_POINT('Origin',(-7.00000131474963,32.9998081471057,34.5500237979693));
#6972=CARTESIAN_POINT('Origin',(-15.0000008379125,-38.0002161609016,52.5000252761645));
#6973=CARTESIAN_POINT('',(-16.0000204288649,39.9998076702686,52.5000252761645));
#6974=CARTESIAN_POINT('',(-7.50000345710506,39.9998076702686,52.5000252761645));
#6975=CARTESIAN_POINT('',(-16.0000204288649,1.49979575468349,52.5000252761645));
#6976=CARTESIAN_POINT('Origin',(12.9577933516075,32.9997852696099,34.5500237979693));
#6977=CARTESIAN_POINT('Origin',(-16.000001076331,36.9998067165943,48.0000247993274));
#6978=CARTESIAN_POINT('',(-15.0000017915868,36.9998067165943,48.0000247993274));
#6979=CARTESIAN_POINT('Origin',(-15.0000017915868,36.9998067165943,47.0000247993274));
#6980=CARTESIAN_POINT('',(-16.000001076331,36.9998067165943,48.0000247993274));
#6981=CARTESIAN_POINT('Origin',(-15.0000017915868,36.4998071934314,47.0000247993274));
#6982=CARTESIAN_POINT('',(-15.0000017915868,36.4998071934314,48.0000247993274));
#6983=CARTESIAN_POINT('Origin',(5.99999892373577,35.9997847927727,36.5000244416995));
#6984=CARTESIAN_POINT('',(5.99999892373577,36.9997838390984,47.0000247993274));
#6985=CARTESIAN_POINT('',(5.99999892373577,35.9997962315206,47.0000247993274));
#6986=CARTESIAN_POINT('',(5.99999892373577,36.9997838390984,36.5000244416995));
#6987=CARTESIAN_POINT('Origin',(5.99999892373577,36.9997838390984,48.0000247993274));
#6988=CARTESIAN_POINT('Origin',(4.99999892373577,36.9997838390984,47.0000247993274));
#6989=CARTESIAN_POINT('Origin',(4.99999892373577,35.9997962315206,47.0000247993274));
#6990=CARTESIAN_POINT('Origin',(-4.00000119554034,36.9998067165942,36.5000244416995));
#6991=CARTESIAN_POINT('',(-6.00000107633105,36.9998067165942,47.0000247993274));
#6992=CARTESIAN_POINT('Origin',(-5.00000107633105,36.9998067165942,47.0000247993274));
#6993=CARTESIAN_POINT('',(-6.00000107633105,36.9998067165942,36.5000244416995));
#6994=CARTESIAN_POINT('Origin',(-6.00000107633105,36.9998067165942,48.0000247993274));
#6995=CARTESIAN_POINT('',(-6.00000107633105,36.4998071934314,47.0000247993274));
#6996=CARTESIAN_POINT('Origin',(-5.00000107633105,36.4998071934314,47.0000247993274));
#6997=CARTESIAN_POINT('Origin',(15.9999989237358,36.9997838390984,48.0000247993274));
#6998=CARTESIAN_POINT('',(14.9999996389915,36.9997838390984,48.0000247993274));
#6999=CARTESIAN_POINT('Origin',(14.9999996389915,36.9997838390984,47.0000247993274));
#7000=CARTESIAN_POINT('',(13.9999996389915,36.9997838390984,48.0000247993274));
#7001=CARTESIAN_POINT('Origin',(14.9999996389915,35.9997847927727,47.0000247993274));
#7002=CARTESIAN_POINT('',(14.9999996389915,35.9997847927727,48.0000247993274));
#7003=CARTESIAN_POINT('Origin',(-17.3057612215184,-33.0001932834058,48.0000247993274));
#7004=CARTESIAN_POINT('',(-19.0000018011117,3.9998071934314,48.0000247993274));
#7005=CARTESIAN_POINT('Origin',(-19.0000018011117,3.9998071934314,47.0000247993274));
#7006=CARTESIAN_POINT('Origin',(-16.0000204288649,1.49979575468349,48.5000439134427));
#7007=CARTESIAN_POINT('Origin',(-16.0000204288649,39.9998076702686,48.5000439134427));
#7008=CARTESIAN_POINT('Origin',(15.9999989237358,-34.0002152072273,48.0000247993274));
#7009=CARTESIAN_POINT('',(18.9999996389915,3.49978479277271,48.0000247993274));
#7010=CARTESIAN_POINT('Origin',(18.9999996389915,3.49978479277271,47.0000247993274));
#7011=CARTESIAN_POINT('Origin',(-7.50000345710506,39.9998076702686,51.5000252761645));
#7012=CARTESIAN_POINT('Origin',(16.0000021658738,39.9998076702686,51.5000252761645));
#7013=CARTESIAN_POINT('Origin',(-16.0000204288649,39.9998076702686,51.5000252761645));
#7014=CARTESIAN_POINT('Origin',(16.0000021658738,39.9998076702686,48.5000278030468));
#7015=CARTESIAN_POINT('Origin',(-16.0000204288649,39.9998076702686,48.5000439134427));
#7016=CARTESIAN_POINT('Origin',(-19.0000017915868,-33.0001932834057,38.9998494772602));
#7017=CARTESIAN_POINT('',(-19.0000018582617,18.4997860696153,38.999962224281));
#7018=CARTESIAN_POINT('',(-18.9351684649436,18.4997860696153,38.999962224281));
#7019=CARTESIAN_POINT('',(-9.50000146410424,18.4997860696153,38.999962224281));
#7020=CARTESIAN_POINT('',(-18.9351508374867,2.49979450583412,38.9999271960867));
#7021=CARTESIAN_POINT('',(-19.0000018582619,3.99981759244695,38.9999304800324));
#7022=CARTESIAN_POINT('Origin',(-19.0000018582619,3.99981978171042,37.9999304800348));
#7023=CARTESIAN_POINT('Origin',(-19.0000018582617,18.4997860696153,37.9999622242786));
#7024=CARTESIAN_POINT('Origin',(18.9999996389915,35.6997847927727,38.9998501340392));
#7025=CARTESIAN_POINT('',(18.9352947030659,-33.0002161609016,38.9998501340392));
#7026=CARTESIAN_POINT('',(11.9999985661079,35.6997847927727,38.9998501340392));
#7027=CARTESIAN_POINT('Origin',(22.99999820848,-33.0002161609016,39.0000005364418));
#7028=CARTESIAN_POINT('',(18.9999996389915,18.4997860696153,38.9998877893709));
#7029=CARTESIAN_POINT('',(11.4999985359292,18.4997860696153,38.9998877893709));
#7030=CARTESIAN_POINT('',(18.9999996389915,3.9997958093654,38.9999195336671));
#7031=CARTESIAN_POINT('Origin',(18.9999996389915,3.99979362010193,37.9999195336695));
#7032=CARTESIAN_POINT('Origin',(18.9999996389915,18.4997860696153,37.9998877893685));
#7033=CARTESIAN_POINT('Ctrl Pts',(-18.0418988338363,18.4997847927631,38.4494834868401));
#7034=CARTESIAN_POINT('Ctrl Pts',(-18.0419046178123,24.3331264816861,38.4494949805125));
#7035=CARTESIAN_POINT('Ctrl Pts',(-18.0419104017636,30.1664681706091,38.4495064741972));
#7036=CARTESIAN_POINT('Ctrl Pts',(-18.0419161856904,35.999809859532,38.4495179678944));
#7037=CARTESIAN_POINT('Ctrl Pts',(-18.1246532257745,18.4997843415755,38.6139295126804));
#7038=CARTESIAN_POINT('Ctrl Pts',(-18.1246588792267,24.3331260304979,38.6139413384959));
#7039=CARTESIAN_POINT('Ctrl Pts',(-18.1246645402658,30.1664677194203,38.6139531613972));
#7040=CARTESIAN_POINT('Ctrl Pts',(-18.1246701936713,35.9998094083427,38.6139649872475));
#7041=CARTESIAN_POINT('Ctrl Pts',(-18.3833419181022,18.4997834403203,38.8954189652838));
#7042=CARTESIAN_POINT('Ctrl Pts',(-18.383347633335,24.3331251292415,38.8954314574973));
#7043=CARTESIAN_POINT('Ctrl Pts',(-18.3833533473808,30.1664668181628,38.8954439511459));
#7044=CARTESIAN_POINT('Ctrl Pts',(-18.3833590625798,35.999808507084,38.8954564434132));
#7045=CARTESIAN_POINT('Ctrl Pts',(-18.7510739652951,18.4997828063137,38.9999622239512));
#7046=CARTESIAN_POINT('Ctrl Pts',(-18.751080153255,24.3331244952348,38.9999749973416));
#7047=CARTESIAN_POINT('Ctrl Pts',(-18.7510863425373,30.1664661841559,38.9999877629252));
#7048=CARTESIAN_POINT('Ctrl Pts',(-18.7510925304859,35.999807873077,39.000000536377));
#7049=CARTESIAN_POINT('Ctrl Pts',(-18.9351684649411,18.4997826034953,38.9999622239507));
#7050=CARTESIAN_POINT('Ctrl Pts',(-18.9351748916312,24.3331242924167,38.9999749947287));
#7051=CARTESIAN_POINT('Ctrl Pts',(-18.9351813183213,30.1664659813381,38.9999877655373));
#7052=CARTESIAN_POINT('Ctrl Pts',(-18.9351877450114,35.9998076702595,39.0000005363765));
#7053=CARTESIAN_POINT('',(-18.0418988338363,18.4997860696153,38.4494834868401));
#7054=CARTESIAN_POINT('Ctrl Pts',(-18.9351684649436,18.4997847927684,38.9999622239555));
#7055=CARTESIAN_POINT('Ctrl Pts',(-18.7510739652975,18.4997849955868,38.999962223956));
#7056=CARTESIAN_POINT('Ctrl Pts',(-18.5672079417009,18.4997853125901,38.9476905946222));
#7057=CARTESIAN_POINT('Ctrl Pts',(-18.4106027568207,18.4997856964055,38.8511824168044));
#7058=CARTESIAN_POINT('Ctrl Pts',(-18.2539975719405,18.499786080221,38.7546742389867));
#7059=CARTESIAN_POINT('Ctrl Pts',(-18.1246532257766,18.4997865308486,38.6139295126849));
#7060=CARTESIAN_POINT('Ctrl Pts',(-18.0418988338384,18.4997869820362,38.4494834868444));
#7061=CARTESIAN_POINT('Ctrl Pts',(-18.0418988338363,18.4997847927631,38.4494834868401));
#7062=CARTESIAN_POINT('Ctrl Pts',(-18.0419046178116,24.3331257519249,38.449494980511));
#7063=CARTESIAN_POINT('Ctrl Pts',(-18.0419104017622,30.1664667110867,38.4495064741944));
#7064=CARTESIAN_POINT('Ctrl Pts',(-18.0419161856882,35.9998076702484,38.4495179678901));
#7065=CARTESIAN_POINT('Origin',(18.9352947030659,-33.0002161609016,37.9998501340392));
#7066=CARTESIAN_POINT('',(18.0417650640381,-33.0002161609016,38.4488543480271));
#7067=CARTESIAN_POINT('Ctrl Pts',(-18.9351684649436,16.9997847927727,38.9999622239555));
#7068=CARTESIAN_POINT('Ctrl Pts',(-18.9351684649436,18.4997860696153,38.9999622239555));
#7069=CARTESIAN_POINT('Ctrl Pts',(-18.8156604301197,16.9997847927727,38.9999622239555));
#7070=CARTESIAN_POINT('Ctrl Pts',(-18.8156604301197,18.4997860696153,38.9999622239555));
#7071=CARTESIAN_POINT('Ctrl Pts',(-18.6971144255537,16.9997847927727,38.9785389683674));
#7072=CARTESIAN_POINT('Ctrl Pts',(-18.6971144255537,18.4997860696153,38.9785389683674));
#7073=CARTESIAN_POINT('Ctrl Pts',(-18.4732164638068,16.9997847927727,38.894882622072));
#7074=CARTESIAN_POINT('Ctrl Pts',(-18.4732164638068,18.4997860696153,38.894882622072));
#7075=CARTESIAN_POINT('Ctrl Pts',(-18.3696668675651,16.9997847927727,38.8333229583566));
#7076=CARTESIAN_POINT('Ctrl Pts',(-18.3696668675651,18.4997860696153,38.8333229583566));
#7077=CARTESIAN_POINT('Ctrl Pts',(-18.1811271647998,16.9997847927727,38.6695722731351));
#7078=CARTESIAN_POINT('Ctrl Pts',(-18.1811271647998,18.4997860696153,38.6695722731351));
#7079=CARTESIAN_POINT('Ctrl Pts',(-18.1004331661332,16.9997847927727,38.5658004350526));
#7080=CARTESIAN_POINT('Ctrl Pts',(-18.1004331661332,18.4997860696153,38.5658004350526));
#7081=CARTESIAN_POINT('Ctrl Pts',(-18.0418988338363,16.9997847927727,38.4494834868401));
#7082=CARTESIAN_POINT('Ctrl Pts',(-18.0418988338363,18.4997860696153,38.4494834868401));
#7083=CARTESIAN_POINT('',(-18.9351684649436,16.9997847927727,38.999962224281));
#7084=CARTESIAN_POINT('',(-18.0418988338363,16.9997847927727,38.4494834868401));
#7085=CARTESIAN_POINT('Ctrl Pts',(-18.9351684649436,16.9997847927727,38.9999622239555));
#7086=CARTESIAN_POINT('Ctrl Pts',(-18.8156604301197,16.9997847927727,38.9999622239555));
#7087=CARTESIAN_POINT('Ctrl Pts',(-18.6971144255537,16.9997847927727,38.9785389683674));
#7088=CARTESIAN_POINT('Ctrl Pts',(-18.4732164638068,16.9997847927727,38.894882622072));
#7089=CARTESIAN_POINT('Ctrl Pts',(-18.3696668675651,16.9997847927727,38.8333229583566));
#7090=CARTESIAN_POINT('Ctrl Pts',(-18.1811271647998,16.9997847927727,38.6695722731351));
#7091=CARTESIAN_POINT('Ctrl Pts',(-18.1004331661332,16.9997847927727,38.5658004350526));
#7092=CARTESIAN_POINT('Ctrl Pts',(-18.0418988338363,16.9997847927727,38.4494834868401));
#7093=CARTESIAN_POINT('',(-18.0418988338363,16.9997847927727,38.4494834868401));
#7094=CARTESIAN_POINT('',(-18.9351684649436,16.9997847927727,38.999962224281));
#7095=CARTESIAN_POINT('Origin',(-19.0000018582617,16.9997847927727,38.999962224281));
#7096=CARTESIAN_POINT('',(-19.0000018582617,16.9997847927727,38.999962224281));
#7097=CARTESIAN_POINT('',(-9.50000146410424,16.9997847927727,38.999962224281));
#7098=CARTESIAN_POINT('',(-19.0000018582617,16.9997847927727,38.999962224281));
#7099=CARTESIAN_POINT('Origin',(-19.0000018582617,16.9997847927727,37.9999622242786));
#7100=CARTESIAN_POINT('Origin',(-19.0000018582617,16.9997847927727,37.9999622242786));
#7101=CARTESIAN_POINT('Origin',(18.9999996389915,16.9997847927727,37.9998877893685));
#7102=CARTESIAN_POINT('',(18.9999996389915,16.9997847927727,38.9998877893709));
#7103=CARTESIAN_POINT('',(18.9999996389915,16.9997847927727,38.9998877893709));
#7104=CARTESIAN_POINT('Origin',(18.9999996389915,16.9997847927727,37.9998877893685));
#7105=CARTESIAN_POINT('Origin',(18.935313624648,16.9997847927727,38.9998877893709));
#7106=CARTESIAN_POINT('',(18.935313624648,16.9997847927727,38.9998877893709));
#7107=CARTESIAN_POINT('',(11.4999985359292,16.9997847927727,38.9998877893709));
#7108=CARTESIAN_POINT('',(18.935313624648,16.9997847927727,38.9998877893709));
#7109=CARTESIAN_POINT('Ctrl Pts',(18.0417820934312,16.9997847927727,38.4488882378379));
#7110=CARTESIAN_POINT('Ctrl Pts',(18.0417820934312,18.4997860696153,38.4488882378379));
#7111=CARTESIAN_POINT('Ctrl Pts',(18.0954852265813,16.9997847927727,38.5557599413254));
#7112=CARTESIAN_POINT('Ctrl Pts',(18.0954852265813,18.4997860696153,38.5557599413254));
#7113=CARTESIAN_POINT('Ctrl Pts',(18.1679290837756,16.9997847927727,38.6521350997888));
#7114=CARTESIAN_POINT('Ctrl Pts',(18.1679290837756,18.4997860696153,38.6521350997888));
#7115=CARTESIAN_POINT('Ctrl Pts',(18.3433999843896,16.9997847927727,38.8147152741753));
#7116=CARTESIAN_POINT('Ctrl Pts',(18.3433999843896,18.4997860696153,38.8147152741753));
#7117=CARTESIAN_POINT('Ctrl Pts',(18.4450121802204,16.9997847927727,38.8796093823245));
#7118=CARTESIAN_POINT('Ctrl Pts',(18.4450121802204,18.4997860696153,38.8796093823245));
#7119=CARTESIAN_POINT('Ctrl Pts',(18.676128900418,16.9997847927727,38.9744539386063));
#7120=CARTESIAN_POINT('Ctrl Pts',(18.676128900418,18.4997860696153,38.9744539386063));
#7121=CARTESIAN_POINT('Ctrl Pts',(18.8050988001858,16.9997847927727,38.9998877893709));
#7122=CARTESIAN_POINT('Ctrl Pts',(18.8050988001858,18.4997860696153,38.9998877893709));
#7123=CARTESIAN_POINT('Ctrl Pts',(18.935313624648,16.9997847927727,38.9998877893709));
#7124=CARTESIAN_POINT('Ctrl Pts',(18.935313624648,18.4997860696153,38.9998877893709));
#7125=CARTESIAN_POINT('',(18.0417820937176,16.9997847927727,38.448888237694));
#7126=CARTESIAN_POINT('Ctrl Pts',(18.0417820934312,16.9997847927727,38.4488882378379));
#7127=CARTESIAN_POINT('Ctrl Pts',(18.0954852265813,16.9997847927727,38.5557599413254));
#7128=CARTESIAN_POINT('Ctrl Pts',(18.1679290837756,16.9997847927727,38.6521350997888));
#7129=CARTESIAN_POINT('Ctrl Pts',(18.3433999843896,16.9997847927727,38.8147152741753));
#7130=CARTESIAN_POINT('Ctrl Pts',(18.4450121802204,16.9997847927727,38.8796093823245));
#7131=CARTESIAN_POINT('Ctrl Pts',(18.676128900418,16.9997847927727,38.9744539386063));
#7132=CARTESIAN_POINT('Ctrl Pts',(18.8050988001858,16.9997847927727,38.9998877893709));
#7133=CARTESIAN_POINT('Ctrl Pts',(18.935313624648,16.9997847927727,38.9998877893709));
#7134=CARTESIAN_POINT('',(18.0417820937176,16.9997847927727,38.448888237694));
#7135=CARTESIAN_POINT('Origin',(10.9999989237358,18.4997860696153,33.5588928499026));
#7136=CARTESIAN_POINT('Origin',(9.99999831278818,18.4997860696153,42.4898922739182));
#7137=CARTESIAN_POINT('Origin',(18.9999996389915,2.49979362010193,37.9999195336695));
#7138=CARTESIAN_POINT('',(18.9999996389915,36.9997962862026,38.9998440040763));
#7139=CARTESIAN_POINT('Origin',(-19.0000018582619,2.49981978171042,37.9999304800348));
#7140=CARTESIAN_POINT('',(-19.0000018582621,-11.1181332023533,38.9999006667502));
#7141=CARTESIAN_POINT('',(-19.0000018582619,2.49981759244695,38.9999304800324));
#7142=CARTESIAN_POINT('Origin',(-19.0000018582621,-11.1181310130898,37.9999006667526));
#7143=CARTESIAN_POINT('Origin',(-19.0000017915868,-34.5001932834057,38.9998494772602));
#7144=CARTESIAN_POINT('',(-18.9351374869481,-11.1181332023533,38.9999006667502));
#7145=CARTESIAN_POINT('',(-18.935148634076,-1.0001836640873,38.9999228176075));
#7146=CARTESIAN_POINT('',(-19.0000017915868,-11.1181332023533,38.9999006667502));
#7147=CARTESIAN_POINT('Ctrl Pts',(-18.0418651213057,-17.0001932834058,38.449416495421));
#7148=CARTESIAN_POINT('Ctrl Pts',(-18.0418670654332,-15.0395058599631,38.4494203586287));
#7149=CARTESIAN_POINT('Ctrl Pts',(-18.0418690095578,-13.0788184365204,38.4494242218376));
#7150=CARTESIAN_POINT('Ctrl Pts',(-18.0418709536797,-11.1181310130777,38.449428085048));
#7151=CARTESIAN_POINT('Ctrl Pts',(-18.1246202592384,-17.00019373459,38.6138605910942));
#7152=CARTESIAN_POINT('Ctrl Pts',(-18.124622159493,-15.0395063111475,38.6138645659348));
#7153=CARTESIAN_POINT('Ctrl Pts',(-18.1246240623026,-13.078818887705,38.613868539792));
#7154=CARTESIAN_POINT('Ctrl Pts',(-18.1246259625519,-11.1181314642625,38.6138725146364));
#7155=CARTESIAN_POINT('Ctrl Pts',(-18.3832986355485,-17.0001946358632,38.8953623347883));
#7156=CARTESIAN_POINT('Ctrl Pts',(-18.3833005565608,-15.0395072124211,38.8953665336051));
#7157=CARTESIAN_POINT('Ctrl Pts',(-18.3833024771154,-13.0788197889789,38.8953707329738));
#7158=CARTESIAN_POINT('Ctrl Pts',(-18.3833043981239,-11.1181323655368,38.8953749317967));
#7159=CARTESIAN_POINT('Ctrl Pts',(-18.7510378957408,-17.0001952698446,38.9998877890411));
#7160=CARTESIAN_POINT('Ctrl Pts',(-18.7510399756311,-15.0395078464025,38.9998920823617));
#7161=CARTESIAN_POINT('Ctrl Pts',(-18.7510420559672,-13.0788204229605,38.9998963730516));
#7162=CARTESIAN_POINT('Ctrl Pts',(-18.7510441358562,-11.1181329995184,38.9999006663791));
#7163=CARTESIAN_POINT('Ctrl Pts',(-18.9351310065739,-17.0001954726649,38.9998877890407));
#7164=CARTESIAN_POINT('Ctrl Pts',(-18.9351331666986,-15.0395080492227,38.9998920814832));
#7165=CARTESIAN_POINT('Ctrl Pts',(-18.9351353268234,-13.0788206257806,38.9998963739292));
#7166=CARTESIAN_POINT('Ctrl Pts',(-18.9351374869481,-11.1181332023384,38.9999006663786));
#7167=CARTESIAN_POINT('',(-18.0418709536797,-11.1181310130898,38.449428085048));
#7168=CARTESIAN_POINT('Ctrl Pts',(-18.0418651213057,-17.0001932834058,38.449416495421));
#7169=CARTESIAN_POINT('Ctrl Pts',(-18.0418670654332,-15.0395058599631,38.4494203586287));
#7170=CARTESIAN_POINT('Ctrl Pts',(-18.0418690095578,-13.0788184365204,38.4494242218376));
#7171=CARTESIAN_POINT('Ctrl Pts',(-18.0418709536797,-11.1181310130777,38.449428085048));
#7172=CARTESIAN_POINT('Origin',(-18.9351374869481,-11.1181310130898,37.9999006667526));
#7173=CARTESIAN_POINT('Ctrl Pts',(18.9353200954796,11.1177247117079,38.9999006667502));
#7174=CARTESIAN_POINT('Ctrl Pts',(18.9353179385349,13.0784121351507,38.9998963742888));
#7175=CARTESIAN_POINT('Ctrl Pts',(18.9353157815902,15.0390995585934,38.9998920818275));
#7176=CARTESIAN_POINT('Ctrl Pts',(18.9353136246456,16.9997869820362,38.9998877893661));
#7177=CARTESIAN_POINT('Ctrl Pts',(18.7511281960589,11.1177245090791,38.9999006667506));
#7178=CARTESIAN_POINT('Ctrl Pts',(18.7511261193286,13.078411932522,38.99989637341));
#7179=CARTESIAN_POINT('Ctrl Pts',(18.7511240421511,15.0390993559648,38.9998920827072));
#7180=CARTESIAN_POINT('Ctrl Pts',(18.7511219654208,16.9997867794077,38.9998877893666));
#7181=CARTESIAN_POINT('Ctrl Pts',(18.3831925842504,11.1177238752284,38.8952599160499));
#7182=CARTESIAN_POINT('Ctrl Pts',(18.383190666355,13.0784112986716,38.895255717244));
#7183=CARTESIAN_POINT('Ctrl Pts',(18.3831887489162,15.0390987221149,38.8952515178889));
#7184=CARTESIAN_POINT('Ctrl Pts',(18.3831868310207,16.9997861455581,38.8952473190829));
#7185=CARTESIAN_POINT('Ctrl Pts',(18.1244899254311,11.1177229737428,38.6134812166002));
#7186=CARTESIAN_POINT('Ctrl Pts',(18.1244880281503,13.0784103971865,38.6134772417858));
#7187=CARTESIAN_POINT('Ctrl Pts',(18.1244861283077,15.0390978206303,38.6134732679563));
#7188=CARTESIAN_POINT('Ctrl Pts',(18.1244842310273,16.999785244074,38.6134692931415));
#7189=CARTESIAN_POINT('Ctrl Pts',(18.0417879171776,11.1177225224506,38.4488998274856));
#7190=CARTESIAN_POINT('Ctrl Pts',(18.0417859759285,13.0784099458945,38.4488959642699));
#7191=CARTESIAN_POINT('Ctrl Pts',(18.0417840346797,15.0390973693385,38.448892101054));
#7192=CARTESIAN_POINT('Ctrl Pts',(18.0417820934312,16.9997847927824,38.4488882378379));
#7193=CARTESIAN_POINT('',(18.0417879175057,11.1177225224567,38.4488998273208));
#7194=CARTESIAN_POINT('Ctrl Pts',(18.0417820934312,16.9997847927824,38.4488882378379));
#7195=CARTESIAN_POINT('Ctrl Pts',(18.0417840346797,15.0390973693385,38.448892101054));
#7196=CARTESIAN_POINT('Ctrl Pts',(18.0417859759285,13.0784099458945,38.4488959642699));
#7197=CARTESIAN_POINT('Ctrl Pts',(18.0417879171776,11.1177225224506,38.4488998274856));
#7198=CARTESIAN_POINT('',(18.9353200954796,11.1177247117202,38.9999006667502));
#7199=CARTESIAN_POINT('Origin',(18.9353200954796,11.1177225224567,37.9999006667526));
#7200=CARTESIAN_POINT('Ctrl Pts',(18.9353200954796,11.1177247117079,38.9999006667502));
#7201=CARTESIAN_POINT('Ctrl Pts',(18.9353179385357,13.0784114053962,38.9998963742904));
#7202=CARTESIAN_POINT('Ctrl Pts',(18.9353157815919,15.0390980990844,38.9998920818307));
#7203=CARTESIAN_POINT('Ctrl Pts',(18.935313624648,16.9997847927727,38.9998877893709));
#7204=CARTESIAN_POINT('Ctrl Pts',(18.0417879175802,11.1177225224567,38.4488998274692));
#7205=CARTESIAN_POINT('Ctrl Pts',(18.0417884593497,10.5705319194995,38.4489009056191));
#7206=CARTESIAN_POINT('Ctrl Pts',(17.9236341696113,9.61748388252903,38.2004301295252));
#7207=CARTESIAN_POINT('Ctrl Pts',(17.5912557479095,8.95208589702814,37.6452514039369));
#7208=CARTESIAN_POINT('Ctrl Pts',(17.4140258133952,8.7335398639116,37.3877166379525));
#7209=CARTESIAN_POINT('Ctrl Pts',(18.1244899258321,11.1177229737495,38.613481216588));
#7210=CARTESIAN_POINT('Ctrl Pts',(18.1244904819933,10.5329177226241,38.6134823781251));
#7211=CARTESIAN_POINT('Ctrl Pts',(18.0036370067286,9.5146457814856,38.3452038916761));
#7212=CARTESIAN_POINT('Ctrl Pts',(17.6596062350002,8.79889587953483,37.7510359118037));
#7213=CARTESIAN_POINT('Ctrl Pts',(17.4753870086576,8.56150373562287,37.476881265281));
#7214=CARTESIAN_POINT('Ctrl Pts',(18.3831094132821,11.1177238754407,38.8953947911501));
#7215=CARTESIAN_POINT('Ctrl Pts',(18.3831099927181,10.4578438629133,38.8953961380143));
#7216=CARTESIAN_POINT('Ctrl Pts',(18.2572748583481,9.30903284499161,38.5841904776861));
#7217=CARTESIAN_POINT('Ctrl Pts',(17.8968861195493,8.49277483590034,37.898478372859));
#7218=CARTESIAN_POINT('Ctrl Pts',(17.7033625981112,8.21794612382255,37.5823844543039));
#7219=CARTESIAN_POINT('Ctrl Pts',(18.7511281964667,11.1177245090902,38.9999006667506));
#7220=CARTESIAN_POINT('Ctrl Pts',(18.7511287909748,10.4049336737482,38.9999021901399));
#7221=CARTESIAN_POINT('Ctrl Pts',(18.6216903717496,9.16420327246265,38.6485133698668));
#7222=CARTESIAN_POINT('Ctrl Pts',(18.2553161117489,8.28937249163234,37.8673166190995));
#7223=CARTESIAN_POINT('Ctrl Pts',(18.0594808104373,7.99801143261461,37.5052859759815));
#7224=CARTESIAN_POINT('Ctrl Pts',(18.9353200958904,11.1177247117202,38.9999006667502));
#7225=CARTESIAN_POINT('Ctrl Pts',(18.9353206978565,10.3881372411107,38.9999022640094));
#7226=CARTESIAN_POINT('Ctrl Pts',(18.8040381537028,9.1174065251499,38.6317974105369));
#7227=CARTESIAN_POINT('Ctrl Pts',(18.4347287962563,8.23020921114874,37.8093104096653));
#7228=CARTESIAN_POINT('Ctrl Pts',(18.237806646796,7.93881450032669,37.4277774230218));
#7229=CARTESIAN_POINT('',(17.4140258133952,8.7335398639116,37.3877166379525));
#7230=CARTESIAN_POINT('',(18.237806646796,7.93881450032674,37.4277774230218));
#7231=CARTESIAN_POINT('Origin',(18.237806646796,8.7335398639116,36.8208082339563));
#7232=CARTESIAN_POINT('Ctrl Pts',(18.237806646796,7.93881450032669,37.4277774230218));
#7233=CARTESIAN_POINT('Ctrl Pts',(18.4347287962563,8.23020921114874,37.8093104096653));
#7234=CARTESIAN_POINT('Ctrl Pts',(18.8040381537028,9.1174065251499,38.6317974105369));
#7235=CARTESIAN_POINT('Ctrl Pts',(18.9353206978565,10.3881372411107,38.9999022640094));
#7236=CARTESIAN_POINT('Ctrl Pts',(18.9353200958904,11.1177247117202,38.9999006667502));
#7237=CARTESIAN_POINT('Ctrl Pts',(18.0417879175802,11.1177225224567,38.4488998274692));
#7238=CARTESIAN_POINT('Ctrl Pts',(18.0417884593497,10.5705319194995,38.4489009056191));
#7239=CARTESIAN_POINT('Ctrl Pts',(17.9236341696113,9.61748388252903,38.2004301295252));
#7240=CARTESIAN_POINT('Ctrl Pts',(17.5912557479095,8.95208589702814,37.6452514039369));
#7241=CARTESIAN_POINT('Ctrl Pts',(17.4140258133952,8.7335398639116,37.3877166379525));
#7242=CARTESIAN_POINT('Ctrl Pts',(18.2378329725535,-7.94538854502298,37.4278121977273));
#7243=CARTESIAN_POINT('Ctrl Pts',(17.0667558831412,-6.76393715116441,35.8808837403912));
#7244=CARTESIAN_POINT('Ctrl Pts',(15.1438039800179,-4.90484129856412,34.5829144492471));
#7245=CARTESIAN_POINT('Ctrl Pts',(13.0173621292511,-2.85225408641576,33.9031255627112));
#7246=CARTESIAN_POINT('Ctrl Pts',(12.4017376992872,-2.25467655519459,33.7553532736402));
#7247=CARTESIAN_POINT('Ctrl Pts',(11.9903411234258,-1.85374973274291,33.6690863655848));
#7248=CARTESIAN_POINT('Ctrl Pts',(11.474503561915,-1.34576450788982,33.5842154567989));
#7249=CARTESIAN_POINT('Ctrl Pts',(10.9671099867955,-0.829770094475383,33.5303178244397));
#7250=CARTESIAN_POINT('Ctrl Pts',(10.6378681540811,-0.448071078743863,33.50872953491));
#7251=CARTESIAN_POINT('Ctrl Pts',(10.5059383284534,-0.235736429618146,33.5023540502241));
#7252=CARTESIAN_POINT('Ctrl Pts',(10.4584349048977,-0.103894980423965,33.5003216845985));
#7253=CARTESIAN_POINT('Ctrl Pts',(10.43325643135,0.106673934864886,33.4993211589356));
#7254=CARTESIAN_POINT('Ctrl Pts',(10.5951325320744,0.392569916127355,33.5057072360877));
#7255=CARTESIAN_POINT('Ctrl Pts',(10.9803152768307,0.836544198684504,33.5314314796046));
#7256=CARTESIAN_POINT('Ctrl Pts',(11.3740633452078,1.23653501904174,33.5736079956737));
#7257=CARTESIAN_POINT('Ctrl Pts',(11.7810389204769,1.6408960504016,33.6344864751327));
#7258=CARTESIAN_POINT('Ctrl Pts',(12.2011025639786,2.05285396585284,33.7098610949343));
#7259=CARTESIAN_POINT('Ctrl Pts',(12.7289698453143,2.56586770296079,33.8288830014113));
#7260=CARTESIAN_POINT('Ctrl Pts',(13.3484212268181,3.16497501500932,34.0089159647119));
#7261=CARTESIAN_POINT('Ctrl Pts',(14.5396414294801,4.31517384823946,34.4319784536289));
#7262=CARTESIAN_POINT('Ctrl Pts',(15.901859637323,5.631809537719,35.1582262775043));
#7263=CARTESIAN_POINT('Ctrl Pts',(17.3011209295436,7.00250836823438,36.3215289370788));
#7264=CARTESIAN_POINT('Ctrl Pts',(17.945035887152,7.6434504073564,37.0410471895858));
#7265=CARTESIAN_POINT('Ctrl Pts',(18.237806646796,7.93881450032672,37.4277774230218));
#7266=CARTESIAN_POINT('Ctrl Pts',(18.059506196401,-8.00458505923555,37.5053209068342));
#7267=CARTESIAN_POINT('Ctrl Pts',(16.9303398018075,-6.8422108612895,35.951215722492));
#7268=CARTESIAN_POINT('Ctrl Pts',(15.0530453911627,-4.9771493918406,34.6157234933429));
#7269=CARTESIAN_POINT('Ctrl Pts',(12.9656645035084,-2.89713737166686,33.9161812936367));
#7270=CARTESIAN_POINT('Ctrl Pts',(12.3609846863154,-2.2908768969178,33.7636495541531));
#7271=CARTESIAN_POINT('Ctrl Pts',(11.9567776069483,-1.88389001765461,33.674644402125));
#7272=CARTESIAN_POINT('Ctrl Pts',(11.4497968360122,-1.3679167981845,33.5869915853699));
#7273=CARTESIAN_POINT('Ctrl Pts',(10.9509578570363,-0.843495186503915,33.5313195061278));
#7274=CARTESIAN_POINT('Ctrl Pts',(10.6272286998664,-0.455473624094323,33.5090110829917));
#7275=CARTESIAN_POINT('Ctrl Pts',(10.4975028591147,-0.239605768651237,33.5024235254389));
#7276=CARTESIAN_POINT('Ctrl Pts',(10.4507926333355,-0.105567952470069,33.5003233333825));
#7277=CARTESIAN_POINT('Ctrl Pts',(10.4260344094701,0.108510586963806,33.499289393244));
#7278=CARTESIAN_POINT('Ctrl Pts',(10.5852093142609,0.399171533810931,33.5058875898925));
#7279=CARTESIAN_POINT('Ctrl Pts',(10.9639426354046,0.85049759181826,33.5324669034876));
#7280=CARTESIAN_POINT('Ctrl Pts',(11.3510507206038,1.25701931327573,33.5760332005889));
#7281=CARTESIAN_POINT('Ctrl Pts',(11.7510738647555,1.66780694314321,33.6388996101919));
#7282=CARTESIAN_POINT('Ctrl Pts',(12.1638833393262,2.08615995714159,33.7167138391225));
#7283=CARTESIAN_POINT('Ctrl Pts',(12.682460762065,2.60680684965952,33.8395181264663));
#7284=CARTESIAN_POINT('Ctrl Pts',(13.2906280515854,3.21410642674822,34.0251047087871));
#7285=CARTESIAN_POINT('Ctrl Pts',(14.4592845316961,4.37844395594191,34.4606233762734));
#7286=CARTESIAN_POINT('Ctrl Pts',(15.792464690106,5.70536551730915,35.2063664576326));
#7287=CARTESIAN_POINT('Ctrl Pts',(17.1540766455078,7.07330306022346,36.390241894861));
#7288=CARTESIAN_POINT('Ctrl Pts',(17.7771877146951,7.70741656397768,37.1167614558044));
#7289=CARTESIAN_POINT('Ctrl Pts',(18.0594808104373,7.99801143261464,37.5052859759816));
#7290=CARTESIAN_POINT('Ctrl Pts',(17.7033821430676,-8.22451620801463,37.5824251980682));
#7291=CARTESIAN_POINT('Ctrl Pts',(16.6570256785905,-7.04856564432825,36.0219343415686));
#7292=CARTESIAN_POINT('Ctrl Pts',(14.8716434205412,-5.13579088011765,34.6467233473369));
#7293=CARTESIAN_POINT('Ctrl Pts',(12.8622465925194,-2.99079291941065,33.928585401383));
#7294=CARTESIAN_POINT('Ctrl Pts',(12.2794699121956,-2.36527450429448,33.7714329308391));
#7295=CARTESIAN_POINT('Ctrl Pts',(11.8896386183948,-1.94523390133418,33.6798168382572));
#7296=CARTESIAN_POINT('Ctrl Pts',(11.4003761597362,-1.41257097474757,33.5894910607837));
#7297=CARTESIAN_POINT('Ctrl Pts',(10.9186463970029,-0.871033150775091,33.5321296221484));
#7298=CARTESIAN_POINT('Ctrl Pts',(10.6059432510092,-0.470304186888904,33.5091339099929));
#7299=CARTESIAN_POINT('Ctrl Pts',(10.4806253346064,-0.247358445059741,33.5023449130545));
#7300=CARTESIAN_POINT('Ctrl Pts',(10.4355015088815,-0.108924426849766,33.5001802350912));
#7301=CARTESIAN_POINT('Ctrl Pts',(10.4115837500857,0.112176334775731,33.499114641549));
#7302=CARTESIAN_POINT('Ctrl Pts',(10.5653557863955,0.412369455611322,33.5059157975918));
#7303=CARTESIAN_POINT('Ctrl Pts',(10.9311900416821,0.878477361845381,33.533308614307));
#7304=CARTESIAN_POINT('Ctrl Pts',(11.3050144214643,1.29825977755497,33.5782096839569));
#7305=CARTESIAN_POINT('Ctrl Pts',(11.6911315304298,1.7223716482876,33.642975723656));
#7306=CARTESIAN_POINT('Ctrl Pts',(12.089431773262,2.15422144776715,33.7231241276543));
#7307=CARTESIAN_POINT('Ctrl Pts',(12.589425274355,2.69149657648264,33.849566681544));
#7308=CARTESIAN_POINT('Ctrl Pts',(13.1750197722761,3.31783232493877,34.0405258486906));
#7309=CARTESIAN_POINT('Ctrl Pts',(14.2985356495074,4.51780544861767,34.488184291526));
#7310=CARTESIAN_POINT('Ctrl Pts',(15.5735378974202,5.88204908352041,35.2535513869129));
#7311=CARTESIAN_POINT('Ctrl Pts',(16.8600969994929,7.28011792878323,36.4583756812275));
#7312=CARTESIAN_POINT('Ctrl Pts',(17.441767996453,7.92395324085678,37.1922690606128));
#7313=CARTESIAN_POINT('Ctrl Pts',(17.70335862556,8.21794229138672,37.5823901151407));
#7314=CARTESIAN_POINT('Ctrl Pts',(17.4754102593759,-8.56807950577376,37.476915937946));
#7315=CARTESIAN_POINT('Ctrl Pts',(16.4416166420075,-7.30997466154892,35.9343204776992));
#7316=CARTESIAN_POINT('Ctrl Pts',(14.7052622663272,-5.30877033953162,34.6077590046));
#7317=CARTESIAN_POINT('Ctrl Pts',(12.7631279530983,-3.08849565980831,33.9128133622118));
#7318=CARTESIAN_POINT('Ctrl Pts',(12.2001603448751,-2.44173543297835,33.7612715204856));
#7319=CARTESIAN_POINT('Ctrl Pts',(11.8237068295123,-2.0076924380999,33.6728438189872));
#7320=CARTESIAN_POINT('Ctrl Pts',(11.3513710371043,-1.45759166008569,33.5857566766584));
#7321=CARTESIAN_POINT('Ctrl Pts',(10.8864550792607,-0.898660163719112,33.53044304613));
#7322=CARTESIAN_POINT('Ctrl Pts',(10.584700436215,-0.485154211417196,33.5082779977423));
#7323=CARTESIAN_POINT('Ctrl Pts',(10.4637750576099,-0.255117606382147,33.5017327829818));
#7324=CARTESIAN_POINT('Ctrl Pts',(10.4202332043584,-0.112283459732567,33.499646086063));
#7325=CARTESIAN_POINT('Ctrl Pts',(10.3971541762571,0.11584316577269,33.4986187903179));
#7326=CARTESIAN_POINT('Ctrl Pts',(10.5455344135436,0.425577372327368,33.5051746087949));
#7327=CARTESIAN_POINT('Ctrl Pts',(10.8985593833352,0.906547152407961,33.5315830420085));
#7328=CARTESIAN_POINT('Ctrl Pts',(11.2593429069376,1.33982031655666,33.5748690262469));
#7329=CARTESIAN_POINT('Ctrl Pts',(11.6320671039116,1.77774032439221,33.6373297288725));
#7330=CARTESIAN_POINT('Ctrl Pts',(12.0166226784307,2.2238109883161,33.7146407340217));
#7331=CARTESIAN_POINT('Ctrl Pts',(12.4995290897447,2.77913645523152,33.836648156397));
#7332=CARTESIAN_POINT('Ctrl Pts',(13.0654692240299,3.42728801502847,34.0210227426614));
#7333=CARTESIAN_POINT('Ctrl Pts',(14.1521362393304,4.67081246445659,34.4536741898334));
#7334=CARTESIAN_POINT('Ctrl Pts',(15.3886272853313,6.09118351709994,35.1944279786922));
#7335=CARTESIAN_POINT('Ctrl Pts',(16.6447163788454,7.56236640451493,36.3699879732274));
#7336=CARTESIAN_POINT('Ctrl Pts',(17.216937189068,8.24697614078317,37.091234160085));
#7337=CARTESIAN_POINT('Ctrl Pts',(17.4753870086576,8.56150373562288,37.476881265281));
#7338=CARTESIAN_POINT('Ctrl Pts',(17.4140495065769,-8.74011656623119,37.3877510669465));
#7339=CARTESIAN_POINT('Ctrl Pts',(16.3600801261061,-7.44044319349391,35.856201345661));
#7340=CARTESIAN_POINT('Ctrl Pts',(14.6294234132948,-5.39531684335217,34.5711357715793));
#7341=CARTESIAN_POINT('Ctrl Pts',(12.7156257476048,-3.13733741337478,33.898104982877));
#7342=CARTESIAN_POINT('Ctrl Pts',(12.1615637606373,-2.47996326365383,33.751801766935));
#7343=CARTESIAN_POINT('Ctrl Pts',(11.791306842362,-2.03891768339095,33.6663924783787));
#7344=CARTESIAN_POINT('Ctrl Pts',(11.3270530370023,-1.48010089759884,33.5823653108133));
#7345=CARTESIAN_POINT('Ctrl Pts',(10.8703988193948,-0.912473483485885,33.5290034999123));
#7346=CARTESIAN_POINT('Ctrl Pts',(10.5740811699518,-0.492579741157455,33.5076298296204));
#7347=CARTESIAN_POINT('Ctrl Pts',(10.4553443268869,-0.258997817252002,33.5013177265963));
#7348=CARTESIAN_POINT('Ctrl Pts',(10.4125912456867,-0.113963648405506,33.4993055656636));
#7349=CARTESIAN_POINT('Ctrl Pts',(10.3899306194938,0.117675853439215,33.4983149866922));
#7350=CARTESIAN_POINT('Ctrl Pts',(10.5356191101458,0.432180026993045,33.504637576878));
#7351=CARTESIAN_POINT('Ctrl Pts',(10.8822835804264,0.920580613102019,33.5301060837127));
#7352=CARTESIAN_POINT('Ctrl Pts',(11.2366568419658,1.36059653018509,33.571863303398));
#7353=CARTESIAN_POINT('Ctrl Pts',(11.602934859708,1.80541996360179,33.6321365615475));
#7354=CARTESIAN_POINT('Ctrl Pts',(11.9809921388595,2.25860046360681,33.7067618471589));
#7355=CARTESIAN_POINT('Ctrl Pts',(12.4560726920617,2.82294893992474,33.8246005014466));
#7356=CARTESIAN_POINT('Ctrl Pts',(13.0135789354151,3.48200594805001,34.002843673235));
#7357=CARTESIAN_POINT('Ctrl Pts',(14.0856771178109,4.74729947148545,34.42170030097));
#7358=CARTESIAN_POINT('Ctrl Pts',(15.3116735048695,6.19568436155175,35.1407281570845));
#7359=CARTESIAN_POINT('Ctrl Pts',(16.5710086678681,7.70354222292783,36.2924658832819));
#7360=CARTESIAN_POINT('Ctrl Pts',(17.1505321297157,8.40862015169002,37.0048310698302));
#7361=CARTESIAN_POINT('Ctrl Pts',(17.4140258133952,8.7335398639116,37.3877166379525));
#7362=CARTESIAN_POINT('',(17.4140495065769,-8.74011656623119,37.3877510669465));
#7363=CARTESIAN_POINT('Ctrl Pts',(17.4140258133952,8.7335398639116,37.3877166379525));
#7364=CARTESIAN_POINT('Ctrl Pts',(17.1505321297157,8.40862015169002,37.0048310698302));
#7365=CARTESIAN_POINT('Ctrl Pts',(16.5710086678681,7.70354222292783,36.2924658832819));
#7366=CARTESIAN_POINT('Ctrl Pts',(15.3116735048695,6.19568436155175,35.1407281570845));
#7367=CARTESIAN_POINT('Ctrl Pts',(14.0856771178109,4.74729947148545,34.42170030097));
#7368=CARTESIAN_POINT('Ctrl Pts',(13.0135789354151,3.48200594805001,34.002843673235));
#7369=CARTESIAN_POINT('Ctrl Pts',(12.4560726920617,2.82294893992474,33.8246005014466));
#7370=CARTESIAN_POINT('Ctrl Pts',(11.9809921388595,2.25860046360681,33.7067618471589));
#7371=CARTESIAN_POINT('Ctrl Pts',(11.602934859708,1.80541996360179,33.6321365615475));
#7372=CARTESIAN_POINT('Ctrl Pts',(11.2366568419658,1.36059653018509,33.571863303398));
#7373=CARTESIAN_POINT('Ctrl Pts',(10.8822835804264,0.920580613102019,33.5301060837127));
#7374=CARTESIAN_POINT('Ctrl Pts',(10.5356191101458,0.432180026993045,33.504637576878));
#7375=CARTESIAN_POINT('Ctrl Pts',(10.3899306194938,0.117675853439215,33.4983149866922));
#7376=CARTESIAN_POINT('Ctrl Pts',(10.4125912456867,-0.113963648405506,33.4993055656636));
#7377=CARTESIAN_POINT('Ctrl Pts',(10.4553443268869,-0.258997817252002,33.5013177265963));
#7378=CARTESIAN_POINT('Ctrl Pts',(10.5740811699518,-0.492579741157455,33.5076298296204));
#7379=CARTESIAN_POINT('Ctrl Pts',(10.8703988193948,-0.912473483485885,33.5290034999123));
#7380=CARTESIAN_POINT('Ctrl Pts',(11.3270530370023,-1.48010089759884,33.5823653108133));
#7381=CARTESIAN_POINT('Ctrl Pts',(11.791306842362,-2.03891768339095,33.6663924783787));
#7382=CARTESIAN_POINT('Ctrl Pts',(12.1615637606373,-2.47996326365383,33.751801766935));
#7383=CARTESIAN_POINT('Ctrl Pts',(12.7156257476048,-3.13733741337478,33.898104982877));
#7384=CARTESIAN_POINT('Ctrl Pts',(14.6294234132948,-5.39531684335217,34.5711357715793));
#7385=CARTESIAN_POINT('Ctrl Pts',(16.3600801261061,-7.44044319349391,35.856201345661));
#7386=CARTESIAN_POINT('Ctrl Pts',(17.4140495065769,-8.74011656623119,37.3877510669465));
#7387=CARTESIAN_POINT('',(18.2378329725535,-7.94538854502301,37.4278121977274));
#7388=CARTESIAN_POINT('Origin',(18.2378329725534,-8.74011656623119,36.820846488394));
#7389=CARTESIAN_POINT('Ctrl Pts',(18.2378329725535,-7.94538854502298,37.4278121977273));
#7390=CARTESIAN_POINT('Ctrl Pts',(17.0667558831412,-6.76393715116441,35.8808837403912));
#7391=CARTESIAN_POINT('Ctrl Pts',(15.1438039800179,-4.90484129856412,34.5829144492471));
#7392=CARTESIAN_POINT('Ctrl Pts',(13.0173621292511,-2.85225408641576,33.9031255627112));
#7393=CARTESIAN_POINT('Ctrl Pts',(12.4017376992872,-2.25467655519459,33.7553532736402));
#7394=CARTESIAN_POINT('Ctrl Pts',(11.9903411234258,-1.85374973274291,33.6690863655848));
#7395=CARTESIAN_POINT('Ctrl Pts',(11.474503561915,-1.34576450788982,33.5842154567989));
#7396=CARTESIAN_POINT('Ctrl Pts',(10.9671099867955,-0.829770094475383,33.5303178244397));
#7397=CARTESIAN_POINT('Ctrl Pts',(10.6378681540811,-0.448071078743863,33.50872953491));
#7398=CARTESIAN_POINT('Ctrl Pts',(10.5059383284534,-0.235736429618146,33.5023540502241));
#7399=CARTESIAN_POINT('Ctrl Pts',(10.4584349048977,-0.103894980423965,33.5003216845985));
#7400=CARTESIAN_POINT('Ctrl Pts',(10.43325643135,0.106673934864886,33.4993211589356));
#7401=CARTESIAN_POINT('Ctrl Pts',(10.5951325320744,0.392569916127355,33.5057072360877));
#7402=CARTESIAN_POINT('Ctrl Pts',(10.9803152768307,0.836544198684504,33.5314314796046));
#7403=CARTESIAN_POINT('Ctrl Pts',(11.3740633452078,1.23653501904174,33.5736079956737));
#7404=CARTESIAN_POINT('Ctrl Pts',(11.7810389204769,1.6408960504016,33.6344864751327));
#7405=CARTESIAN_POINT('Ctrl Pts',(12.2011025639786,2.05285396585284,33.7098610949343));
#7406=CARTESIAN_POINT('Ctrl Pts',(12.7289698453143,2.56586770296079,33.8288830014113));
#7407=CARTESIAN_POINT('Ctrl Pts',(13.3484212268181,3.16497501500932,34.0089159647119));
#7408=CARTESIAN_POINT('Ctrl Pts',(14.5396414294801,4.31517384823946,34.4319784536289));
#7409=CARTESIAN_POINT('Ctrl Pts',(15.901859637323,5.631809537719,35.1582262775043));
#7410=CARTESIAN_POINT('Ctrl Pts',(17.3011209295436,7.00250836823438,36.3215289370788));
#7411=CARTESIAN_POINT('Ctrl Pts',(17.945035887152,7.6434504073564,37.0410471895858));
#7412=CARTESIAN_POINT('Ctrl Pts',(18.237806646796,7.93881450032672,37.4277774230218));
#7413=CARTESIAN_POINT('Ctrl Pts',(17.4140495065769,-8.74011656623121,37.3877510669465));
#7414=CARTESIAN_POINT('Ctrl Pts',(17.6503540695885,-9.03150904317893,37.7311312393925));
#7415=CARTESIAN_POINT('Ctrl Pts',(17.9541694631156,-9.75532107439157,38.2665143080427));
#7416=CARTESIAN_POINT('Ctrl Pts',(18.0418095327695,-10.7139025268102,38.4489428431305));
#7417=CARTESIAN_POINT('Ctrl Pts',(18.0418099390896,-11.1242940620655,38.4489436517402));
#7418=CARTESIAN_POINT('Ctrl Pts',(17.4754102593759,-8.56807950577377,37.476915937946));
#7419=CARTESIAN_POINT('Ctrl Pts',(17.7210338516444,-8.88460002376251,37.8424560846713));
#7420=CARTESIAN_POINT('Ctrl Pts',(18.0348473309671,-9.66136747359318,38.4165938751097));
#7421=CARTESIAN_POINT('Ctrl Pts',(18.124511041134,-10.6856911246966,38.6135254319576));
#7422=CARTESIAN_POINT('Ctrl Pts',(18.1245114582477,-11.1242936107717,38.6135263031077));
#7423=CARTESIAN_POINT('Ctrl Pts',(17.7033861202351,-8.22452004490449,37.5824195307067));
#7424=CARTESIAN_POINT('Ctrl Pts',(17.9614153813418,-8.59095577019336,38.0038789530831));
#7425=CARTESIAN_POINT('Ctrl Pts',(18.2897831193603,-9.47365582160807,38.6668437558737));
#7426=CARTESIAN_POINT('Ctrl Pts',(18.3831307348125,-10.6293842247603,38.8954414114298));
#7427=CARTESIAN_POINT('Ctrl Pts',(18.3831311693819,-11.1242927090786,38.8954424215753));
#7428=CARTESIAN_POINT('Ctrl Pts',(18.0595061964011,-8.00458505923555,37.5053209068343));
#7429=CARTESIAN_POINT('Ctrl Pts',(18.3206177382973,-8.39306363541884,37.988029269073));
#7430=CARTESIAN_POINT('Ctrl Pts',(18.6551291685298,-9.34142943099718,38.7418329711653));
#7431=CARTESIAN_POINT('Ctrl Pts',(18.7511513106771,-10.5897006838442,38.9999482178466));
#7432=CARTESIAN_POINT('Ctrl Pts',(18.7511517565505,-11.1242920754303,38.9999493603851));
#7433=CARTESIAN_POINT('Ctrl Pts',(18.2378329725535,-7.94538854502298,37.4278121977273));
#7434=CARTESIAN_POINT('Ctrl Pts',(18.5003935981218,-8.33391184761984,37.9365235643139));
#7435=CARTESIAN_POINT('Ctrl Pts',(18.8379662575964,-9.29899455590345,38.729683666018));
#7436=CARTESIAN_POINT('Ctrl Pts',(18.9353441127674,-10.5771031591282,38.9999481624444));
#7437=CARTESIAN_POINT('Ctrl Pts',(18.9353445642342,-11.124291872802,38.9999493603846));
#7438=CARTESIAN_POINT('',(18.0418099390896,-11.1242940620655,38.4489436517402));
#7439=CARTESIAN_POINT('',(18.9353445642342,-11.124291872802,38.9999493603846));
#7440=CARTESIAN_POINT('Origin',(18.9353445642342,-11.1242940620655,37.999949360387));
#7441=CARTESIAN_POINT('Ctrl Pts',(18.9353445642342,-11.124291872802,38.9999493603846));
#7442=CARTESIAN_POINT('Ctrl Pts',(18.9353441127674,-10.5771031591282,38.9999481624444));
#7443=CARTESIAN_POINT('Ctrl Pts',(18.8379662575964,-9.29899455590345,38.729683666018));
#7444=CARTESIAN_POINT('Ctrl Pts',(18.5003935981218,-8.33391184761984,37.9365235643139));
#7445=CARTESIAN_POINT('Ctrl Pts',(18.2378329725535,-7.94538854502298,37.4278121977273));
#7446=CARTESIAN_POINT('Ctrl Pts',(17.4140495065769,-8.74011656623121,37.3877510669465));
#7447=CARTESIAN_POINT('Ctrl Pts',(17.6503540695885,-9.03150904317893,37.7311312393925));
#7448=CARTESIAN_POINT('Ctrl Pts',(17.9541694631156,-9.75532107439157,38.2665143080427));
#7449=CARTESIAN_POINT('Ctrl Pts',(18.0418095327695,-10.7139025268102,38.4489428431305));
#7450=CARTESIAN_POINT('Ctrl Pts',(18.0418099390896,-11.1242940620655,38.4489436517402));
#7451=CARTESIAN_POINT('Ctrl Pts',(18.9353510278731,-17.0001932834081,38.999962224281));
#7452=CARTESIAN_POINT('Ctrl Pts',(18.9353488731899,-15.0415594798717,38.9999579363155));
#7453=CARTESIAN_POINT('Ctrl Pts',(18.9353467185066,-13.0829256763353,38.9999536483501));
#7454=CARTESIAN_POINT('Ctrl Pts',(18.9353445638234,-11.1242918727989,38.9999493603846));
#7455=CARTESIAN_POINT('Ctrl Pts',(18.7511579802482,-17.0001934860379,38.9999622242814));
#7456=CARTESIAN_POINT('Ctrl Pts',(18.7511559056953,-15.0415596825014,38.9999579354376));
#7457=CARTESIAN_POINT('Ctrl Pts',(18.7511538306956,-13.082925878965,38.9999536492289));
#7458=CARTESIAN_POINT('Ctrl Pts',(18.7511517561428,-11.1242920754285,38.9999493603851));
#7459=CARTESIAN_POINT('Ctrl Pts',(18.3832200866213,-17.0001941198937,38.8953201325707));
#7460=CARTESIAN_POINT('Ctrl Pts',(18.3832181707368,-15.0415603163568,38.8953159381633));
#7461=CARTESIAN_POINT('Ctrl Pts',(18.3832162553085,-13.08292651282,38.8953117432071));
#7462=CARTESIAN_POINT('Ctrl Pts',(18.383214339424,-11.1242927092831,38.8953075487996));
#7463=CARTESIAN_POINT('Ctrl Pts',(18.1245171462849,-17.0001950213863,38.6135382140856));
#7464=CARTESIAN_POINT('Ctrl Pts',(18.1245152509918,-15.041561217849,38.6135342434359));
#7465=CARTESIAN_POINT('Ctrl Pts',(18.1245133531395,-13.0829274143116,38.61353027377));
#7466=CARTESIAN_POINT('Ctrl Pts',(18.1245114578468,-11.1242936107743,38.61352630312));
#7467=CARTESIAN_POINT('Ctrl Pts',(18.041815756336,-17.0001954726812,38.4489552292612));
#7468=CARTESIAN_POINT('Ctrl Pts',(18.0418138171194,-15.0415616691437,38.4489513700932));
#7469=CARTESIAN_POINT('Ctrl Pts',(18.0418118779031,-13.0829278656061,38.448947510925));
#7470=CARTESIAN_POINT('Ctrl Pts',(18.041809938687,-11.1242940620686,38.4489436517567));
#7471=CARTESIAN_POINT('Ctrl Pts',(18.9353510278731,-17.0001932834081,38.999962224281));
#7472=CARTESIAN_POINT('Ctrl Pts',(18.9353488731899,-15.0415594798717,38.9999579363155));
#7473=CARTESIAN_POINT('Ctrl Pts',(18.9353467185066,-13.0829256763353,38.9999536483501));
#7474=CARTESIAN_POINT('Ctrl Pts',(18.9353445638234,-11.1242918727989,38.9999493603846));
#7475=CARTESIAN_POINT('Ctrl Pts',(18.041809938687,-11.1242940620686,38.4489436517567));
#7476=CARTESIAN_POINT('Ctrl Pts',(18.0418118779023,-13.0829271358476,38.4489475109236));
#7477=CARTESIAN_POINT('Ctrl Pts',(18.0418138171179,-15.0415602096267,38.4489513700903));
#7478=CARTESIAN_POINT('Ctrl Pts',(18.0418157563338,-17.0001932834058,38.4489552292569));
#7479=CARTESIAN_POINT('Origin',(9.99999831278815,-34.5002161609016,42.4898922739182));
#7480=CARTESIAN_POINT('',(1.41168294175347,-17.0001932834058,39.7990115467864));
#7481=CARTESIAN_POINT('Ctrl Pts',(-18.0418709537553,-11.1181310130898,38.4494280851984));
#7482=CARTESIAN_POINT('Ctrl Pts',(-18.0418713607261,-10.7076930077815,38.4494288938996));
#7483=CARTESIAN_POINT('Ctrl Pts',(-17.9540571665265,-9.74895866575378,38.2669191032285));
#7484=CARTESIAN_POINT('Ctrl Pts',(-17.6498079475501,-9.02528283840726,37.7315536121786));
#7485=CARTESIAN_POINT('Ctrl Pts',(-17.4132255832373,-8.73394835454465,37.3882448956817));
#7486=CARTESIAN_POINT('Ctrl Pts',(-18.1246259626566,-11.1181314642752,38.6138725148522));
#7487=CARTESIAN_POINT('Ctrl Pts',(-18.1246263804511,-10.6794861113398,38.6138733860673));
#7488=CARTESIAN_POINT('Ctrl Pts',(-18.0347807541791,-9.65501464022322,38.4168619212301));
#7489=CARTESIAN_POINT('Ctrl Pts',(-17.720515651638,-8.87839708250538,37.8427656647892));
#7490=CARTESIAN_POINT('Ctrl Pts',(-17.4746073275798,-8.5619388648207,37.4773169950656));
#7491=CARTESIAN_POINT('Ctrl Pts',(-18.3832214415734,-11.118132365754,38.895509548259));
#7492=CARTESIAN_POINT('Ctrl Pts',(-18.3832218768587,-10.6231879500764,38.895510558428));
#7493=CARTESIAN_POINT('Ctrl Pts',(-18.2896829563946,-9.46732151493489,38.666832805572));
#7494=CARTESIAN_POINT('Ctrl Pts',(-17.9608416300855,-8.58479881870803,38.0039468360582));
#7495=CARTESIAN_POINT('Ctrl Pts',(-17.7025166876802,-8.21843384616354,37.5826100872146));
#7496=CARTESIAN_POINT('Ctrl Pts',(-18.7510441362007,-11.118132999533,38.9999006667506));
#7497=CARTESIAN_POINT('Ctrl Pts',(-18.7510445827947,-10.5834932113602,38.9999018093655));
#7498=CARTESIAN_POINT('Ctrl Pts',(-18.654829672606,-9.33505048657864,38.7416841536456));
#7499=CARTESIAN_POINT('Ctrl Pts',(-18.3198390074005,-8.38686893804661,37.9879363418176));
#7500=CARTESIAN_POINT('Ctrl Pts',(-18.0584231446712,-7.99846590948904,37.5053461873284));
#7501=CARTESIAN_POINT('Ctrl Pts',(-18.9351374873641,-11.1181332023533,38.9999006667502));
#7502=CARTESIAN_POINT('Ctrl Pts',(-18.9351379395539,-10.5708825286089,38.9999018648261));
#7503=CARTESIAN_POINT('Ctrl Pts',(-18.8375666126654,-9.29257007257185,38.7295169897578));
#7504=CARTESIAN_POINT('Ctrl Pts',(-18.499511924914,-8.32766896944337,37.9363829289434));
#7505=CARTESIAN_POINT('Ctrl Pts',(-18.236642631233,-7.93922299095974,37.4277774230218));
#7506=CARTESIAN_POINT('',(-17.4132255832373,-8.73394835454465,37.3882448956817));
#7507=CARTESIAN_POINT('',(-18.236642631233,-7.93922299095979,37.4277774230218));
#7508=CARTESIAN_POINT('Origin',(-18.236642631233,-8.73394835454465,36.8208082339563));
#7509=CARTESIAN_POINT('Ctrl Pts',(-18.236642631233,-7.93922299095974,37.4277774230218));
#7510=CARTESIAN_POINT('Ctrl Pts',(-18.499511924914,-8.32766896944337,37.9363829289434));
#7511=CARTESIAN_POINT('Ctrl Pts',(-18.8375666126654,-9.29257007257185,38.7295169897578));
#7512=CARTESIAN_POINT('Ctrl Pts',(-18.9351379395539,-10.5708825286089,38.9999018648261));
#7513=CARTESIAN_POINT('Ctrl Pts',(-18.9351374873641,-11.1181332023533,38.9999006667502));
#7514=CARTESIAN_POINT('Ctrl Pts',(-18.0418709537553,-11.1181310130898,38.4494280851984));
#7515=CARTESIAN_POINT('Ctrl Pts',(-18.0418713607261,-10.7076930077815,38.4494288938996));
#7516=CARTESIAN_POINT('Ctrl Pts',(-17.9540571665265,-9.74895866575378,38.2669191032285));
#7517=CARTESIAN_POINT('Ctrl Pts',(-17.6498079475501,-9.02528283840726,37.7315536121786));
#7518=CARTESIAN_POINT('Ctrl Pts',(-17.4132255832373,-8.73394835454465,37.3882448956817));
#7519=CARTESIAN_POINT('Ctrl Pts',(-17.4132255832373,-8.73394835454466,37.3882448956817));
#7520=CARTESIAN_POINT('Ctrl Pts',(-16.882595462087,-8.08051481178532,36.6182384484307));
#7521=CARTESIAN_POINT('Ctrl Pts',(-15.6428631986854,-6.59130200077126,35.331533941907));
#7522=CARTESIAN_POINT('Ctrl Pts',(-13.8825512218129,-4.51521851165243,34.3080267558457));
#7523=CARTESIAN_POINT('Ctrl Pts',(-12.4011011820583,-2.77662021735823,33.7947218493456));
#7524=CARTESIAN_POINT('Ctrl Pts',(-11.4595846523658,-1.66507190121558,33.5995237711837));
#7525=CARTESIAN_POINT('Ctrl Pts',(-10.8031225837723,-0.879115295884893,
33.5276070195941));
#7526=CARTESIAN_POINT('Ctrl Pts',(-10.4947307774325,-0.473010892500146,
33.5078735298306));
#7527=CARTESIAN_POINT('Ctrl Pts',(-10.3317854523508,-0.223896122698386,
33.5009893663371));
#7528=CARTESIAN_POINT('Ctrl Pts',(-10.2392574085572,0.0839504345840614,
33.4981521804803));
#7529=CARTESIAN_POINT('Ctrl Pts',(-10.4511469110921,0.423923545386946,33.5049033284821));
#7530=CARTESIAN_POINT('Ctrl Pts',(-10.8003276679543,0.882541135058908,33.5277293401208));
#7531=CARTESIAN_POINT('Ctrl Pts',(-11.1787264803442,1.33486452084673,33.568649320728));
#7532=CARTESIAN_POINT('Ctrl Pts',(-11.5532376276454,1.7815026169581,33.6283221482425));
#7533=CARTESIAN_POINT('Ctrl Pts',(-11.8371965087374,2.11690642102051,33.6825657375381));
#7534=CARTESIAN_POINT('Ctrl Pts',(-12.119391511067,2.44972951107976,33.7461014473115));
#7535=CARTESIAN_POINT('Ctrl Pts',(-12.4940323932598,2.89053274705626,33.8431333737404));
#7536=CARTESIAN_POINT('Ctrl Pts',(-12.8645203421261,3.32595282465291,33.9584718003507));
#7537=CARTESIAN_POINT('Ctrl Pts',(-13.2310431560156,3.75669154672224,34.0924874631341));
#7538=CARTESIAN_POINT('Ctrl Pts',(-13.7770199610206,4.39847487136439,34.3124267406544));
#7539=CARTESIAN_POINT('Ctrl Pts',(-15.2992631567071,6.19079406735994,35.0753627913082));
#7540=CARTESIAN_POINT('Ctrl Pts',(-16.6173081678415,7.7595618882435,36.2332640327178));
#7541=CARTESIAN_POINT('Ctrl Pts',(-17.4132493089742,8.73970807559813,37.3882793246756));
#7542=CARTESIAN_POINT('Ctrl Pts',(-17.4746073275798,-8.56193886482072,37.4773169950656));
#7543=CARTESIAN_POINT('Ctrl Pts',(-16.954106701845,-7.92940288356942,36.7017384622849));
#7544=CARTESIAN_POINT('Ctrl Pts',(-15.7227778264846,-6.47931713866719,35.3910695172525));
#7545=CARTESIAN_POINT('Ctrl Pts',(-13.9471699455902,-4.44320012684578,34.3363448478325));
#7546=CARTESIAN_POINT('Ctrl Pts',(-12.4439709122439,-2.7337447800599,33.80562478674));
#7547=CARTESIAN_POINT('Ctrl Pts',(-11.4862787045035,-1.63964392603031,33.6033370162057));
#7548=CARTESIAN_POINT('Ctrl Pts',(-10.8179031997736,-0.865722493332307,
33.5287975380807));
#7549=CARTESIAN_POINT('Ctrl Pts',(-10.5038405167451,-0.465792893876718,
33.5083337931739));
#7550=CARTESIAN_POINT('Ctrl Pts',(-10.3378866054554,-0.220458858607236,
33.5011957664863));
#7551=CARTESIAN_POINT('Ctrl Pts',(-10.2436472566295,0.082719921225,33.4982535869005));
#7552=CARTESIAN_POINT('Ctrl Pts',(-10.4594547778292,0.417537281440836,33.5052556390651));
#7553=CARTESIAN_POINT('Ctrl Pts',(-10.8150548149135,0.869180346260048,33.5289249957098));
#7554=CARTESIAN_POINT('Ctrl Pts',(-11.2003173406757,1.31457862571311,33.5713514191701));
#7555=CARTESIAN_POINT('Ctrl Pts',(-11.5814387575594,1.75429064455113,33.6331947866022));
#7556=CARTESIAN_POINT('Ctrl Pts',(-11.8702995869461,2.08443906056902,33.6893938349516));
#7557=CARTESIAN_POINT('Ctrl Pts',(-12.1572309712985,2.41198159070618,33.7551969845724));
#7558=CARTESIAN_POINT('Ctrl Pts',(-12.5379549977152,2.8456909974587,33.8556465246027));
#7559=CARTESIAN_POINT('Ctrl Pts',(-12.9141050314052,3.27392762879292,33.9749713998186));
#7560=CARTESIAN_POINT('Ctrl Pts',(-13.2857968914651,3.69735004573763,34.1134745334182));
#7561=CARTESIAN_POINT('Ctrl Pts',(-13.8389723122555,4.327976660169,34.3406646421667));
#7562=CARTESIAN_POINT('Ctrl Pts',(-15.3777511413358,6.08740235906193,35.1269696295291));
#7563=CARTESIAN_POINT('Ctrl Pts',(-16.6938839451714,7.61889785332723,36.3139785568152));
#7564=CARTESIAN_POINT('Ctrl Pts',(-17.4746306114731,8.56769765377656,37.4773516685498));
#7565=CARTESIAN_POINT('Ctrl Pts',(-17.7025127202845,-8.21843001701044,37.5826157457478));
#7566=CARTESIAN_POINT('Ctrl Pts',(-17.1756660459151,-7.62719539592284,36.7980243170886));
#7567=CARTESIAN_POINT('Ctrl Pts',(-15.9185250645378,-6.25537368924119,35.4562131172842));
#7568=CARTESIAN_POINT('Ctrl Pts',(-14.0869405738076,-4.29909188100253,34.3668011223777));
#7569=CARTESIAN_POINT('Ctrl Pts',(-12.5320030034804,-2.64798204343476,33.8172218255649));
#7570=CARTESIAN_POINT('Ctrl Pts',(-11.5400564246552,-1.58877494469015,33.6074666251097));
#7571=CARTESIAN_POINT('Ctrl Pts',(-10.8475152465165,-0.838935313283282,
33.5301497665334));
#7572=CARTESIAN_POINT('Ctrl Pts',(-10.5220496779,-0.451355733109026,33.508922412274));
#7573=CARTESIAN_POINT('Ctrl Pts',(-10.3500660646575,-0.213583730583804,
33.5015180445703));
#7574=CARTESIAN_POINT('Ctrl Pts',(-10.252400851676,0.0802592640592829,33.4984660996514));
#7575=CARTESIAN_POINT('Ctrl Pts',(-10.4760534201528,0.404763782851817,33.5057308481856));
#7576=CARTESIAN_POINT('Ctrl Pts',(-10.8445622785958,0.842457551300297,33.5302829732008));
#7577=CARTESIAN_POINT('Ctrl Pts',(-11.2437631902875,1.27400014483187,33.5742982276235));
#7578=CARTESIAN_POINT('Ctrl Pts',(-11.6385898465686,1.69985915865829,33.6384264953589));
#7579=CARTESIAN_POINT('Ctrl Pts',(-11.937784514794,2.01949520964929,33.696692265455));
#7580=CARTESIAN_POINT('Ctrl Pts',(-12.2349158054111,2.33647573502524,33.7648977582108));
#7581=CARTESIAN_POINT('Ctrl Pts',(-12.6290761927609,2.75599788556519,33.8689785579318));
#7582=CARTESIAN_POINT('Ctrl Pts',(-13.0183030045311,3.16985665002799,33.9926059228213));
#7583=CARTESIAN_POINT('Ctrl Pts',(-13.4027262406204,3.57865337970151,34.1359375180725));
#7584=CARTESIAN_POINT('Ctrl Pts',(-13.9745344277109,4.18695059066783,34.3710584223865));
#7585=CARTESIAN_POINT('Ctrl Pts',(-15.5636280234935,5.88076693531991,35.1828167709738));
#7586=CARTESIAN_POINT('Ctrl Pts',(-16.9122708281983,7.3373392705939,36.4057586768597));
#7587=CARTESIAN_POINT('Ctrl Pts',(-17.702536272305,8.2241869525778,37.5826508301969));
#7588=CARTESIAN_POINT('Ctrl Pts',(-18.0584231446712,-7.99846590948908,37.5053461873285));
#7589=CARTESIAN_POINT('Ctrl Pts',(-17.4899176022129,-7.41405999007681,36.7239850778388));
#7590=CARTESIAN_POINT('Ctrl Pts',(-16.1525480647855,-6.06800238746752,35.4039659744823));
#7591=CARTESIAN_POINT('Ctrl Pts',(-14.2381195701974,-4.16584637201963,34.3421435507165));
#7592=CARTESIAN_POINT('Ctrl Pts',(-12.6224163207713,-2.5644631976615,33.8079316363084));
#7593=CARTESIAN_POINT('Ctrl Pts',(-11.5943492549761,-1.53836838335316,33.6043305944142));
#7594=CARTESIAN_POINT('Ctrl Pts',(-10.8772305802224,-0.812217370656789,
33.5293086454387));
#7595=CARTESIAN_POINT('Ctrl Pts',(-10.5403037634986,-0.436932840180622,
33.5087126625858));
#7596=CARTESIAN_POINT('Ctrl Pts',(-10.3622755410773,-0.2067091402815,33.5015285051703));
#7597=CARTESIAN_POINT('Ctrl Pts',(-10.261181173991,0.0778007090730791,33.498567319396));
#7598=CARTESIAN_POINT('Ctrl Pts',(-10.4926872068975,0.392000839606295,33.5056145942881));
#7599=CARTESIAN_POINT('Ctrl Pts',(-10.8741759455134,0.815810987090597,33.5294369500139));
#7600=CARTESIAN_POINT('Ctrl Pts',(-11.2875391037339,1.2337158013048,33.5721378056597));
#7601=CARTESIAN_POINT('Ctrl Pts',(-11.6965638525784,1.64618971729923,33.634382415531));
#7602=CARTESIAN_POINT('Ctrl Pts',(-12.0066356394393,1.95583110109651,33.6909468222575));
#7603=CARTESIAN_POINT('Ctrl Pts',(-12.3147129762959,2.26295994121207,33.7571788002135));
#7604=CARTESIAN_POINT('Ctrl Pts',(-12.7236112963326,2.6695353877807,33.8582848675041));
#7605=CARTESIAN_POINT('Ctrl Pts',(-13.1277925848928,3.07080786983057,33.9783926391046));
#7606=CARTESIAN_POINT('Ctrl Pts',(-13.5274296076275,3.46734997677393,34.1178107944007));
#7607=CARTESIAN_POINT('Ctrl Pts',(-14.1224649564725,4.05770466313643,34.3465068136778));
#7608=CARTESIAN_POINT('Ctrl Pts',(-15.779688881448,5.70299229824509,35.1380890382778));
#7609=CARTESIAN_POINT('Ctrl Pts',(-17.2056947718184,7.12761765253307,36.3333340936099));
#7610=CARTESIAN_POINT('Ctrl Pts',(-18.0584485662574,8.00422255491649,37.5053811188227));
#7611=CARTESIAN_POINT('Ctrl Pts',(-18.236642631233,-7.93922299095978,37.4277774230218));
#7612=CARTESIAN_POINT('Ctrl Pts',(-17.6470536077327,-7.34522761790624,36.6500391171542));
#7613=CARTESIAN_POINT('Ctrl Pts',(-16.2695733150642,-5.99147783105128,35.3504144365704));
#7614=CARTESIAN_POINT('Ctrl Pts',(-14.3136711185392,-4.10424078870133,34.3166299172687));
#7615=CARTESIAN_POINT('Ctrl Pts',(-12.6676155188119,-2.52379032996228,33.7981707669587));
#7616=CARTESIAN_POINT('Ctrl Pts',(-11.6214860413758,-1.5133516035908,33.60101264814));
#7617=CARTESIAN_POINT('Ctrl Pts',(-10.8920837429386,-0.798887841880888,
33.5283737595379));
#7618=CARTESIAN_POINT('Ctrl Pts',(-10.5494261803388,-0.429723847684097,
33.5084421200661));
#7619=CARTESIAN_POINT('Ctrl Pts',(-10.3683758191368,-0.203269264412063,
33.5014888306854));
#7620=CARTESIAN_POINT('Ctrl Pts',(-10.2655668815885,0.0765746962515453,
33.4986231558205));
#7621=CARTESIAN_POINT('Ctrl Pts',(-10.5009996621827,0.385622887941785,33.5054420940623));
#7622=CARTESIAN_POINT('Ctrl Pts',(-10.8889782809186,0.802523319951641,33.5284973083205));
#7623=CARTESIAN_POINT('Ctrl Pts',(-11.3094214057962,1.21370208672766,33.5698281783505));
#7624=CARTESIAN_POINT('Ctrl Pts',(-11.7255449027975,1.61971271391288,33.630100198076));
#7625=CARTESIAN_POINT('Ctrl Pts',(-12.0410547706775,1.92460723597293,33.6848884630231));
#7626=CARTESIAN_POINT('Ctrl Pts',(-12.354604773266,2.22715579310046,33.7490621533314));
#7627=CARTESIAN_POINT('Ctrl Pts',(-12.7708724201469,2.62786231558991,33.8470684055456));
#7628=CARTESIAN_POINT('Ctrl Pts',(-13.182525696665,3.0236753470649,33.9635649788322));
#7629=CARTESIAN_POINT('Ctrl Pts',(-13.5897732676533,3.41523285239853,34.0989263318507));
#7630=CARTESIAN_POINT('Ctrl Pts',(-14.1964141621033,3.99863774424189,34.3210740836041));
#7631=CARTESIAN_POINT('Ctrl Pts',(-15.8877954906438,5.62792249898616,35.0916709969665));
#7632=CARTESIAN_POINT('Ctrl Pts',(-17.3522899474599,7.0539907462101,36.2611990614017));
#7633=CARTESIAN_POINT('Ctrl Pts',(-18.2366689931629,7.94498005438992,37.4278121977273));
#7634=CARTESIAN_POINT('',(-17.4132493089742,8.73970807559813,37.3882793246756));
#7635=CARTESIAN_POINT('',(-18.2366689931629,7.94498005438996,37.4278121977274));
#7636=CARTESIAN_POINT('Origin',(-18.2366689931629,8.73970807559813,36.820846488394));
#7637=CARTESIAN_POINT('Ctrl Pts',(-18.2366689931629,7.94498005438992,37.4278121977273));
#7638=CARTESIAN_POINT('Ctrl Pts',(-17.3522899474599,7.0539907462101,36.2611990614017));
#7639=CARTESIAN_POINT('Ctrl Pts',(-15.8877954906438,5.62792249898616,35.0916709969665));
#7640=CARTESIAN_POINT('Ctrl Pts',(-14.1964141621033,3.99863774424189,34.3210740836041));
#7641=CARTESIAN_POINT('Ctrl Pts',(-13.5897732676533,3.41523285239853,34.0989263318507));
#7642=CARTESIAN_POINT('Ctrl Pts',(-13.182525696665,3.0236753470649,33.9635649788322));
#7643=CARTESIAN_POINT('Ctrl Pts',(-12.7708724201469,2.62786231558991,33.8470684055456));
#7644=CARTESIAN_POINT('Ctrl Pts',(-12.354604773266,2.22715579310046,33.7490621533314));
#7645=CARTESIAN_POINT('Ctrl Pts',(-12.0410547706775,1.92460723597293,33.6848884630231));
#7646=CARTESIAN_POINT('Ctrl Pts',(-11.7255449027975,1.61971271391288,33.630100198076));
#7647=CARTESIAN_POINT('Ctrl Pts',(-11.3094214057962,1.21370208672766,33.5698281783505));
#7648=CARTESIAN_POINT('Ctrl Pts',(-10.8889782809186,0.802523319951641,33.5284973083205));
#7649=CARTESIAN_POINT('Ctrl Pts',(-10.5009996621827,0.385622887941785,33.5054420940623));
#7650=CARTESIAN_POINT('Ctrl Pts',(-10.2655668815885,0.0765746962515453,
33.4986231558205));
#7651=CARTESIAN_POINT('Ctrl Pts',(-10.3683758191368,-0.203269264412063,
33.5014888306854));
#7652=CARTESIAN_POINT('Ctrl Pts',(-10.5494261803388,-0.429723847684097,
33.5084421200661));
#7653=CARTESIAN_POINT('Ctrl Pts',(-10.8920837429386,-0.798887841880888,
33.5283737595379));
#7654=CARTESIAN_POINT('Ctrl Pts',(-11.6214860413758,-1.5133516035908,33.60101264814));
#7655=CARTESIAN_POINT('Ctrl Pts',(-12.6676155188119,-2.52379032996228,33.7981707669587));
#7656=CARTESIAN_POINT('Ctrl Pts',(-14.3136711185392,-4.10424078870133,34.3166299172687));
#7657=CARTESIAN_POINT('Ctrl Pts',(-16.2695733150642,-5.99147783105128,35.3504144365704));
#7658=CARTESIAN_POINT('Ctrl Pts',(-17.6470536077327,-7.34522761790624,36.6500391171542));
#7659=CARTESIAN_POINT('Ctrl Pts',(-18.236642631233,-7.93922299095978,37.4277774230218));
#7660=CARTESIAN_POINT('Ctrl Pts',(-17.4132255832373,-8.73394835454466,37.3882448956817));
#7661=CARTESIAN_POINT('Ctrl Pts',(-16.882595462087,-8.08051481178532,36.6182384484307));
#7662=CARTESIAN_POINT('Ctrl Pts',(-15.6428631986854,-6.59130200077126,35.331533941907));
#7663=CARTESIAN_POINT('Ctrl Pts',(-13.8825512218129,-4.51521851165243,34.3080267558457));
#7664=CARTESIAN_POINT('Ctrl Pts',(-12.4011011820583,-2.77662021735823,33.7947218493456));
#7665=CARTESIAN_POINT('Ctrl Pts',(-11.4595846523658,-1.66507190121558,33.5995237711837));
#7666=CARTESIAN_POINT('Ctrl Pts',(-10.8031225837723,-0.879115295884893,
33.5276070195941));
#7667=CARTESIAN_POINT('Ctrl Pts',(-10.4947307774325,-0.473010892500146,
33.5078735298306));
#7668=CARTESIAN_POINT('Ctrl Pts',(-10.3317854523508,-0.223896122698386,
33.5009893663371));
#7669=CARTESIAN_POINT('Ctrl Pts',(-10.2392574085572,0.0839504345840614,
33.4981521804803));
#7670=CARTESIAN_POINT('Ctrl Pts',(-10.4511469110921,0.423923545386946,33.5049033284821));
#7671=CARTESIAN_POINT('Ctrl Pts',(-10.8003276679543,0.882541135058908,33.5277293401208));
#7672=CARTESIAN_POINT('Ctrl Pts',(-11.1787264803442,1.33486452084673,33.568649320728));
#7673=CARTESIAN_POINT('Ctrl Pts',(-11.5532376276454,1.7815026169581,33.6283221482425));
#7674=CARTESIAN_POINT('Ctrl Pts',(-11.8371965087374,2.11690642102051,33.6825657375381));
#7675=CARTESIAN_POINT('Ctrl Pts',(-12.119391511067,2.44972951107976,33.7461014473115));
#7676=CARTESIAN_POINT('Ctrl Pts',(-12.4940323932598,2.89053274705626,33.8431333737404));
#7677=CARTESIAN_POINT('Ctrl Pts',(-12.8645203421261,3.32595282465291,33.9584718003507));
#7678=CARTESIAN_POINT('Ctrl Pts',(-13.2310431560156,3.75669154672224,34.0924874631341));
#7679=CARTESIAN_POINT('Ctrl Pts',(-13.7770199610206,4.39847487136439,34.3124267406544));
#7680=CARTESIAN_POINT('Ctrl Pts',(-15.2992631567071,6.19079406735994,35.0753627913082));
#7681=CARTESIAN_POINT('Ctrl Pts',(-16.6173081678415,7.7595618882435,36.2332640327178));
#7682=CARTESIAN_POINT('Ctrl Pts',(-17.4132493089742,8.73970807559813,37.3882793246756));
#7683=CARTESIAN_POINT('Ctrl Pts',(-17.4132493089743,8.73970807559815,37.3882793246757));
#7684=CARTESIAN_POINT('Ctrl Pts',(-17.5906845714623,8.95820726736307,37.6457612299515));
#7685=CARTESIAN_POINT('Ctrl Pts',(-17.9235548335166,9.62359139767469,38.2009778924508));
#7686=CARTESIAN_POINT('Ctrl Pts',(-18.0418924651117,10.5766367790413,38.4494708312048));
#7687=CARTESIAN_POINT('Ctrl Pts',(-18.0418930077302,11.1238855714324,38.4494719094694));
#7688=CARTESIAN_POINT('Ctrl Pts',(-17.4746306114732,8.56769765377657,37.4773516685498));
#7689=CARTESIAN_POINT('Ctrl Pts',(-17.6590603240611,8.80503956631042,37.7514386391813));
#7690=CARTESIAN_POINT('Ctrl Pts',(-18.0036011361652,9.52077256928359,38.3456237978026));
#7691=CARTESIAN_POINT('Ctrl Pts',(-18.1246469715692,10.5390265775569,38.6139164401783));
#7692=CARTESIAN_POINT('Ctrl Pts',(-18.1246475286188,11.123885120246,38.6139176017949));
#7693=CARTESIAN_POINT('Ctrl Pts',(-17.7025402437519,8.22419078564153,37.5826451659391));
#7694=CARTESIAN_POINT('Ctrl Pts',(-17.8962823767998,8.4989626024561,37.8986483812952));
#7695=CARTESIAN_POINT('Ctrl Pts',(-18.2572047657757,9.31519764196353,38.5843502247536));
#7696=CARTESIAN_POINT('Ctrl Pts',(-18.383242652142,10.4639603550889,38.8955558327606));
#7697=CARTESIAN_POINT('Ctrl Pts',(-18.3832432325123,11.1238842187653,38.895557179649));
#7698=CARTESIAN_POINT('Ctrl Pts',(-18.0584485662574,8.00422255491648,37.5053811188228));
#7699=CARTESIAN_POINT('Ctrl Pts',(-18.254508820152,8.2955227052357,37.8673243696118));
#7700=CARTESIAN_POINT('Ctrl Pts',(-18.6214253113977,9.17033256658115,38.6485437992508));
#7701=CARTESIAN_POINT('Ctrl Pts',(-18.7510671366386,10.4110328369842,38.9999478369032));
#7702=CARTESIAN_POINT('Ctrl Pts',(-18.7510677320872,11.1238835849874,38.9999493603851));
#7703=CARTESIAN_POINT('Ctrl Pts',(-18.2366689931629,7.94498005438991,37.4278121977273));
#7704=CARTESIAN_POINT('Ctrl Pts',(-18.4338192848164,8.23631231007646,37.80926687221));
#7705=CARTESIAN_POINT('Ctrl Pts',(-18.8036751315433,9.12349115049197,38.6318100759127));
#7706=CARTESIAN_POINT('Ctrl Pts',(-18.9351613888712,10.3942183256476,38.9999477629556));
#7707=CARTESIAN_POINT('Ctrl Pts',(-18.9351619917806,11.123883382169,38.9999493603846));
#7708=CARTESIAN_POINT('',(-18.0418930077302,11.1238855714324,38.4494719094694));
#7709=CARTESIAN_POINT('',(-18.9351619917806,11.123883382169,38.9999493603846));
#7710=CARTESIAN_POINT('Origin',(-18.9351619917806,11.1238855714324,37.999949360387));
#7711=CARTESIAN_POINT('Ctrl Pts',(-18.9351619917806,11.123883382169,38.9999493603846));
#7712=CARTESIAN_POINT('Ctrl Pts',(-18.9351613888712,10.3942183256476,38.9999477629556));
#7713=CARTESIAN_POINT('Ctrl Pts',(-18.8036751315433,9.12349115049197,38.6318100759127));
#7714=CARTESIAN_POINT('Ctrl Pts',(-18.4338192848164,8.23631231007646,37.80926687221));
#7715=CARTESIAN_POINT('Ctrl Pts',(-18.2366689931629,7.94498005438991,37.4278121977273));
#7716=CARTESIAN_POINT('Ctrl Pts',(-17.4132493089743,8.73970807559815,37.3882793246757));
#7717=CARTESIAN_POINT('Ctrl Pts',(-17.5906845714623,8.95820726736307,37.6457612299515));
#7718=CARTESIAN_POINT('Ctrl Pts',(-17.9235548335166,9.62359139767469,38.2009778924508));
#7719=CARTESIAN_POINT('Ctrl Pts',(-18.0418924651117,10.5766367790413,38.4494708312048));
#7720=CARTESIAN_POINT('Ctrl Pts',(-18.0418930077302,11.1238855714324,38.4494719094694));
#7721=CARTESIAN_POINT('Origin',(-10.0024721512761,34.4998076702686,42.4951748512103));
#7722=CARTESIAN_POINT('Ctrl Pts',(-18.0418930076545,11.1238855714294,38.4494719093191));
#7723=CARTESIAN_POINT('Ctrl Pts',(-18.0418949497179,13.0825186452073,38.4494757684913));
#7724=CARTESIAN_POINT('Ctrl Pts',(-18.0418968917785,15.0411517189852,38.449479627665));
#7725=CARTESIAN_POINT('Ctrl Pts',(-18.0418988338363,16.9997847927631,38.4494834868401));
#7726=CARTESIAN_POINT('',(-1.41564784335931,-17.0001932834058,39.7995398045157));
#7727=CARTESIAN_POINT('Origin',(18.9999996389915,-0.00327374286820525,43.4935242600348));
#7728=CARTESIAN_POINT('Origin',(18.9999996389915,-0.00327374286820525,43.4935242600348));
#7729=CARTESIAN_POINT('Origin',(-19.00000179152,34.4997847927727,38.9998494772602));
#7730=CARTESIAN_POINT('',(-19.00000179152,-11.124291872802,38.9999493603846));
#7731=CARTESIAN_POINT('Origin',(-19.00000179152,-11.1243006298559,34.9999493603942));
#7732=CARTESIAN_POINT('',(-19.00000179152,-7.94538854502303,37.4278121977274));
#7733=CARTESIAN_POINT('Origin',(-19.00000179152,-0.00327374286818838,43.4935242600348));
#7734=CARTESIAN_POINT('',(-19.00000179152,7.93881450032682,37.4277774230219));
#7735=CARTESIAN_POINT('Origin',(-19.00000179152,11.1177159546664,34.9999006667598));
#7736=CARTESIAN_POINT('',(-19.00000179152,11.1177247117202,38.9999006667502));
#7737=CARTESIAN_POINT('Origin',(-19.000001877312,-11.1181244452994,34.9999006667598));
#7738=CARTESIAN_POINT('',(-19.0000018618951,-7.93922299095985,37.4277774230219));
#7739=CARTESIAN_POINT('Origin',(-19.0000018657493,-8.73394835454473,36.8208082339564));
#7740=CARTESIAN_POINT('Origin',(-19.000001877312,-11.1181244452994,34.9999006667598));
#7741=CARTESIAN_POINT('Origin',(-19.0000018233778,0.00286525223515799,43.4935242600348));
#7742=CARTESIAN_POINT('',(-19.0000018618949,7.94498005438999,37.4278121977274));
#7743=CARTESIAN_POINT('Origin',(-19.0000018657491,8.73970807559821,36.8208464883941));
#7744=CARTESIAN_POINT('Origin',(-19.0000018233778,0.00286525223515799,43.4935242600348));
#7745=CARTESIAN_POINT('Origin',(-19.0000018773117,11.1238921392229,34.9999493603942));
#7746=CARTESIAN_POINT('',(-19.0000018519119,11.123883382169,38.9999493603846));
#7747=CARTESIAN_POINT('Origin',(-19.0000018582618,11.1238855714324,37.999949360387));
#7748=CARTESIAN_POINT('Origin',(-19.0000018773117,11.1238921392229,34.9999493603942));
#7749=CARTESIAN_POINT('Origin',(-19.0000017915868,11.1238921392229,34.9999493603942));
#7750=CARTESIAN_POINT('',(-19.0000017915868,11.123883382169,38.9999493603846));
#7751=CARTESIAN_POINT('',(-19.0000017915868,7.94498005438999,37.4278121977274));
#7752=CARTESIAN_POINT('Origin',(-19.0000017915868,0.00286525223515799,43.4935242600348));
#7753=CARTESIAN_POINT('',(-19.0000017915868,-7.93922299095985,37.4277774230219));
#7754=CARTESIAN_POINT('Origin',(-19.0000017915868,-11.1181244452994,34.9999006667598));
#7755=CARTESIAN_POINT('Origin',(-0.461556253590769,34.4998076702686,39.5000247993274));
#7756=CARTESIAN_POINT('',(-0.461556253590769,-17.0001932834058,40.5000247993274));
#7757=CARTESIAN_POINT('Origin',(0.457425678305169,-34.5002161609016,39.5000247993274));
#7758=CARTESIAN_POINT('',(0.457425678305177,-17.0001932834058,40.5000247993274));
#7759=CARTESIAN_POINT('Origin',(0.999998923668937,-34.5001932834057,40.5000247993274));
#7760=CARTESIAN_POINT('Origin',(22.99999820848,-34.5002161609016,39.0000005364418));
#7761=CARTESIAN_POINT('',(18.9999996389915,2.4997958093654,38.9999195336671));
#7762=CARTESIAN_POINT('Origin',(18.9999996389915,2.49979362010193,37.9999195336695));
#7763=CARTESIAN_POINT('Origin',(-19.0000018582619,2.49981978171042,37.9999304800348));
#7764=CARTESIAN_POINT('',(-19.0000018582619,2.49981759244695,38.9999304800324));
#7765=CARTESIAN_POINT('Origin',(-19.0000017915868,-34.5001932834057,38.9998494772602));
#7766=CARTESIAN_POINT('',(-18.9351508374867,0.999794505834125,38.9999271960867));
#7767=CARTESIAN_POINT('Ctrl Pts',(-18.0418930076545,11.1238855714294,38.4494719093191));
#7768=CARTESIAN_POINT('Ctrl Pts',(-18.0418949497186,13.082519374965,38.4494757684928));
#7769=CARTESIAN_POINT('Ctrl Pts',(-18.0418968917799,15.0411531785006,38.4494796276679));
#7770=CARTESIAN_POINT('Ctrl Pts',(-18.0418988338384,16.9997869820362,38.4494834868444));
#7771=CARTESIAN_POINT('Ctrl Pts',(-18.1246475285141,11.1238851202424,38.6139176015791));
#7772=CARTESIAN_POINT('Ctrl Pts',(-18.1246494267525,13.0825189237778,38.6139215722739));
#7773=CARTESIAN_POINT('Ctrl Pts',(-18.1246513275435,15.0411527273132,38.6139255419862));
#7774=CARTESIAN_POINT('Ctrl Pts',(-18.1246532257766,16.9997865308486,38.6139295126849));
#7775=CARTESIAN_POINT('Ctrl Pts',(-18.3833261880219,11.1238842189639,38.8954225656972));
#7776=CARTESIAN_POINT('Ctrl Pts',(-18.3833281070026,13.0825180224989,38.8954267601432));
#7777=CARTESIAN_POINT('Ctrl Pts',(-18.3833300255261,15.0411518260339,38.8954309551403));
#7778=CARTESIAN_POINT('Ctrl Pts',(-18.383331944503,16.999785629569,38.8954351495923));
#7779=CARTESIAN_POINT('Ctrl Pts',(-18.7510677317428,11.1238835849819,38.9999493600136));
#7780=CARTESIAN_POINT('Ctrl Pts',(-18.7510698094463,13.0825173885169,38.9999536488681));
#7781=CARTESIAN_POINT('Ctrl Pts',(-18.7510718875952,15.0411511920519,38.9999579350945));
#7782=CARTESIAN_POINT('Ctrl Pts',(-18.7510739652975,16.9997849955868,38.999962223956));
#7783=CARTESIAN_POINT('Ctrl Pts',(-18.9351619913647,11.1238833821632,38.9999493600131));
#7784=CARTESIAN_POINT('Ctrl Pts',(-18.9351641492243,13.0825171856983,38.9999536479905));
#7785=CARTESIAN_POINT('Ctrl Pts',(-18.9351663070839,15.0411509892333,38.9999579359713));
#7786=CARTESIAN_POINT('Ctrl Pts',(-18.9351684649436,16.9997847927684,38.9999622239555));
#7787=UNCERTAINTY_MEASURE_WITH_UNIT(LENGTH_MEASURE(0.01),#7791,
'DISTANCE_ACCURACY_VALUE',
'Maximum model space distance between geometric entities at asserted c
onnectivities');
#7788=UNCERTAINTY_MEASURE_WITH_UNIT(LENGTH_MEASURE(0.01),#7791,
'DISTANCE_ACCURACY_VALUE',
'Maximum model space distance between geometric entities at asserted c
onnectivities');
#7789=(
GEOMETRIC_REPRESENTATION_CONTEXT(3)
GLOBAL_UNCERTAINTY_ASSIGNED_CONTEXT((#7787))
GLOBAL_UNIT_ASSIGNED_CONTEXT((#7791,#7793,#7794))
REPRESENTATION_CONTEXT('','3D')
);
#7790=(
GEOMETRIC_REPRESENTATION_CONTEXT(3)
GLOBAL_UNCERTAINTY_ASSIGNED_CONTEXT((#7788))
GLOBAL_UNIT_ASSIGNED_CONTEXT((#7791,#7793,#7794))
REPRESENTATION_CONTEXT('','3D')
);
#7791=(
LENGTH_UNIT()
NAMED_UNIT(*)
SI_UNIT(.MILLI.,.METRE.)
);
#7792=(
LENGTH_UNIT()
NAMED_UNIT(*)
SI_UNIT($,.METRE.)
);
#7793=(
NAMED_UNIT(*)
PLANE_ANGLE_UNIT()
SI_UNIT($,.RADIAN.)
);
#7794=(
NAMED_UNIT(*)
SI_UNIT($,.STERADIAN.)
SOLID_ANGLE_UNIT()
);
#7795=SHAPE_DEFINITION_REPRESENTATION(#7796,#7797);
#7796=PRODUCT_DEFINITION_SHAPE('',$,#7799);
#7797=SHAPE_REPRESENTATION('',(#4205),#7789);
#7798=PRODUCT_DEFINITION_CONTEXT('part definition',#7803,'design');
#7799=PRODUCT_DEFINITION('(Unsaved)','(Unsaved)',#7800,#7798);
#7800=PRODUCT_DEFINITION_FORMATION('',$,#7805);
#7801=PRODUCT_RELATED_PRODUCT_CATEGORY('(Unsaved)','(Unsaved)',(#7805));
#7802=APPLICATION_PROTOCOL_DEFINITION('international standard',
'automotive_design',2009,#7803);
#7803=APPLICATION_CONTEXT(
'Core Data for Automotive Mechanical Design Process');
#7804=PRODUCT_CONTEXT('part definition',#7803,'mechanical');
#7805=PRODUCT('(Unsaved)','(Unsaved)',$,(#7804));
#7806=PRESENTATION_STYLE_ASSIGNMENT((#7807));
#7807=SURFACE_STYLE_USAGE(.BOTH.,#7808);
#7808=SURFACE_SIDE_STYLE('',(#7809));
#7809=SURFACE_STYLE_FILL_AREA(#7810);
#7810=FILL_AREA_STYLE('Steel - Satin',(#7811));
#7811=FILL_AREA_STYLE_COLOUR('Steel - Satin',#7812);
#7812=COLOUR_RGB('Steel - Satin',0.627450980392157,0.627450980392157,0.627450980392157);
ENDSEC;
END-ISO-10303-21;
